Type,Air temperature [K],Process temperature [K],Rotational speed [rpm],Torque [Nm],Tool wear [min],Machine failure,TWF,HDF,PWF,OSF,RNF,Temperature_Difference,Power
M,298.1,308.6,1551,42.8,0,0,0,0,0,0,0,10.5,66382.79999999999
L,298.2,308.7,1408,46.3,3,0,0,0,0,0,0,10.5,65190.399999999994
L,298.1,308.5,1498,49.4,5,0,0,0,0,0,0,10.399999999999977,74001.2
L,298.2,308.6,1433,39.5,7,0,0,0,0,0,0,10.400000000000034,56603.5
L,298.2,308.7,1408,40,9,0,0,0,0,0,0,10.5,56320
M,298.1,308.6,1425,41.9,11,0,0,0,0,0,0,10.5,59707.5
L,298.1,308.6,1558,42.4,14,0,0,0,0,0,0,10.5,66059.2
L,298.1,308.6,1527,40.2,16,0,0,0,0,0,0,10.5,61385.4
M,298.3,308.7,1667,28.6,18,0,0,0,0,0,0,10.399999999999977,47676.200000000004
M,298.5,309,1741,28,21,0,0,0,0,0,0,10.5,48748
H,298.4,308.9,1782,23.9,24,0,0,0,0,0,0,10.5,42589.799999999996
H,298.6,309.1,1423,44.3,29,0,0,0,0,0,0,10.5,63038.899999999994
M,298.6,309.1,1339,51.1,34,0,0,0,0,0,0,10.5,68422.90000000001
M,298.6,309.2,1742,30,37,0,0,0,0,0,0,10.599999999999966,52260
L,298.6,309.2,2035,19.6,40,0,0,0,0,0,0,10.599999999999966,39886
L,298.6,309.2,1542,48.4,42,0,0,0,0,0,0,10.599999999999966,74632.8
M,298.6,309.2,1311,46.6,44,0,0,0,0,0,0,10.599999999999966,61092.6
M,298.7,309.2,1410,45.6,47,0,0,0,0,0,0,10.5,64296
H,298.8,309.2,1306,54.5,50,0,0,0,0,0,0,10.399999999999977,71177
M,298.9,309.3,1632,32.5,55,0,0,0,0,0,0,10.400000000000034,53040
H,298.9,309.3,1375,42.7,58,0,0,0,0,0,0,10.400000000000034,58712.50000000001
L,298.8,309.3,1450,44.8,63,0,0,0,0,0,0,10.5,64959.99999999999
M,298.9,309.3,1581,30.7,65,0,0,0,0,0,0,10.400000000000034,48536.7
L,299,309.4,1758,25.7,68,0,0,0,0,0,0,10.399999999999977,45180.6
M,299,309.4,1561,37.3,70,0,0,0,0,0,0,10.399999999999977,58225.299999999996
L,299,309.5,1861,23.3,73,0,0,0,0,0,0,10.5,43361.3
L,299.1,309.5,1512,39,75,0,0,0,0,0,0,10.399999999999977,58968
H,299.1,309.4,1811,24.6,77,0,0,0,0,0,0,10.299999999999955,44550.600000000006
L,299.1,309.4,1439,44.2,82,0,0,0,0,0,0,10.299999999999955,63603.8
L,299,309.4,1693,30.1,84,0,0,0,0,0,0,10.399999999999977,50959.3
M,299.1,309.5,1339,48.2,86,0,0,0,0,0,0,10.399999999999977,64539.8
L,299,309.4,1798,25.5,89,0,0,0,0,0,0,10.399999999999977,45849
L,299,309.4,1419,48.3,91,0,0,0,0,0,0,10.399999999999977,68537.7
L,298.9,309.3,1665,32.5,93,0,0,0,0,0,0,10.400000000000034,54112.5
M,298.8,309.1,1559,34.7,95,0,0,0,0,0,0,10.300000000000011,54097.3
M,298.8,309.2,1452,48.6,98,0,0,0,0,0,0,10.399999999999977,70567.2
M,298.9,309.2,1581,36.7,101,0,0,0,0,0,0,10.300000000000011,58022.700000000004
L,298.8,309.1,1439,39.2,104,0,0,0,0,0,0,10.300000000000011,56408.8
H,298.9,309.2,1379,50.7,106,0,0,0,0,0,0,10.300000000000011,69915.3
L,298.8,309.1,1350,52.5,111,0,0,0,0,0,0,10.300000000000011,70875
L,298.8,309.1,1362,45.4,113,0,0,0,0,0,0,10.300000000000011,61834.799999999996
L,298.8,309.1,1368,50.8,115,0,0,0,0,0,0,10.300000000000011,69494.4
M,298.8,309.1,1368,49.1,117,0,0,0,0,0,0,10.300000000000011,67168.8
H,298.8,309.2,1372,48.5,120,0,0,0,0,0,0,10.399999999999977,66542
M,298.8,309.1,1472,47.5,125,0,0,0,0,0,0,10.300000000000011,69920
L,298.8,309.1,1489,49.1,128,0,0,0,0,0,0,10.300000000000011,73109.90000000001
M,298.7,309,1843,25.8,130,0,0,0,0,0,0,10.300000000000011,47549.4
L,298.8,309.1,1418,46.3,133,0,0,0,0,0,0,10.300000000000011,65653.4
H,298.8,309.2,1425,53.9,135,0,0,0,0,0,0,10.399999999999977,76807.5
M,298.9,309.2,1412,44.1,140,0,0,0,0,0,0,10.300000000000011,62269.200000000004
L,298.9,309.1,2861,4.6,143,1,0,0,1,0,0,10.200000000000045,13160.599999999999
L,298.9,309.1,1383,54.9,145,0,0,0,0,0,0,10.200000000000045,75926.7
H,298.8,309,1497,43.8,147,0,0,0,0,0,0,10.199999999999989,65568.59999999999
L,298.7,309,1565,35.1,152,0,0,0,0,0,0,10.300000000000011,54931.5
L,298.7,309,1691,30.1,154,0,0,0,0,0,0,10.300000000000011,50899.100000000006
L,298.8,309.1,1512,40.7,156,0,0,0,0,0,0,10.300000000000011,61538.4
L,298.8,309.1,1477,42.4,158,0,0,0,0,0,0,10.300000000000011,62624.799999999996
L,298.8,309.1,1513,40.3,160,0,0,0,0,0,0,10.300000000000011,60973.899999999994
M,298.8,309,1661,29.5,162,0,0,0,0,0,0,10.199999999999989,48999.5
L,298.8,309.1,1378,54.4,165,0,0,0,0,0,0,10.300000000000011,74963.2
L,298.8,309.1,1393,52.6,167,0,0,0,0,0,0,10.300000000000011,73271.8
M,298.8,309,1592,38.2,169,0,0,0,0,0,0,10.199999999999989,60814.4
L,298.8,309,1829,22.9,172,0,0,0,0,0,0,10.199999999999989,41884.1
M,298.9,309,1812,25.9,174,0,0,0,0,0,0,10.100000000000023,46930.799999999996
L,299,309.1,1523,38.6,177,0,0,0,0,0,0,10.100000000000023,58787.8
L,299,309.1,1394,45.1,179,0,0,0,0,0,0,10.100000000000023,62869.4
M,298.9,308.9,1679,28.7,181,0,0,0,0,0,0,10,48187.299999999996
H,298.8,308.9,1466,44.1,184,0,0,0,0,0,0,10.099999999999966,64650.6
L,298.8,308.9,1527,32.4,189,0,0,0,0,0,0,10.099999999999966,49474.799999999996
L,298.9,309,1410,65.7,191,1,0,0,1,1,0,10.100000000000023,92637
M,298.9,309,1924,22.6,193,0,0,0,0,0,0,10.100000000000023,43482.4
L,298.9,309.1,1452,45.5,196,0,0,0,0,0,0,10.200000000000045,66066
L,298.9,309.1,1369,44.4,198,0,0,0,0,0,0,10.200000000000045,60783.6
L,299,309.1,1592,35,200,0,0,0,0,0,0,10.100000000000023,55720
L,298.9,309,1601,32.3,202,0,0,0,0,0,0,10.100000000000023,51712.299999999996
L,298.8,308.9,1379,46.7,204,0,0,0,0,0,0,10.099999999999966,64399.3
L,298.8,308.9,1461,47.9,206,0,0,0,0,0,0,10.099999999999966,69981.9
L,298.8,308.9,1455,41.3,208,1,1,0,0,0,0,10.099999999999966,60091.49999999999
L,298.8,308.9,1398,51.5,0,0,0,0,0,0,0,10.099999999999966,71997
L,298.8,308.9,1402,37.9,2,0,0,0,0,0,0,10.099999999999966,53135.799999999996
H,298.8,308.8,1445,49.9,4,0,0,0,0,0,0,10,72105.5
L,298.9,308.9,1450,47.5,9,0,0,0,0,0,0,10,68875
L,298.9,308.9,1453,40.8,11,0,0,0,0,0,0,10,59282.399999999994
L,299,309,1469,40.1,13,0,0,0,0,0,0,10,58906.9
L,298.9,308.9,1422,47.6,15,0,0,0,0,0,0,10,67687.2
M,299,309,1804,26.8,17,0,0,0,0,0,0,10,48347.200000000004
H,299,309,1436,43.9,20,0,0,0,0,0,0,10,63040.4
L,299,309,1544,31.8,25,0,0,0,0,0,0,10,49099.200000000004
M,299,309,1419,45.2,27,0,0,0,0,0,0,10,64138.8
M,298.9,308.9,1487,39.5,30,0,0,0,0,0,0,10,58736.5
L,298.9,308.9,1753,25.8,33,0,0,0,0,0,0,10,45227.4
L,298.9,308.9,1830,24.9,35,0,0,0,0,0,0,10,45567
M,298.9,308.9,1727,27.1,37,0,0,0,0,0,0,10,46801.700000000004
L,299.1,309,1450,43,40,0,0,0,0,0,0,9.899999999999977,62350
L,299,308.9,1622,31.9,42,0,0,0,0,0,0,9.899999999999977,51741.799999999996
M,299,309,1351,52.2,44,0,0,0,0,0,0,10,70522.2
M,299,309,1575,35.3,47,0,0,0,0,0,0,10,55597.49999999999
M,298.9,308.9,1750,29.9,50,0,0,0,0,0,0,10,52325
L,298.9,308.8,1529,32.7,53,0,0,0,0,0,0,9.900000000000034,49998.3
L,298.8,308.8,1523,44.4,55,0,0,0,0,0,0,10,67621.2
L,298.8,308.9,1852,25,57,0,0,0,0,0,0,10.099999999999966,46300
L,298.8,308.8,1991,20.7,59,0,0,0,0,0,0,10,41213.7
L,298.8,308.8,1555,40.6,61,0,0,0,0,0,0,10,63133
M,298.8,308.8,1441,40.5,63,0,0,0,0,0,0,10,58360.5
L,298.8,308.7,1450,43.4,66,0,0,0,0,0,0,9.899999999999977,62930
L,298.8,308.7,1591,31.1,68,0,0,0,0,0,0,9.899999999999977,49480.100000000006
L,298.8,308.7,1445,48.5,70,0,0,0,0,0,0,9.899999999999977,70082.5
M,298.8,308.8,1497,46.8,72,0,0,0,0,0,0,10,70059.59999999999
H,298.9,308.8,1621,32.7,75,0,0,0,0,0,0,9.900000000000034,53006.700000000004
L,298.9,308.7,1572,34.1,80,0,0,0,0,0,0,9.800000000000011,53605.200000000004
L,298.8,308.6,1872,22.5,82,0,0,0,0,0,0,9.800000000000011,42120
H,298.7,308.6,1499,43.5,84,0,0,0,0,0,0,9.900000000000034,65206.5
M,298.8,308.7,1498,39.5,89,0,0,0,0,0,0,9.899999999999977,59171
M,298.8,308.6,1486,41.9,92,0,0,0,0,0,0,9.800000000000011,62263.4
L,298.8,308.6,1680,29.4,95,0,0,0,0,0,0,9.800000000000011,49392
L,298.8,308.6,1431,45.7,97,0,0,0,0,0,0,9.800000000000011,65396.700000000004
L,298.9,308.7,1564,34.1,99,0,0,0,0,0,0,9.800000000000011,53332.4
L,298.8,308.6,1599,33,101,0,0,0,0,0,0,9.800000000000011,52767
M,298.8,308.6,1707,28.1,103,0,0,0,0,0,0,9.800000000000011,47966.700000000004
L,298.7,308.5,1467,40.7,106,0,0,0,0,0,0,9.800000000000011,59706.9
L,298.9,308.7,1433,44.7,108,0,0,0,0,0,0,9.800000000000011,64055.100000000006
L,298.9,308.7,1558,41.2,110,0,0,0,0,0,0,9.800000000000011,64189.600000000006
L,299,308.8,1310,50.7,112,0,0,0,0,0,0,9.800000000000011,66417
L,298.9,308.7,1546,43.4,114,0,0,0,0,0,0,9.800000000000011,67096.4
L,298.9,308.7,1727,29.4,116,0,0,0,0,0,0,9.800000000000011,50773.799999999996
L,298.9,308.6,1560,32.2,118,0,0,0,0,0,0,9.700000000000045,50232.00000000001
L,299,308.6,1329,60.5,120,0,0,0,0,0,0,9.600000000000023,80404.5
L,298.9,308.6,1413,46.5,122,0,0,0,0,0,0,9.700000000000045,65704.5
L,299,308.6,1587,38.6,124,0,0,0,0,0,0,9.600000000000023,61258.200000000004
L,298.9,308.5,1559,34.3,126,0,0,0,0,0,0,9.600000000000023,53473.7
L,298.8,308.4,1473,41.1,128,0,0,0,0,0,0,9.599999999999966,60540.3
L,298.8,308.4,1737,27.7,130,0,0,0,0,0,0,9.599999999999966,48114.9
M,298.7,308.4,1441,43.2,132,0,0,0,0,0,0,9.699999999999989,62251.200000000004
M,298.7,308.4,1430,49.6,135,0,0,0,0,0,0,9.699999999999989,70928
L,298.8,308.4,1369,53,138,0,0,0,0,0,0,9.599999999999966,72557
M,298.8,308.5,1711,28.5,140,0,0,0,0,0,0,9.699999999999989,48763.5
H,298.7,308.5,1420,45.7,143,0,0,0,0,0,0,9.800000000000011,64894.00000000001
L,298.7,308.6,1297,55.3,148,0,0,0,0,0,0,9.900000000000034,71724.09999999999
H,298.8,308.6,1449,49.4,150,0,0,0,0,0,0,9.800000000000011,71580.59999999999
L,298.8,308.6,1268,55.8,155,0,0,0,0,0,0,9.800000000000011,70754.4
L,298.8,308.6,1511,36.1,157,0,0,0,0,0,0,9.800000000000011,54547.1
L,298.7,308.5,1544,35.2,159,0,0,0,0,0,0,9.800000000000011,54348.8
M,298.6,308.4,1778,28.2,161,0,0,0,0,0,0,9.799999999999955,50139.6
H,298.6,308.4,1407,50.5,164,0,0,0,0,0,0,9.799999999999955,71053.5
M,298.6,308.4,1391,42.4,169,0,0,0,0,0,0,9.799999999999955,58978.4
L,298.5,308.4,1513,33.6,172,0,0,0,0,0,0,9.899999999999977,50836.8
H,298.5,308.4,1612,36.1,174,0,0,0,0,0,0,9.899999999999977,58193.200000000004
L,298.4,308.4,1515,40.1,179,0,0,0,0,0,0,10,60751.5
M,298.3,308.3,1379,48,181,0,0,0,0,0,0,10,66192
L,298.4,308.3,1473,39.9,184,0,0,0,0,0,0,9.900000000000034,58772.7
L,298.4,308.3,1422,42.7,186,0,0,0,0,0,0,9.900000000000034,60719.4
M,298.4,308.2,1463,37.6,188,0,0,0,0,0,0,9.800000000000011,55008.8
M,298.4,308.2,1584,41,191,0,0,0,0,0,0,9.800000000000011,64944
L,298.4,308.2,1850,27,194,0,0,0,0,0,0,9.800000000000011,49950
L,298.4,308.2,1528,36.2,196,0,0,0,0,0,0,9.800000000000011,55313.600000000006
H,298.4,308.2,1987,19.8,198,0,0,0,0,0,0,9.800000000000011,39342.6
M,298.4,308.1,1495,46,203,0,0,0,0,0,0,9.700000000000045,68770
H,298.4,308.2,1478,43.5,206,0,0,0,0,0,0,9.800000000000011,64293
M,298.4,308.2,1499,40,211,0,0,0,0,0,0,9.800000000000011,59960
L,298.4,308.2,1471,47,214,0,0,0,0,0,0,9.800000000000011,69137
L,298.4,308.2,1282,60.7,216,1,0,0,0,1,0,9.800000000000011,77817.40000000001
L,298.3,308.1,1412,52.3,218,1,0,0,0,1,0,9.800000000000011,73847.59999999999
L,298.3,308.1,1586,35.5,0,0,0,0,0,0,0,9.800000000000011,56303
M,298.4,308.2,1468,43.8,2,0,0,0,0,0,0,9.800000000000011,64298.399999999994
M,298.5,308.3,1440,43.6,5,0,0,0,0,0,0,9.800000000000011,62784
L,298.5,308.4,1733,26,8,0,0,0,0,0,0,9.899999999999977,45058
H,298.4,308.2,1612,32.6,10,0,0,0,0,0,0,9.800000000000011,52551.200000000004
H,298.4,308.3,1458,42.9,15,0,0,0,0,0,0,9.900000000000034,62548.2
L,298.4,308.3,1433,62.3,20,1,0,0,1,0,0,9.900000000000034,89275.9
L,298.4,308.3,1318,59.1,22,0,0,0,0,0,0,9.900000000000034,77893.8
M,298.4,308.2,1610,35,24,0,0,0,0,0,0,9.800000000000011,56350
L,298.2,308.1,1462,50.8,27,0,0,0,0,0,0,9.900000000000034,74269.59999999999
M,298.1,308,1924,20.8,29,0,0,0,0,0,0,9.899999999999977,40019.200000000004
M,298.2,308,1591,33.7,32,0,0,0,0,0,0,9.800000000000011,53616.700000000004
L,298.2,308.1,1306,58.3,35,0,0,0,0,0,0,9.900000000000034,76139.8
L,298.2,308.1,1382,43.5,37,0,0,0,0,0,0,9.900000000000034,60117
L,298.2,308.1,1618,34.7,39,0,0,0,0,0,0,9.900000000000034,56144.600000000006
L,298.2,308.2,1988,21.4,41,0,0,0,0,0,0,10,42543.2
L,298.2,308.2,1436,50.2,43,0,0,0,0,0,0,10,72087.2
L,298.2,308.3,1304,49.8,45,0,0,0,0,0,0,10.100000000000023,64939.2
L,298.2,308.3,1475,49.9,47,0,0,0,0,0,0,10.100000000000023,73602.5
H,298.2,308.3,1824,24.2,49,0,0,0,0,0,0,10.100000000000023,44140.799999999996
M,298.1,308.2,1342,48.1,54,0,0,0,0,0,0,10.099999999999966,64550.200000000004
L,298.1,308.2,1485,40.7,57,0,0,0,0,0,0,10.099999999999966,60439.50000000001
L,298.2,308.2,1667,30.6,59,0,0,0,0,0,0,10,51010.200000000004
L,298.2,308.2,1446,38.2,61,0,0,0,0,0,0,10,55237.200000000004
L,298.1,308.3,1301,56,63,0,0,0,0,0,0,10.199999999999989,72856
L,298.2,308.4,1379,43.1,65,0,0,0,0,0,0,10.199999999999989,59434.9
L,298.3,308.5,1606,33.6,67,0,0,0,0,0,0,10.199999999999989,53961.600000000006
M,298.3,308.4,1539,43.4,69,0,0,0,0,0,0,10.099999999999966,66792.59999999999
L,298.2,308.4,1477,49.9,72,0,0,0,0,0,0,10.199999999999989,73702.3
L,298.2,308.4,1666,34.6,74,0,0,0,0,0,0,10.199999999999989,57643.600000000006
H,298.2,308.4,1398,51.8,76,0,0,0,0,0,0,10.199999999999989,72416.4
H,298.2,308.4,1678,34.6,81,0,0,0,0,0,0,10.199999999999989,58058.8
M,298.2,308.5,2678,10.7,86,1,0,0,1,0,0,10.300000000000011,28654.6
L,298.3,308.5,1453,42.9,89,0,0,0,0,0,0,10.199999999999989,62333.7
H,298.3,308.6,1432,49.5,91,0,0,0,0,0,0,10.300000000000011,70884
M,298.4,308.6,1527,40.9,96,0,0,0,0,0,0,10.200000000000045,62454.299999999996
L,298.4,308.7,1588,35,99,0,0,0,0,0,0,10.300000000000011,55580
L,298.4,308.6,1433,47.1,101,0,0,0,0,0,0,10.200000000000045,67494.3
L,298.4,308.6,1609,35,103,0,0,0,0,0,0,10.200000000000045,56315
L,298.3,308.5,1575,41.2,105,0,0,0,0,0,0,10.199999999999989,64890.00000000001
M,298.4,308.5,1636,35.7,107,0,0,0,0,0,0,10.100000000000023,58405.200000000004
L,298.4,308.5,1490,37.9,110,0,0,0,0,0,0,10.100000000000023,56471
L,298.4,308.5,1741,32.8,112,0,0,0,0,0,0,10.100000000000023,57104.799999999996
M,298.5,308.6,1344,53,114,0,0,0,0,0,0,10.100000000000023,71232
L,298.5,308.7,1609,35.3,117,0,0,0,0,0,0,10.199999999999989,56797.7
M,298.4,308.7,1421,60.7,119,1,0,0,1,0,0,10.300000000000011,86254.7
L,298.4,308.6,1591,36.7,122,0,0,0,0,0,0,10.200000000000045,58389.700000000004
L,298.4,308.6,1477,44,124,0,0,0,0,0,0,10.200000000000045,64988
L,298.4,308.7,1523,36.1,126,0,0,0,0,0,0,10.300000000000011,54980.3
L,298.5,308.7,1575,33.9,128,0,0,0,0,0,0,10.199999999999989,53392.5
H,298.4,308.7,1344,52.9,130,0,0,0,0,0,0,10.300000000000011,71097.59999999999
L,298.4,308.7,1386,44.9,135,0,0,0,0,0,0,10.300000000000011,62231.4
M,298.3,308.6,1589,37.1,137,0,0,0,0,0,0,10.300000000000011,58951.9
L,298.3,308.6,1548,40.3,140,0,0,0,0,0,0,10.300000000000011,62384.399999999994
L,298.3,308.6,1499,38.3,142,0,0,0,0,0,0,10.300000000000011,57411.7
L,298.3,308.5,1664,31.6,144,0,0,0,0,0,0,10.199999999999989,52582.4
L,298.3,308.6,1447,38.1,146,0,0,0,0,0,0,10.300000000000011,55130.700000000004
M,298.3,308.5,1434,46.2,148,0,0,0,0,0,0,10.199999999999989,66250.8
L,298.3,308.5,1416,52.7,151,0,0,0,0,0,0,10.199999999999989,74623.2
H,298.4,308.5,1827,24.3,153,0,0,0,0,0,0,10.100000000000023,44396.1
L,298.4,308.6,1304,45,158,0,0,0,0,0,0,10.200000000000045,58680
L,298.4,308.6,1569,34.4,160,0,0,0,0,0,0,10.200000000000045,53973.6
L,298.3,308.6,1584,29.3,162,0,0,0,0,0,0,10.300000000000011,46411.200000000004
L,298.3,308.5,1362,53.8,164,0,0,0,0,0,0,10.199999999999989,73275.59999999999
L,298.3,308.4,1329,49.2,166,0,0,0,0,0,0,10.099999999999966,65386.8
L,298.3,308.5,1539,36.1,168,0,0,0,0,0,0,10.199999999999989,55557.9
M,298.3,308.5,1629,37.1,170,0,0,0,0,0,0,10.199999999999989,60435.9
L,298.3,308.5,1538,32.2,173,0,0,0,0,0,0,10.199999999999989,49523.600000000006
L,298.3,308.6,1570,34.8,175,0,0,0,0,0,0,10.300000000000011,54635.99999999999
L,298.3,308.4,1408,43.1,177,0,0,0,0,0,0,10.099999999999966,60684.8
L,298.2,308.4,1424,47.6,179,0,0,0,0,0,0,10.199999999999989,67782.40000000001
L,298.2,308.4,1512,34.9,181,0,0,0,0,0,0,10.199999999999989,52768.799999999996
L,298.2,308.4,1478,42.9,183,0,0,0,0,0,0,10.199999999999989,63406.2
M,298.1,308.3,1680,33.7,185,0,0,0,0,0,0,10.199999999999989,56616.00000000001
L,298.1,308.3,1495,38.7,188,0,0,0,0,0,0,10.199999999999989,57856.50000000001
M,298,308.1,1552,36.6,190,0,0,0,0,0,0,10.100000000000023,56803.200000000004
L,297.9,308.1,1393,50.3,193,0,0,0,0,0,0,10.200000000000045,70067.9
L,298,308.2,1611,30.6,195,0,0,0,0,0,0,10.199999999999989,49296.600000000006
M,298,308.1,1339,51.6,197,0,0,0,0,0,0,10.100000000000023,69092.40000000001
L,298,308.1,1777,24.3,200,0,0,0,0,0,0,10.100000000000023,43181.1
L,298,308.2,1348,58.8,202,1,0,0,0,1,0,10.199999999999989,79262.4
L,298,308.2,1442,44.1,204,0,0,0,0,0,0,10.199999999999989,63592.200000000004
M,298,308.2,1395,49.1,206,0,0,0,0,0,0,10.199999999999989,68494.5
M,297.9,308.1,1627,31.4,209,0,0,0,0,0,0,10.200000000000045,51087.799999999996
L,297.9,308.1,1585,33.5,212,0,0,0,0,0,0,10.200000000000045,53097.5
L,298,308.2,1469,45.5,214,0,0,0,0,0,0,10.199999999999989,66839.5
L,298,308.3,1362,56.8,216,1,0,0,0,1,0,10.300000000000011,77361.59999999999
L,298,308.3,1405,56.2,218,1,0,0,0,1,0,10.300000000000011,78961
L,298,308.3,1662,32.7,0,0,0,0,0,0,0,10.300000000000011,54347.4
M,298,308.2,1466,42.6,2,0,0,0,0,0,0,10.199999999999989,62451.6
L,298,308.2,1620,35.8,5,0,0,0,0,0,0,10.199999999999989,57995.99999999999
L,298,308.2,1357,48.2,7,0,0,0,0,0,0,10.199999999999989,65407.4
L,298,308.2,1514,37.9,9,0,0,0,0,0,0,10.199999999999989,57380.6
L,298,308.2,1489,40.4,11,0,0,0,0,0,0,10.199999999999989,60155.6
L,298.1,308.3,1331,63,13,0,0,0,0,0,0,10.199999999999989,83853
L,298,308,1615,29.5,15,0,0,0,0,0,0,10,47642.5
L,298.1,308.2,1482,37.9,17,0,0,0,0,0,0,10.099999999999966,56167.799999999996
M,298.1,308.2,1420,63.9,19,1,0,0,1,0,0,10.099999999999966,90738
M,298.2,308.3,1522,49.1,22,0,0,0,0,0,0,10.100000000000023,74730.2
L,298.1,308.2,1654,32.1,25,0,0,0,0,0,0,10.099999999999966,53093.4
M,298.1,308.2,1736,26.8,27,0,0,0,0,0,0,10.099999999999966,46524.8
M,298,308.1,1587,32.3,30,0,0,0,0,0,0,10.100000000000023,51260.1
L,298.1,308.2,1390,47.5,33,0,0,0,0,0,0,10.099999999999966,66025
L,298,308.1,1454,37.1,35,0,0,0,0,0,0,10.100000000000023,53943.4
H,298,308.1,1440,43.7,37,0,0,0,0,0,0,10.100000000000023,62928.00000000001
L,297.9,308,1954,21.1,42,0,0,0,0,0,0,10.100000000000023,41229.4
H,297.9,308,1800,24.8,44,0,0,0,0,0,0,10.100000000000023,44640
L,298,308,1524,37,49,0,0,0,0,0,0,10,56388
H,298,308,1520,39.6,51,0,0,0,0,0,0,10,60192
M,298.1,308.1,1452,40.8,56,0,0,0,0,0,0,10,59241.6
L,298.1,308.1,1484,40.4,59,0,0,0,0,0,0,10,59953.6
L,298.1,308,1426,46,61,0,0,0,0,0,0,9.899999999999977,65596
L,298.1,308,1652,28.5,63,0,0,0,0,0,0,9.899999999999977,47082
L,298,308,1401,54.7,65,0,0,0,0,0,0,10,76634.7
M,298,307.9,1750,26.6,67,0,0,0,0,0,0,9.899999999999977,46550
H,298,308,1479,50.7,70,0,0,0,0,0,0,10,74985.3
M,298,308,1620,29.4,75,0,0,0,0,0,0,10,47628
L,298,308.1,1819,23.4,78,0,0,0,0,0,0,10.100000000000023,42564.6
M,298.1,308.1,1456,43.7,80,0,0,0,0,0,0,10,63627.200000000004
L,298.1,308,1626,36.5,83,0,0,0,0,0,0,9.899999999999977,59349
M,298.1,308.1,1390,49.8,85,0,0,0,0,0,0,10,69222
L,298.2,308.2,1469,43,88,0,0,0,0,0,0,10,63167
L,298.2,308.3,2051,19.2,90,0,0,0,0,0,0,10.100000000000023,39379.2
L,298.2,308.3,1568,36,92,0,0,0,0,0,0,10.100000000000023,56448
L,298.2,308.3,1589,33.2,94,0,0,0,0,0,0,10.100000000000023,52754.8
L,298.2,308.3,1805,31.6,96,0,0,0,0,0,0,10.100000000000023,57038
H,298.2,308.4,1385,42.2,98,0,0,0,0,0,0,10.199999999999989,58447.00000000001
L,298.1,308.4,1436,46.7,103,0,0,0,0,0,0,10.299999999999955,67061.2
L,298.1,308.4,1438,45.6,105,0,0,0,0,0,0,10.299999999999955,65572.8
L,298,308.3,1473,42.6,107,0,0,0,0,0,0,10.300000000000011,62749.8
L,298.1,308.4,1335,40.2,109,0,0,0,0,0,0,10.299999999999955,53667.00000000001
H,298.1,308.5,1392,44.8,111,0,0,0,0,0,0,10.399999999999977,62361.6
M,298.1,308.5,1372,51.1,116,0,0,0,0,0,0,10.399999999999977,70109.2
M,298.1,308.6,1716,30.7,119,0,0,0,0,0,0,10.5,52681.2
L,298,308.5,1395,46.2,122,0,0,0,0,0,0,10.5,64449.00000000001
L,298,308.5,1713,25.3,124,0,0,0,0,0,0,10.5,43338.9
H,297.9,308.5,2129,18.7,126,0,0,0,0,0,0,10.600000000000023,39812.299999999996
M,297.8,308.3,1567,35.6,131,0,0,0,0,0,0,10.5,55785.200000000004
L,297.8,308.4,1622,38.3,134,0,0,0,0,0,0,10.599999999999966,62122.6
L,297.7,308.4,1740,27.1,136,0,0,0,0,0,0,10.699999999999989,47154
H,297.8,308.4,1512,35.1,138,0,0,0,0,0,0,10.599999999999966,53071.200000000004
M,297.8,308.4,1479,43.5,143,0,0,0,0,0,0,10.599999999999966,64336.5
L,297.8,308.4,1737,27.5,146,0,0,0,0,0,0,10.599999999999966,47767.5
L,297.8,308.4,2129,19.2,148,0,0,0,0,0,0,10.599999999999966,40876.799999999996
L,297.8,308.4,1374,47.1,150,0,0,0,0,0,0,10.599999999999966,64715.4
M,297.8,308.4,1579,36.6,152,0,0,0,0,0,0,10.599999999999966,57791.4
L,297.9,308.5,1305,47.2,155,0,0,0,0,0,0,10.600000000000023,61596.00000000001
M,297.9,308.5,1449,40.8,157,0,0,0,0,0,0,10.600000000000023,59119.2
H,298,308.6,1526,41.8,160,0,0,0,0,0,0,10.600000000000023,63786.799999999996
M,298,308.6,1453,44.1,165,0,0,0,0,0,0,10.600000000000023,64077.3
L,297.9,308.6,1468,36,168,0,0,0,0,0,0,10.700000000000045,52848
L,298,308.6,1313,50.8,170,0,0,0,0,0,0,10.600000000000023,66700.4
M,297.9,308.5,1300,53,172,0,0,0,0,0,0,10.600000000000023,68900
L,297.9,308.4,1646,40.6,175,0,0,0,0,0,0,10.5,66827.6
L,297.8,308.4,1714,33.2,177,0,0,0,0,0,0,10.599999999999966,56904.8
L,297.8,308.4,1685,28.4,179,0,0,0,0,0,0,10.599999999999966,47854
L,297.8,308.4,1512,39.9,181,0,0,0,0,0,0,10.599999999999966,60328.799999999996
L,297.8,308.4,1612,32.1,183,0,0,0,0,0,0,10.599999999999966,51745.200000000004
H,297.8,308.4,1550,38.2,185,0,0,0,0,0,0,10.599999999999966,59210.00000000001
L,297.8,308.4,1518,32.5,190,0,0,0,0,0,0,10.599999999999966,49335
L,297.8,308.5,1448,40,192,0,0,0,0,0,0,10.699999999999989,57920
L,297.8,308.5,1561,46.3,194,0,0,0,0,0,0,10.699999999999989,72274.29999999999
M,297.8,308.5,1488,41.9,196,0,0,0,0,0,0,10.699999999999989,62347.2
L,297.8,308.5,1699,27.8,199,0,0,0,0,0,0,10.699999999999989,47232.200000000004
L,297.7,308.5,1501,41.4,201,0,0,0,0,0,0,10.800000000000011,62141.4
L,297.7,308.5,1373,56.7,203,1,0,0,0,1,0,10.800000000000011,77849.1
H,297.6,308.4,1703,31.4,205,0,0,0,0,0,0,10.799999999999955,53474.2
H,297.7,308.5,1720,29.9,210,0,0,0,0,0,0,10.800000000000011,51428
M,297.6,308.4,1398,41.9,215,0,0,0,0,0,0,10.799999999999955,58576.2
M,297.6,308.4,1391,51.9,218,0,0,0,0,0,0,10.799999999999955,72192.9
M,297.6,308.3,1538,40.2,0,0,0,0,0,0,0,10.699999999999989,61827.600000000006
L,297.5,308.2,1647,31.3,3,0,0,0,0,0,0,10.699999999999989,51551.1
M,297.5,308.1,1469,44.8,5,0,0,0,0,0,0,10.600000000000023,65811.2
L,297.4,308.1,1749,25.9,8,0,0,0,0,0,0,10.700000000000045,45299.1
M,297.6,308.2,1995,20.5,10,0,0,0,0,0,0,10.599999999999966,40897.5
L,297.6,308.3,1742,27.7,13,0,0,0,0,0,0,10.699999999999989,48253.4
L,297.5,308.2,1563,38.2,15,0,0,0,0,0,0,10.699999999999989,59706.600000000006
M,297.5,308.2,1713,32.2,17,0,0,0,0,0,0,10.699999999999989,55158.600000000006
L,297.4,308.1,1474,39.4,20,0,0,0,0,0,0,10.700000000000045,58075.6
M,297.4,308.2,1530,32.6,22,0,0,0,0,0,0,10.800000000000011,49878
L,297.4,308.2,1471,46.5,25,0,0,0,0,0,0,10.800000000000011,68401.5
L,297.5,308.3,1388,48.6,27,0,0,0,0,0,0,10.800000000000011,67456.8
M,297.5,308.2,2448,13.8,29,0,0,0,0,0,0,10.699999999999989,33782.4
L,297.5,308.3,1585,32.9,32,0,0,0,0,0,0,10.800000000000011,52146.5
M,297.5,308.3,1459,45.2,34,0,0,0,0,0,0,10.800000000000011,65946.8
L,297.5,308.3,1544,40.8,37,0,0,0,0,0,0,10.800000000000011,62995.2
L,297.6,308.3,1617,31.7,39,0,0,0,0,0,0,10.699999999999989,51258.9
L,297.6,308.3,1595,34.3,41,0,0,0,0,0,0,10.699999999999989,54708.49999999999
H,297.6,308.3,1400,44.3,43,0,0,0,0,0,0,10.699999999999989,62019.99999999999
M,297.6,308.4,1611,31,48,0,0,0,0,0,0,10.799999999999955,49941
M,297.6,308.4,1507,46,51,0,0,0,0,0,0,10.799999999999955,69322
H,297.5,308.3,1674,30,54,0,0,0,0,0,0,10.800000000000011,50220
L,297.6,308.3,1658,34.3,59,0,0,0,0,0,0,10.699999999999989,56869.399999999994
L,297.6,308.3,1623,36.9,61,0,0,0,0,0,0,10.699999999999989,59888.7
M,297.6,308.4,1398,48.9,63,0,0,0,0,0,0,10.799999999999955,68362.2
L,297.6,308.4,1517,34.2,66,0,0,0,0,0,0,10.799999999999955,51881.4
M,297.6,308.3,1467,36.7,68,0,0,0,0,0,0,10.699999999999989,53838.9
M,297.6,308.3,1567,34.6,71,0,0,0,0,0,0,10.699999999999989,54218.200000000004
M,297.5,308.3,1521,38.2,74,0,0,0,0,0,0,10.800000000000011,58102.200000000004
L,297.5,308.3,1596,36.8,77,0,0,0,0,0,0,10.800000000000011,58732.799999999996
H,297.6,308.3,1640,30.9,79,0,0,0,0,0,0,10.699999999999989,50676
L,297.6,308.3,1438,47.8,84,0,0,0,0,0,0,10.699999999999989,68736.4
L,297.6,308.4,1407,55.2,86,0,0,0,0,0,0,10.799999999999955,77666.40000000001
L,297.6,308.4,1353,57.5,88,0,0,0,0,0,0,10.799999999999955,77797.5
M,297.6,308.5,1552,40.9,90,0,0,0,0,0,0,10.899999999999977,63476.799999999996
M,297.6,308.4,1569,38.3,93,0,0,0,0,0,0,10.799999999999955,60092.7
L,297.5,308.4,1489,39.5,96,0,0,0,0,0,0,10.899999999999977,58815.5
H,297.5,308.4,1587,36.1,98,0,0,0,0,0,0,10.899999999999977,57290.700000000004
M,297.5,308.3,1622,37.2,103,0,0,0,0,0,0,10.800000000000011,60338.4
L,297.5,308.4,1604,38.1,106,0,0,0,0,0,0,10.899999999999977,61112.4
M,297.4,308.3,1405,51.7,108,0,0,0,0,0,0,10.900000000000034,72638.5
L,297.4,308.3,1412,42,111,0,0,0,0,0,0,10.900000000000034,59304
L,297.4,308.3,1431,43,113,0,0,0,0,0,0,10.900000000000034,61533
L,297.4,308.2,1533,37.4,115,0,0,0,0,0,0,10.800000000000011,57334.2
M,297.4,308.2,1401,51.9,117,0,0,0,0,0,0,10.800000000000011,72711.9
M,297.4,308.2,1424,53.9,120,0,0,0,0,0,0,10.800000000000011,76753.59999999999
L,297.3,308.2,1754,29.4,123,0,0,0,0,0,0,10.899999999999977,51567.6
L,297.3,308.2,1754,26.8,125,0,0,0,0,0,0,10.899999999999977,47007.200000000004
L,297.5,308.3,2564,12.8,127,1,0,0,1,0,0,10.800000000000011,32819.200000000004
L,297.5,308.5,1546,40.4,129,0,0,0,0,0,0,11,62458.399999999994
L,297.5,308.5,1335,48,131,0,0,0,0,0,0,11,64080
M,297.5,308.6,1842,27,133,0,0,0,0,0,0,11.100000000000023,49734
L,297.5,308.5,1712,26.8,136,0,0,0,0,0,0,11,45881.6
M,297.6,308.6,1414,45.4,138,0,0,0,0,0,0,11,64195.6
L,297.6,308.7,1319,50.9,141,0,0,0,0,0,0,11.099999999999966,67137.09999999999
L,297.7,308.7,1249,60.4,143,0,0,0,0,0,0,11,75439.59999999999
L,297.6,308.7,1455,48.2,145,0,0,0,0,0,0,11.099999999999966,70131
M,297.6,308.7,1408,54.8,147,0,0,0,0,0,0,11.099999999999966,77158.4
L,297.6,308.7,1460,46.7,150,0,0,0,0,0,0,11.099999999999966,68182
L,297.6,308.6,1491,38.1,152,0,0,0,0,0,0,11,56807.1
M,297.6,308.5,1490,43.4,154,0,0,0,0,0,0,10.899999999999977,64666
M,297.5,308.4,1350,52.2,157,0,0,0,0,0,0,10.899999999999977,70470
L,297.5,308.4,1528,39.9,160,0,0,0,0,0,0,10.899999999999977,60967.2
L,297.4,308.3,1571,37.7,162,0,0,0,0,0,0,10.900000000000034,59226.700000000004
L,297.4,308.3,1490,42.6,164,0,0,0,0,0,0,10.900000000000034,63474
M,297.4,308.3,1774,28.9,166,0,0,0,0,0,0,10.900000000000034,51268.6
H,297.4,308.3,1502,43.6,169,0,0,0,0,0,0,10.900000000000034,65487.200000000004
L,297.4,308.4,1392,49.7,174,0,0,0,0,0,0,11,69182.40000000001
L,297.4,308.5,2100,16.9,176,0,0,0,0,0,0,11.100000000000023,35490
L,297.5,308.5,1722,30.4,178,0,0,0,0,0,0,11,52348.799999999996
L,297.4,308.6,1678,32.3,180,0,0,0,0,0,0,11.200000000000045,54199.399999999994
L,297.3,308.6,1273,59.8,182,0,0,0,0,0,0,11.300000000000011,76125.4
L,297.3,308.6,1297,45.9,184,0,0,0,0,0,0,11.300000000000011,59532.299999999996
L,297.3,308.5,1350,57.6,186,0,0,0,0,0,0,11.199999999999989,77760
L,297.4,308.6,1439,51.9,188,0,0,0,0,0,0,11.200000000000045,74684.09999999999
M,297.4,308.5,1600,42.1,190,0,0,0,0,0,0,11.100000000000023,67360
M,297.4,308.6,1434,44.4,193,0,0,0,0,0,0,11.200000000000045,63669.6
L,297.4,308.6,1459,41.3,196,0,0,0,0,0,0,11.200000000000045,60256.7
M,297.5,308.6,1472,44.9,198,0,0,0,0,0,0,11.100000000000023,66092.8
L,297.5,308.7,1429,44.3,201,0,0,0,0,0,0,11.199999999999989,63304.7
L,297.5,308.6,1388,48.2,203,0,0,0,0,0,0,11.100000000000023,66901.6
L,297.4,308.4,1573,34.5,205,0,0,0,0,0,0,11,54268.5
L,297.4,308.4,1588,32.5,207,0,0,0,0,0,0,11,51610
L,297.5,308.4,1511,42.8,209,0,0,0,0,0,0,10.899999999999977,64670.799999999996
L,297.4,308.5,1495,37.8,211,0,0,0,0,0,0,11.100000000000023,56510.99999999999
L,297.4,308.4,1394,50.1,213,0,0,0,0,0,0,11,69839.40000000001
L,297.4,308.4,2151,17.7,0,0,0,0,0,0,0,11,38072.7
M,297.3,308.3,1501,38.2,2,0,0,0,0,0,0,11,57338.200000000004
M,297.3,308.3,1301,39.6,5,0,0,0,0,0,0,11,51519.6
M,297.3,308.3,1657,31.1,8,0,0,0,0,0,0,11,51532.700000000004
L,297.3,308.3,1333,55.2,11,0,0,0,0,0,0,11,73581.6
L,297.3,308.3,1484,43.9,13,0,0,0,0,0,0,11,65147.6
L,297.3,308.4,1430,45.7,15,0,0,0,0,0,0,11.099999999999966,65351.00000000001
M,297.3,308.4,1665,28.9,17,0,0,0,0,0,0,11.099999999999966,48118.5
L,297.4,308.5,1501,44.9,20,0,0,0,0,0,0,11.100000000000023,67394.9
M,297.5,308.5,1496,42.2,22,0,0,0,0,0,0,11,63131.200000000004
M,297.6,308.6,1595,36.9,25,0,0,0,0,0,0,11,58855.5
L,297.5,308.6,1208,62.3,28,0,0,0,0,0,0,11.100000000000023,75258.4
L,297.5,308.6,1596,37.1,30,0,0,0,0,0,0,11.100000000000023,59211.600000000006
L,297.5,308.5,1446,41.9,32,0,0,0,0,0,0,11,60587.4
M,297.6,308.5,1466,39.7,34,0,0,0,0,0,0,10.899999999999977,58200.200000000004
M,297.6,308.5,1848,23.7,37,0,0,0,0,0,0,10.899999999999977,43797.6
M,297.5,308.5,1484,44.7,40,0,0,0,0,0,0,11,66334.8
L,297.4,308.3,1493,41.2,43,0,0,0,0,0,0,10.900000000000034,61511.600000000006
L,297.3,308.3,1504,36.3,45,0,0,0,0,0,0,11,54595.2
L,297.3,308.3,1538,38.5,47,0,0,0,0,0,0,11,59213
L,297.4,308.4,1341,52.2,49,0,0,0,0,0,0,11,70000.2
M,297.4,308.3,1535,34.6,51,0,0,0,0,0,0,10.900000000000034,53111
L,297.4,308.5,1389,39.2,54,0,0,0,0,0,0,11.100000000000023,54448.8
H,297.5,308.5,1393,46.6,56,0,0,0,0,0,0,11,64913.8
L,297.4,308.5,1399,61.5,61,1,0,0,1,0,0,11.100000000000023,86038.5
H,297.4,308.5,1469,45.1,63,0,0,0,0,0,0,11.100000000000023,66251.90000000001
L,297.4,308.4,1582,37.2,68,0,0,0,0,0,0,11,58850.4
L,297.5,308.6,1793,26.7,70,0,0,0,0,0,0,11.100000000000023,47873.1
L,297.5,308.6,1452,39,72,0,0,0,0,0,0,11.100000000000023,56628
M,297.6,308.7,1376,59.9,74,0,0,0,0,0,0,11.099999999999966,82422.4
L,297.5,308.6,1552,44.9,77,0,0,0,0,0,0,11.100000000000023,69684.8
L,297.6,308.7,1622,37.9,79,0,0,0,0,0,0,11.099999999999966,61473.799999999996
M,297.6,308.7,1419,41.7,81,0,0,0,0,0,0,11.099999999999966,59172.3
H,297.5,308.6,1440,46.1,84,0,0,0,0,0,0,11.100000000000023,66384
M,297.4,308.6,1643,31,89,0,0,0,0,0,0,11.200000000000045,50933
L,297.4,308.7,1510,36.2,92,0,0,0,0,0,0,11.300000000000011,54662.00000000001
L,297.4,308.7,1468,46.6,94,0,0,0,0,0,0,11.300000000000011,68408.8
L,297.4,308.7,1429,57.4,96,0,0,0,0,0,0,11.300000000000011,82024.59999999999
H,297.3,308.7,1478,47.6,98,0,0,0,0,0,0,11.399999999999977,70352.8
L,297.4,308.6,1276,53.6,103,0,0,0,0,0,0,11.200000000000045,68393.6
L,297.3,308.6,1486,42.6,105,0,0,0,0,0,0,11.300000000000011,63303.6
L,297.4,308.6,1476,42.3,107,0,0,0,0,0,0,11.200000000000045,62434.799999999996
H,297.3,308.6,1431,42,109,0,0,0,0,0,0,11.300000000000011,60102
L,297.4,308.7,1402,40.2,114,0,0,0,0,0,0,11.300000000000011,56360.4
L,297.4,308.7,1433,43.4,116,0,0,0,0,0,0,11.300000000000011,62192.2
L,297.4,308.7,2874,4.2,118,1,0,0,1,0,0,11.300000000000011,12070.800000000001
L,297.3,308.6,1511,35.7,120,0,0,0,0,0,0,11.300000000000011,53942.700000000004
M,297.3,308.6,1456,42.9,122,0,0,0,0,0,0,11.300000000000011,62462.4
L,297.2,308.5,1550,41.5,125,0,0,0,0,0,0,11.300000000000011,64325
L,297.2,308.5,2182,16.5,127,0,0,0,0,0,0,11.300000000000011,36003
L,297.3,308.7,1619,31.6,129,0,0,0,0,0,0,11.399999999999977,51160.4
M,297.3,308.8,1586,32.7,131,0,0,0,0,0,0,11.5,51862.200000000004
H,297.3,308.8,1499,44.2,134,0,0,0,0,0,0,11.5,66255.8
H,297.3,308.8,1419,42.4,139,0,0,0,0,0,0,11.5,60165.6
M,297.4,309,1497,41.8,144,0,0,0,0,0,0,11.600000000000023,62574.6
M,297.4,309,1520,37,147,0,0,0,0,0,0,11.600000000000023,56240
L,297.4,309.1,1478,49.8,150,0,0,0,0,0,0,11.700000000000045,73604.4
L,297.4,309.1,1380,41.1,152,0,0,0,0,0,0,11.700000000000045,56718
L,297.4,309,1570,37.9,154,0,0,0,0,0,0,11.600000000000023,59503
H,297.4,309,1468,41.4,156,0,0,0,0,0,0,11.600000000000023,60775.2
L,297.4,309,1833,22.6,161,0,0,0,0,0,0,11.600000000000023,41425.8
M,297.4,308.9,1323,57.3,163,0,0,0,0,0,0,11.5,75807.9
L,297.4,309,1583,32,166,0,0,0,0,0,0,11.600000000000023,50656
M,297.3,309,1556,39.5,168,0,0,0,0,0,0,11.699999999999989,61462
L,297.3,309,1548,37.4,171,0,0,0,0,0,0,11.699999999999989,57895.2
L,297.4,309,1324,56.9,173,0,0,0,0,0,0,11.600000000000023,75335.59999999999
L,297.4,309,1568,33.7,175,0,0,0,0,0,0,11.600000000000023,52841.600000000006
M,297.4,309,1685,30.7,177,0,0,0,0,0,0,11.600000000000023,51729.5
M,297.4,309.1,1582,35.9,180,0,0,0,0,0,0,11.700000000000045,56793.799999999996
M,297.4,309.1,1463,35,183,0,0,0,0,0,0,11.700000000000045,51205
L,297.4,309.2,1584,42.8,186,0,0,0,0,0,0,11.800000000000011,67795.2
M,297.5,309.2,1347,55.8,188,0,0,0,0,0,0,11.699999999999989,75162.59999999999
L,297.4,309.2,1459,37.9,191,0,0,0,0,0,0,11.800000000000011,55296.1
L,297.4,309.2,1420,45.6,193,0,0,0,0,0,0,11.800000000000011,64752
L,297.5,309.3,1404,43.5,195,0,0,0,0,0,0,11.800000000000011,61074
L,297.5,309.3,1470,38.8,197,0,0,0,0,0,0,11.800000000000011,57035.99999999999
L,297.6,309.4,1326,49.8,199,0,0,0,0,0,0,11.799999999999955,66034.8
H,297.5,309.3,1459,49.7,201,0,0,0,0,0,0,11.800000000000011,72512.3
M,297.5,309.2,1530,40,206,0,0,0,0,0,0,11.699999999999989,61200
L,297.4,309,1505,39.2,209,0,0,0,0,0,0,11.600000000000023,58996.00000000001
L,297.5,309.1,1611,30.2,211,0,0,0,0,0,0,11.600000000000023,48652.2
L,297.5,309.1,1515,35.1,213,0,0,0,0,0,0,11.600000000000023,53176.5
M,297.5,309.2,1804,27.4,215,0,0,0,0,0,0,11.699999999999989,49429.6
M,297.6,309.3,1464,46.2,218,0,0,0,0,0,0,11.699999999999989,67636.8
L,297.6,309.2,1390,43.3,221,0,0,0,0,0,0,11.599999999999966,60186.99999999999
M,297.6,309.2,1442,48.1,0,0,0,0,0,0,0,11.599999999999966,69360.2
M,297.6,309.3,1529,41.9,3,0,0,0,0,0,0,11.699999999999989,64065.1
L,297.6,309.3,1610,35,6,0,0,0,0,0,0,11.699999999999989,56350
L,297.6,309.3,1543,34.3,8,0,0,0,0,0,0,11.699999999999989,52924.899999999994
H,297.8,309.4,1445,48.2,10,0,0,0,0,0,0,11.599999999999966,69649
L,297.7,309.3,1893,24.6,15,0,0,0,0,0,0,11.600000000000023,46567.8
M,297.6,309.3,1415,41.3,17,0,0,0,0,0,0,11.699999999999989,58439.49999999999
L,297.5,309.3,1564,37.5,20,0,0,0,0,0,0,11.800000000000011,58650
L,297.5,309.3,1479,39.4,22,0,0,0,0,0,0,11.800000000000011,58272.6
L,297.5,309.2,1426,44.8,24,0,0,0,0,0,0,11.699999999999989,63884.799999999996
L,297.4,309.2,1428,38.8,26,0,0,0,0,0,0,11.800000000000011,55406.399999999994
L,297.4,309.2,1620,33.2,28,0,0,0,0,0,0,11.800000000000011,53784.00000000001
L,297.5,309.2,1715,28,30,0,0,0,0,0,0,11.699999999999989,48020
L,297.5,309.3,1732,29.9,32,0,0,0,0,0,0,11.800000000000011,51786.799999999996
M,297.5,309.4,1391,58.2,34,0,0,0,0,0,0,11.899999999999977,80956.2
L,297.6,309.5,1924,20.6,37,0,0,0,0,0,0,11.899999999999977,39634.4
M,297.7,309.5,2027,19.8,39,0,0,0,0,0,0,11.800000000000011,40134.6
L,297.6,309.5,1617,36.2,42,0,0,0,0,0,0,11.899999999999977,58535.4
L,297.5,309.4,1497,35.8,44,0,0,0,0,0,0,11.899999999999977,53592.6
M,297.5,309.5,1448,43.7,46,0,0,0,0,0,0,12,63277.600000000006
L,297.4,309.4,1401,45.9,49,0,0,0,0,0,0,12,64305.9
L,297.4,309.4,1620,35.4,51,0,0,0,0,0,0,12,57348
L,297.4,309.4,1466,45.5,53,0,0,0,0,0,0,12,66703
L,297.6,309.5,1373,50.6,55,0,0,0,0,0,0,11.899999999999977,69473.8
M,297.6,309.6,1592,35.8,57,0,0,0,0,0,0,12,56993.6
M,297.5,309.5,1553,42.4,60,0,0,0,0,0,0,12,65847.2
L,297.6,309.5,1569,36.2,63,0,0,0,0,0,0,11.899999999999977,56797.8
M,297.6,309.5,1709,32.2,65,0,0,0,0,0,0,11.899999999999977,55029.8
L,297.6,309.5,1549,34.9,68,0,0,0,0,0,0,11.899999999999977,54060.1
L,297.5,309.4,1443,45.4,70,0,0,0,0,0,0,11.899999999999977,65512.2
L,297.5,309.3,1675,29.8,72,0,0,0,0,0,0,11.800000000000011,49915
L,297.5,309.3,1623,33.4,74,0,0,0,0,0,0,11.800000000000011,54208.2
H,297.4,309.3,1365,52.4,76,0,0,0,0,0,0,11.900000000000034,71526
L,297.4,309.3,1759,24.8,81,0,0,0,0,0,0,11.900000000000034,43623.200000000004
H,297.4,309.3,1516,43,83,0,0,0,0,0,0,11.900000000000034,65188
M,297.4,309.3,1499,36.8,88,0,0,0,0,0,0,11.900000000000034,55163.2
M,297.4,309.3,1775,25.8,91,0,0,0,0,0,0,11.900000000000034,45795
L,297.4,309.4,1473,45.5,94,0,0,0,0,0,0,12,67021.5
L,297.4,309.4,1296,52.3,96,0,0,0,0,0,0,12,67780.8
L,297.5,309.4,1803,24.7,98,0,0,0,0,0,0,11.899999999999977,44534.1
H,297.5,309.3,1563,36.1,100,0,0,0,0,0,0,11.800000000000011,56424.3
M,297.5,309.4,1831,26.6,105,0,0,0,0,0,0,11.899999999999977,48704.600000000006
L,297.6,309.4,1958,22.1,108,0,0,0,0,0,0,11.799999999999955,43271.8
L,297.5,309.4,1809,24.3,110,0,0,0,0,0,0,11.899999999999977,43958.700000000004
M,297.5,309.4,1482,39.3,112,0,0,0,0,0,0,11.899999999999977,58242.6
L,297.4,309.3,1332,53.2,115,0,0,0,0,0,0,11.900000000000034,70862.40000000001
L,297.4,309.2,1437,40.4,117,0,0,0,0,0,0,11.800000000000011,58054.799999999996
L,297.4,309.2,1698,29.4,119,0,0,0,0,0,0,11.800000000000011,49921.2
L,297.4,309.2,1274,54.3,121,0,0,0,0,0,0,11.800000000000011,69178.2
M,297.4,309.3,1622,35,123,0,0,0,0,0,0,11.900000000000034,56770
M,297.4,309.3,1564,36,126,0,0,0,0,0,0,11.900000000000034,56304
H,297.5,309.4,1368,45.3,129,0,0,0,0,0,0,11.899999999999977,61970.399999999994
M,297.4,309.4,1539,42.2,134,0,0,0,0,0,0,12,64945.8
L,297.5,309.4,1357,50.1,137,0,0,0,0,0,0,11.899999999999977,67985.7
M,297.5,309.4,1433,48.3,139,0,0,0,0,0,0,11.899999999999977,69213.9
L,297.5,309.4,1650,34.6,142,0,0,0,0,0,0,11.899999999999977,57090
L,297.5,309.4,1503,40.6,144,0,0,0,0,0,0,11.899999999999977,61021.8
L,297.5,309.4,1318,58.2,146,0,0,0,0,0,0,11.899999999999977,76707.6
M,297.5,309.4,1678,34.4,148,0,0,0,0,0,0,11.899999999999977,57723.2
L,297.6,309.5,1574,30.9,151,0,0,0,0,0,0,11.899999999999977,48636.6
L,297.7,309.6,1529,35.2,153,0,0,0,0,0,0,11.900000000000034,53820.8
H,297.6,309.6,1669,32.1,155,0,0,0,0,0,0,12,53574.9
H,297.7,309.7,1570,35.8,160,0,0,0,0,0,0,12,56205.99999999999
M,297.6,309.7,1541,33.7,165,0,0,0,0,0,0,12.099999999999966,51931.700000000004
M,297.7,309.7,1680,30.2,168,0,0,0,0,0,0,12,50736
L,297.8,309.7,1935,22.1,171,0,0,0,0,0,0,11.899999999999977,42763.5
M,297.7,309.6,1596,35.2,173,0,0,0,0,0,0,11.900000000000034,56179.200000000004
L,297.7,309.7,1498,41,176,0,0,0,0,0,0,12,61418
M,297.8,309.8,1676,29,178,0,0,0,0,0,0,12,48604
L,297.8,309.9,1351,49,181,0,0,0,0,0,0,12.099999999999966,66199
L,297.9,309.9,1472,45,183,0,0,0,0,0,0,12,66240
M,297.9,310,1439,41.7,185,0,0,0,0,0,0,12.100000000000023,60006.3
M,297.9,309.9,1410,55.4,188,0,0,0,0,0,0,12,78114
H,297.7,309.7,1440,51.1,191,0,0,0,0,0,0,12,73584
L,297.7,309.7,1591,37.7,196,0,0,0,0,0,0,12,59980.700000000004
L,297.8,309.8,1533,36.8,198,0,0,0,0,0,0,12,56414.399999999994
M,297.8,309.7,1700,31.3,200,0,0,0,0,0,0,11.899999999999977,53210
M,297.8,309.8,1798,25.5,203,0,0,0,0,0,0,12,45849
L,297.8,309.7,1394,42.9,206,0,0,0,0,0,0,11.899999999999977,59802.6
L,297.8,309.7,1341,49.2,208,0,0,0,0,0,0,11.899999999999977,65977.2
H,297.7,309.6,1697,32.2,210,0,0,0,0,0,0,11.900000000000034,54643.4
H,297.6,309.6,1419,48.2,215,0,0,0,0,0,0,12,68395.8
L,297.6,309.5,2001,20.5,220,0,0,0,0,0,0,11.899999999999977,41020.5
L,297.6,309.6,1501,49.8,222,1,0,0,0,1,0,12,74749.8
H,297.6,309.5,1623,33.1,224,0,0,0,0,0,0,11.899999999999977,53721.3
L,297.6,309.4,1628,33.4,229,0,0,0,0,0,0,11.799999999999955,54375.2
L,297.6,309.4,1491,40.2,231,0,0,0,0,0,0,11.799999999999955,59938.200000000004
L,297.5,309.4,1517,36.7,233,0,0,0,0,0,0,11.899999999999977,55673.9
H,297.5,309.3,1525,41.7,235,0,0,0,0,0,0,11.800000000000011,63592.50000000001
H,297.5,309.5,1668,27.9,240,0,0,0,0,0,0,12,46537.2
L,297.5,309.6,1312,50.7,0,0,0,0,0,0,0,12.100000000000023,66518.40000000001
H,297.6,309.6,1278,50.4,2,0,0,0,0,0,0,12,64411.2
M,297.6,309.6,1330,53.1,7,0,0,0,0,0,0,12,70623
M,297.6,309.6,1530,37.3,10,0,0,0,0,0,0,12,57068.99999999999
H,297.6,309.6,1428,46.6,13,0,0,0,0,0,0,12,66544.8
L,297.7,309.6,1480,47.9,18,0,0,0,0,0,0,11.900000000000034,70892
H,297.7,309.7,1616,31.1,20,0,0,0,0,0,0,12,50257.600000000006
L,297.8,309.7,1547,37.3,25,0,0,0,0,0,0,11.899999999999977,57703.1
L,297.9,309.7,2194,16.8,27,0,0,0,0,0,0,11.800000000000011,36859.200000000004
L,297.9,309.8,2000,21.3,29,0,0,0,0,0,0,11.900000000000034,42600
L,297.9,309.8,1336,71.6,31,1,0,0,1,0,0,11.900000000000034,95657.59999999999
L,297.9,309.9,1542,33.8,33,0,0,0,0,0,0,12,52119.6
M,297.9,309.8,1693,29.9,35,0,0,0,0,0,0,11.900000000000034,50620.7
L,297.9,309.8,1461,50.5,38,0,0,0,0,0,0,11.900000000000034,73780.5
M,298,309.9,1565,33.9,40,0,0,0,0,0,0,11.899999999999977,53053.5
L,298,309.9,1403,47.7,43,0,0,0,0,0,0,11.899999999999977,66923.1
L,298.1,309.9,1629,32.5,45,0,0,0,0,0,0,11.799999999999955,52942.5
L,298.1,310,1534,33.7,47,0,0,0,0,0,0,11.899999999999977,51695.8
L,298.1,310,1553,40.9,49,0,0,0,0,0,0,11.899999999999977,63517.7
L,298.1,309.9,1563,32.8,51,0,0,0,0,0,0,11.799999999999955,51266.399999999994
L,298.1,309.9,1634,30,53,0,0,0,0,0,0,11.799999999999955,49020
M,298,309.9,1445,45.2,55,0,0,0,0,0,0,11.899999999999977,65314.00000000001
L,298.1,309.9,1642,30.4,58,0,0,0,0,0,0,11.799999999999955,49916.799999999996
H,298.1,309.9,1686,29.1,60,0,0,0,0,0,0,11.799999999999955,49062.600000000006
M,298.1,310,1393,43.1,65,0,0,0,0,0,0,11.899999999999977,60038.3
H,298.2,310,1433,44.2,68,0,0,0,0,0,0,11.800000000000011,63338.600000000006
L,298.3,310,1507,44.7,73,0,0,0,0,0,0,11.699999999999989,67362.90000000001
M,298.3,310.1,1389,49.6,75,0,0,0,0,0,0,11.800000000000011,68894.40000000001
L,298.3,310.1,1408,45.3,78,0,0,0,0,0,0,11.800000000000011,63782.399999999994
M,298.4,310.2,1725,32,80,0,0,0,0,0,0,11.800000000000011,55200
L,298.4,310.1,1926,23.7,83,0,0,0,0,0,0,11.700000000000045,45646.2
H,298.3,310.1,1509,37.6,85,0,0,0,0,0,0,11.800000000000011,56738.4
L,298.3,310.1,1545,36.3,90,0,0,0,0,0,0,11.800000000000011,56083.49999999999
L,298.4,310.1,1533,35.2,92,0,0,0,0,0,0,11.700000000000045,53961.600000000006
L,298.4,310.1,1455,42.2,94,0,0,0,0,0,0,11.700000000000045,61401.00000000001
M,298.4,310.1,1335,57.8,96,0,0,0,0,0,0,11.700000000000045,77163
L,298.3,310.1,1523,45.9,99,0,0,0,0,0,0,11.800000000000011,69905.7
L,298.3,310,1460,47.6,101,0,0,0,0,0,0,11.699999999999989,69496
L,298.4,310,1554,37.3,103,0,0,0,0,0,0,11.600000000000023,57964.2
H,298.3,310,1419,47.1,105,0,0,0,0,0,0,11.699999999999989,66834.90000000001
L,298.3,310,1442,43.9,110,0,0,0,0,0,0,11.699999999999989,63303.799999999996
L,298.3,309.9,1507,41.6,112,0,0,0,0,0,0,11.599999999999966,62691.200000000004
L,298.3,310,1858,23.9,114,0,0,0,0,0,0,11.699999999999989,44406.2
L,298.3,309.9,1463,43.9,116,0,0,0,0,0,0,11.599999999999966,64225.7
L,298.2,309.7,1585,37.4,118,0,0,0,0,0,0,11.5,59279
L,298,309.6,1536,37.3,120,0,0,0,0,0,0,11.600000000000023,57292.799999999996
L,298,309.6,1403,51.3,122,0,0,0,0,0,0,11.600000000000023,71973.9
M,297.9,309.6,1515,38.8,124,0,0,0,0,0,0,11.700000000000045,58781.99999999999
L,297.9,309.5,1390,47.9,127,0,0,0,0,0,0,11.600000000000023,66581
M,297.8,309.4,1226,58.7,129,0,0,0,0,0,0,11.599999999999966,71966.2
M,297.8,309.4,1495,36.5,132,0,0,0,0,0,0,11.599999999999966,54567.5
H,297.7,309.4,1608,30.2,135,0,0,0,0,0,0,11.699999999999989,48561.6
L,297.7,309.4,1392,44.1,140,0,0,0,0,0,0,11.699999999999989,61387.200000000004
M,297.7,309.4,1461,43.7,142,0,0,0,0,0,0,11.699999999999989,63845.700000000004
L,297.7,309.3,1559,36.9,145,0,0,0,0,0,0,11.600000000000023,57527.1
H,297.7,309.3,1400,48.9,147,0,0,0,0,0,0,11.600000000000023,68460
M,297.7,309.2,1732,28.8,152,0,0,0,0,0,0,11.5,49881.6
L,297.6,309.2,1611,33.1,155,0,0,0,0,0,0,11.599999999999966,53324.100000000006
L,297.6,309.1,1503,38.9,157,0,0,0,0,0,0,11.5,58466.7
L,297.7,309.2,1391,44.5,159,0,0,0,0,0,0,11.5,61899.5
L,297.8,309.3,2015,20.1,161,0,0,0,0,0,0,11.5,40501.5
L,297.8,309.2,1683,30.9,163,0,0,0,0,0,0,11.399999999999977,52004.7
L,297.7,309.1,1435,38.8,165,0,0,0,0,0,0,11.400000000000034,55677.99999999999
M,297.7,309.1,1732,28.1,167,0,0,0,0,0,0,11.400000000000034,48669.200000000004
L,297.7,309.2,1365,58.6,170,0,0,0,0,0,0,11.5,79989
L,297.7,309.1,1562,36.8,172,0,0,0,0,0,0,11.400000000000034,57481.6
L,297.6,309.1,1449,49.1,174,0,0,0,0,0,0,11.5,71145.90000000001
M,297.7,309.2,1700,27.4,176,0,0,0,0,0,0,11.5,46580
M,297.6,309,1427,45.6,179,0,0,0,0,0,0,11.399999999999977,65071.200000000004
M,297.6,308.9,1479,38.1,182,0,0,0,0,0,0,11.299999999999955,56349.9
L,297.5,308.9,1469,44,185,0,0,0,0,0,0,11.399999999999977,64636
L,297.5,308.9,1390,47.4,187,0,0,0,0,0,0,11.399999999999977,65886
L,297.5,308.9,1729,28.1,189,0,0,0,0,0,0,11.399999999999977,48584.9
L,297.5,309,1470,43.5,191,0,0,0,0,0,0,11.5,63945
L,297.5,308.9,1459,48.5,193,0,0,0,0,0,0,11.399999999999977,70761.5
L,297.5,308.9,1738,24,195,0,0,0,0,0,0,11.399999999999977,41712
H,297.5,308.9,1471,37.7,197,0,0,0,0,0,0,11.399999999999977,55456.700000000004
L,297.6,309,1822,25.4,202,0,0,0,0,0,0,11.399999999999977,46278.799999999996
L,297.5,308.9,1554,34.8,204,0,0,0,0,0,0,11.399999999999977,54079.2
M,297.6,308.9,1433,43.2,206,0,0,0,0,0,0,11.299999999999955,61905.600000000006
L,297.6,308.9,1449,47.7,209,0,0,0,0,0,0,11.299999999999955,69117.3
L,297.8,309,1456,41.2,0,0,0,0,0,0,0,11.199999999999989,59987.200000000004
M,297.8,309.1,1424,45.5,2,0,0,0,0,0,0,11.300000000000011,64792
H,297.9,309.2,1577,34.7,5,0,0,0,0,0,0,11.300000000000011,54721.9
L,297.9,309.2,1478,39.7,10,0,0,0,0,0,0,11.300000000000011,58676.600000000006
M,297.8,309.2,1295,61.2,12,0,0,0,0,0,0,11.399999999999977,79254
L,297.8,309.2,1372,47.3,15,0,0,0,0,0,0,11.399999999999977,64895.6
M,297.8,309.1,1432,42.6,17,0,0,0,0,0,0,11.300000000000011,61003.200000000004
M,297.7,309,1656,33.2,20,0,0,0,0,0,0,11.300000000000011,54979.200000000004
H,297.8,309,1410,48.8,23,0,0,0,0,0,0,11.199999999999989,68808
L,297.7,309,1874,24.4,28,0,0,0,0,0,0,11.300000000000011,45725.6
L,297.7,309,1538,43.2,30,0,0,0,0,0,0,11.300000000000011,66441.6
M,297.7,309,1636,29.7,32,0,0,0,0,0,0,11.300000000000011,48589.2
M,297.7,309,1504,40.4,35,0,0,0,0,0,0,11.300000000000011,60761.6
M,297.7,309,1531,42.4,38,0,0,0,0,0,0,11.300000000000011,64914.4
H,297.6,309,1735,26.4,41,0,0,0,0,0,0,11.399999999999977,45804
H,297.6,309,1354,55.6,46,0,0,0,0,0,0,11.399999999999977,75282.40000000001
H,297.6,309,1413,40.2,51,0,0,0,0,0,0,11.399999999999977,56802.600000000006
L,297.7,309.1,1563,39.3,56,0,0,0,0,0,0,11.400000000000034,61425.899999999994
L,297.7,309.1,1479,42.1,58,0,0,0,0,0,0,11.400000000000034,62265.9
L,297.7,309.1,1477,38.3,60,0,0,0,0,0,0,11.400000000000034,56569.1
L,297.6,309.1,1394,50,62,0,0,0,0,0,0,11.5,69700
L,297.6,309,1487,45.4,64,0,0,0,0,0,0,11.399999999999977,67509.8
M,297.6,309,1815,25.3,66,0,0,0,0,0,0,11.399999999999977,45919.5
M,297.6,308.8,1453,39.7,69,0,0,0,0,0,0,11.199999999999989,57684.100000000006
L,297.6,308.8,1539,40.2,72,0,0,0,0,0,0,11.199999999999989,61867.8
H,297.5,308.7,1416,39.2,74,0,0,0,0,0,0,11.199999999999989,55507.200000000004
M,297.6,308.8,1683,31.6,79,0,0,0,0,0,0,11.199999999999989,53182.8
L,297.7,308.8,1515,40.1,82,0,0,0,0,0,0,11.100000000000023,60751.5
M,297.7,308.9,1531,48.3,84,0,0,0,0,0,0,11.199999999999989,73947.3
H,297.7,308.9,1479,40.9,87,0,0,0,0,0,0,11.199999999999989,60491.1
L,297.7,308.9,1516,33.7,92,0,0,0,0,0,0,11.199999999999989,51089.200000000004
L,297.7,309,1507,38.2,94,0,0,0,0,0,0,11.300000000000011,57567.4
M,297.8,309,1434,43.3,96,0,0,0,0,0,0,11.199999999999989,62092.2
L,297.7,308.9,1838,27.3,99,0,0,0,0,0,0,11.199999999999989,50177.4
M,297.6,308.8,1416,45.9,101,0,0,0,0,0,0,11.199999999999989,64994.4
M,297.6,308.8,1357,49.7,104,0,0,0,0,0,0,11.199999999999989,67442.90000000001
M,297.5,308.7,1697,28.1,107,0,0,0,0,0,0,11.199999999999989,47685.700000000004
L,297.5,308.7,1443,46.2,110,0,0,0,0,0,0,11.199999999999989,66666.6
L,297.5,308.7,1453,37.6,112,0,0,0,0,0,0,11.199999999999989,54632.8
L,297.4,308.6,1439,46.4,114,0,0,0,0,0,0,11.200000000000045,66769.59999999999
L,297.4,308.6,1609,36.2,116,0,0,0,0,0,0,11.200000000000045,58245.8
L,297.4,308.6,1324,59.1,118,0,0,0,0,0,0,11.200000000000045,78248.40000000001
H,297.4,308.6,1420,45.8,120,0,0,0,0,0,0,11.200000000000045,65035.99999999999
L,297.4,308.7,1545,36.9,125,0,0,0,0,0,0,11.300000000000011,57010.5
L,297.5,308.8,1477,39,127,0,0,0,0,0,0,11.300000000000011,57603
L,297.4,308.8,1447,58.1,129,0,0,0,0,0,0,11.400000000000034,84070.7
L,297.4,308.9,1809,23.8,131,0,0,0,0,0,0,11.5,43054.200000000004
L,297.5,308.9,1696,30.9,133,0,0,0,0,0,0,11.399999999999977,52406.399999999994
L,297.5,308.9,1427,44.7,135,0,0,0,0,0,0,11.399999999999977,63786.9
M,297.4,308.9,1500,46.3,137,0,0,0,0,0,0,11.5,69450
L,297.5,308.9,1390,44.6,140,0,0,0,0,0,0,11.399999999999977,61994
L,297.4,308.8,1640,34.2,142,0,0,0,0,0,0,11.400000000000034,56088.00000000001
M,297.4,308.8,1628,37.4,144,0,0,0,0,0,0,11.400000000000034,60887.2
H,297.3,308.6,1499,37.6,147,0,0,0,0,0,0,11.300000000000011,56362.4
M,297.4,308.7,1425,50.3,152,0,0,0,0,0,0,11.300000000000011,71677.5
L,297.3,308.6,1586,37.7,155,0,0,0,0,0,0,11.300000000000011,59792.200000000004
M,297.3,308.6,1471,50.7,157,0,0,0,0,0,0,11.300000000000011,74579.7
M,297.3,308.6,1431,53,160,0,0,0,0,0,0,11.300000000000011,75843
L,297.2,308.6,1924,22.1,163,0,0,0,0,0,0,11.400000000000034,42520.4
M,297.1,308.4,1421,42,165,0,0,0,0,0,0,11.299999999999955,59682
H,297,308.4,1305,54.6,168,0,0,0,0,0,0,11.399999999999977,71253
L,296.9,308.4,1557,32.4,173,0,0,0,0,0,0,11.5,50446.799999999996
L,296.9,308.3,1555,38.2,175,0,0,0,0,0,0,11.400000000000034,59401.00000000001
H,296.9,308.3,1474,39.2,177,0,0,0,0,0,0,11.400000000000034,57780.8
L,296.8,308.3,1506,45.9,182,0,0,0,0,0,0,11.5,69125.4
L,296.9,308.4,1390,41.8,184,0,0,0,0,0,0,11.5,58101.99999999999
M,296.9,308.4,1450,46.9,186,0,0,0,0,0,0,11.5,68005
L,296.9,308.3,1513,38.8,189,0,0,0,0,0,0,11.400000000000034,58704.399999999994
L,296.8,308.2,1643,34.7,191,0,0,0,0,0,0,11.399999999999977,57012.100000000006
L,296.8,308.2,1361,53.8,193,0,0,0,0,0,0,11.399999999999977,73221.8
L,296.7,308.1,1450,40.9,195,0,0,0,0,0,0,11.400000000000034,59305
L,296.7,308,1451,50.7,197,0,0,0,0,0,0,11.300000000000011,73565.7
L,296.8,308.1,1289,62,199,1,0,0,0,1,0,11.300000000000011,79918
L,296.8,308.1,1356,48.3,201,0,0,0,0,0,0,11.300000000000011,65494.799999999996
H,296.7,308.1,1528,46.3,203,0,0,0,0,0,0,11.400000000000034,70746.4
L,296.6,308,1978,22.3,208,0,0,0,0,0,0,11.399999999999977,44109.4
L,296.7,308,1535,36.8,210,0,0,0,0,0,0,11.300000000000011,56487.99999999999
M,296.8,308.1,1843,24.2,212,0,0,0,0,0,0,11.300000000000011,44600.6
L,296.9,308.1,1422,48.7,215,0,0,0,0,0,0,11.200000000000045,69251.40000000001
L,296.8,308,1536,40.4,217,0,0,0,0,0,0,11.199999999999989,62054.399999999994
M,296.9,308.1,1483,44.3,219,0,0,0,0,0,0,11.200000000000045,65696.9
H,296.8,308.1,1492,43.7,222,0,0,0,0,0,0,11.300000000000011,65200.4
L,296.8,308,1584,40.4,227,0,0,0,0,0,0,11.199999999999989,63993.6
L,296.9,308.1,1555,33.7,229,0,0,0,0,0,0,11.200000000000045,52403.50000000001
L,296.8,308,1497,41.7,231,0,0,0,0,0,0,11.199999999999989,62424.9
M,296.7,307.8,1537,36.3,233,0,0,0,0,0,0,11.100000000000023,55793.1
L,296.7,307.8,1505,39.4,236,0,0,0,0,0,0,11.100000000000023,59297
L,296.7,307.8,1646,34.6,238,0,0,0,0,0,0,11.100000000000023,56951.600000000006
M,296.7,307.8,1286,60.5,0,0,0,0,0,0,0,11.100000000000023,77803
L,296.7,307.8,1400,47.5,3,0,0,0,0,0,0,11.100000000000023,66500
L,296.8,307.9,1337,56.5,5,0,0,0,0,0,0,11.099999999999966,75540.5
L,296.9,308,1332,53.9,7,0,0,0,0,0,0,11.100000000000023,71794.8
L,296.8,308,1561,38.3,9,0,0,0,0,0,0,11.199999999999989,59786.299999999996
L,296.9,308,1546,31.1,11,0,0,0,0,0,0,11.100000000000023,48080.600000000006
L,296.9,308,1713,29.3,13,0,0,0,0,0,0,11.100000000000023,50190.9
L,296.9,308,1343,44.5,15,0,0,0,0,0,0,11.100000000000023,59763.5
L,296.8,308,1391,54.4,17,0,0,0,0,0,0,11.199999999999989,75670.4
H,296.8,308,1311,58.6,19,0,0,0,0,0,0,11.199999999999989,76824.6
H,296.8,308,1453,51,24,0,0,0,0,0,0,11.199999999999989,74103
L,296.8,308,1510,39.4,29,0,0,0,0,0,0,11.199999999999989,59494
L,296.8,307.9,1448,48.8,31,0,0,0,0,0,0,11.099999999999966,70662.4
L,296.7,307.8,1453,46,33,0,0,0,0,0,0,11.100000000000023,66838
L,296.7,307.8,1468,39.2,35,0,0,0,0,0,0,11.100000000000023,57545.600000000006
L,296.7,307.8,1382,47.5,37,0,0,0,0,0,0,11.100000000000023,65645
L,296.7,308,1580,32.2,39,0,0,0,0,0,0,11.300000000000011,50876.00000000001
L,296.8,308,1666,29.8,41,0,0,0,0,0,0,11.199999999999989,49646.8
M,296.9,308,1409,50.7,43,0,0,0,0,0,0,11.100000000000023,71436.3
L,296.8,308,1675,29.7,46,0,0,0,0,0,0,11.199999999999989,49747.5
L,296.8,307.9,1698,30.8,48,0,0,0,0,0,0,11.099999999999966,52298.4
H,296.7,307.9,1579,33.4,50,0,0,0,0,0,0,11.199999999999989,52738.6
L,296.7,307.9,1743,27.9,55,0,0,0,0,0,0,11.199999999999989,48629.7
M,296.9,308,1497,44.8,57,0,0,0,0,0,0,11.100000000000023,67065.59999999999
L,296.9,308.1,1741,28.8,60,0,0,0,0,0,0,11.200000000000045,50140.8
L,296.9,308.1,1435,45.3,62,0,0,0,0,0,0,11.200000000000045,65005.49999999999
M,296.9,308.1,1440,46.3,64,0,0,0,0,0,0,11.200000000000045,66672
M,296.9,308,1641,33.3,67,0,0,0,0,0,0,11.100000000000023,54645.299999999996
L,296.8,307.9,1420,45.4,70,0,0,0,0,0,0,11.099999999999966,64468
L,296.8,307.9,1611,35.4,72,0,0,0,0,0,0,11.099999999999966,57029.399999999994
L,296.8,307.8,1373,42.9,74,0,0,0,0,0,0,11,58901.7
M,296.8,307.9,1683,31.8,76,0,0,0,0,0,0,11.099999999999966,53519.4
H,296.9,307.9,1547,32.6,79,0,0,0,0,0,0,11,50432.200000000004
L,296.9,307.8,1605,37,84,0,0,0,0,0,0,10.900000000000034,59385
M,296.9,307.9,2010,18.9,86,0,0,0,0,0,0,11,37989
L,296.8,307.7,1565,40.1,89,0,0,0,0,0,0,10.899999999999977,62756.5
M,296.9,307.8,1828,24.6,91,0,0,0,0,0,0,10.900000000000034,44968.8
M,297,307.8,1579,34.1,94,0,0,0,0,0,0,10.800000000000011,53843.9
M,297,307.9,1882,24.2,97,0,0,0,0,0,0,10.899999999999977,45544.4
L,296.9,307.8,1285,52.1,100,0,0,0,0,0,0,10.900000000000034,66948.5
L,296.9,307.8,1571,35,102,0,0,0,0,0,0,10.900000000000034,54985
H,296.9,307.8,1549,37.8,104,0,0,0,0,0,0,10.900000000000034,58552.2
M,296.9,307.8,1544,37.6,109,0,0,0,0,0,0,10.900000000000034,58054.4
M,297,307.9,1412,47.4,112,0,0,0,0,0,0,10.899999999999977,66928.8
M,297,307.9,1422,53,115,0,0,0,0,0,0,10.899999999999977,75366
L,297,307.7,1867,22.8,118,0,0,0,0,0,0,10.699999999999989,42567.6
L,296.9,307.7,1424,43.3,120,0,0,0,0,0,0,10.800000000000011,61659.2
L,296.9,307.6,1452,45.7,122,0,0,0,0,0,0,10.700000000000045,66356.40000000001
L,296.9,307.7,1550,39.7,124,0,0,0,0,0,0,10.800000000000011,61535.00000000001
L,296.8,307.6,1588,37.6,126,0,0,0,0,0,0,10.800000000000011,59708.8
L,296.8,307.6,1338,44.4,128,0,0,0,0,0,0,10.800000000000011,59407.2
L,296.8,307.6,1513,40,130,0,0,0,0,0,0,10.800000000000011,60520
M,296.8,307.5,1470,45.9,132,0,0,0,0,0,0,10.699999999999989,67473
M,296.8,307.5,1516,36.7,135,0,0,0,0,0,0,10.699999999999989,55637.200000000004
L,296.8,307.6,1434,48.3,138,0,0,0,0,0,0,10.800000000000011,69262.2
L,296.8,307.6,1368,52,140,0,0,0,0,0,0,10.800000000000011,71136
L,296.8,307.6,1304,48.7,142,0,0,0,0,0,0,10.800000000000011,63504.8
L,296.8,307.6,1398,46.7,144,0,0,0,0,0,0,10.800000000000011,65286.600000000006
L,296.7,307.6,1516,37.4,146,0,0,0,0,0,0,10.900000000000034,56698.4
L,296.7,307.6,1474,41.7,148,0,0,0,0,0,0,10.900000000000034,61465.8
M,296.7,307.6,1547,34.7,150,0,0,0,0,0,0,10.900000000000034,53680.9
M,296.6,307.5,1482,39.9,153,0,0,0,0,0,0,10.899999999999977,59131.799999999996
L,296.6,307.4,1436,42.8,156,0,0,0,0,0,0,10.799999999999955,61460.799999999996
L,296.6,307.3,1474,40,158,0,0,0,0,0,0,10.699999999999989,58960
L,296.5,307.2,1481,38.2,160,0,0,0,0,0,0,10.699999999999989,56574.200000000004
L,296.5,307.3,1501,42.1,162,0,0,0,0,0,0,10.800000000000011,63192.1
L,296.5,307.3,1566,37.2,164,0,0,0,0,0,0,10.800000000000011,58255.200000000004
L,296.5,307.3,1579,34.5,166,0,0,0,0,0,0,10.800000000000011,54475.5
L,296.6,307.4,1631,35,168,0,0,0,0,0,0,10.799999999999955,57085
M,296.6,307.4,1544,42.3,170,0,0,0,0,0,0,10.799999999999955,65311.2
L,296.6,307.4,1521,38.6,173,0,0,0,0,0,0,10.799999999999955,58710.6
L,296.6,307.4,1616,28,175,0,0,0,0,0,0,10.799999999999955,45248
H,296.6,307.4,1333,50.2,177,0,0,0,0,0,0,10.799999999999955,66916.6
M,296.7,307.4,1533,32.5,182,0,0,0,0,0,0,10.699999999999989,49822.5
L,296.6,307.4,1368,45.1,185,0,0,0,0,0,0,10.799999999999955,61696.8
L,296.6,307.4,1465,47.8,187,0,0,0,0,0,0,10.799999999999955,70027
H,296.6,307.4,1406,41.5,189,0,0,0,0,0,0,10.799999999999955,58349
M,296.5,307.4,1565,43.5,194,0,0,0,0,0,0,10.899999999999977,68077.5
L,296.6,307.5,1582,37.9,197,0,0,0,0,0,0,10.899999999999977,59957.799999999996
L,296.6,307.5,1439,45.5,199,0,0,0,0,0,0,10.899999999999977,65474.5
M,296.6,307.5,1566,35,201,0,0,0,0,0,0,10.899999999999977,54810
L,296.6,307.5,1485,42.7,204,0,0,0,0,0,0,10.899999999999977,63409.50000000001
L,296.5,307.5,1566,35.1,206,0,0,0,0,0,0,11,54966.600000000006
L,296.3,307.3,1439,41.5,208,0,0,0,0,0,0,11,59718.5
M,296.4,307.4,1416,50,210,0,0,0,0,0,0,11,70800
L,296.4,307.4,2833,5.6,213,1,0,0,1,0,0,11,15864.8
L,296.3,307.4,1465,47.1,215,0,0,0,0,0,0,11.099999999999966,69001.5
H,296.4,307.4,1586,35.5,0,0,0,0,0,0,0,11,56303
L,296.3,307.3,1567,31.4,5,0,0,0,0,0,0,11,49203.799999999996
M,296.2,307.2,1389,48.6,7,0,0,0,0,0,0,11,67505.40000000001
M,296.3,307.3,1368,49.5,10,0,0,0,0,0,0,11,67716
L,296.3,307.3,1444,49,13,0,0,0,0,0,0,11,70756
M,296.3,307.3,1498,41.6,15,0,0,0,0,0,0,11,62316.8
L,296.1,307.2,1615,30.8,18,0,0,0,0,0,0,11.099999999999966,49742
L,296.1,307.1,1898,22.7,20,0,0,0,0,0,0,11,43084.6
M,296.1,307.1,1350,53.3,22,0,0,0,0,0,0,11,71955
M,296.2,307,1516,37.6,25,0,0,0,0,0,0,10.800000000000011,57001.6
H,296.2,307,1542,40.6,28,0,0,0,0,0,0,10.800000000000011,62605.200000000004
H,296.1,306.9,1541,32.6,33,0,0,0,0,0,0,10.799999999999955,50236.600000000006
M,296.1,306.9,1951,23.3,38,0,0,0,0,0,0,10.799999999999955,45458.3
H,296.1,306.8,1645,31,41,0,0,0,0,0,0,10.699999999999989,50995
L,296,306.7,1416,44.2,46,0,0,0,0,0,0,10.699999999999989,62587.200000000004
M,296,306.7,2044,22.3,48,0,0,0,0,0,0,10.699999999999989,45581.200000000004
L,295.9,306.6,1414,50.2,51,0,0,0,0,0,0,10.700000000000045,70982.8
L,295.9,306.6,1678,26.7,53,0,0,0,0,0,0,10.700000000000045,44802.6
H,295.9,306.5,1594,33.2,55,0,0,0,0,0,0,10.600000000000023,52920.8
M,295.8,306.5,1514,37.7,60,0,0,0,0,0,0,10.699999999999989,57077.8
L,295.8,306.5,1358,49.2,63,0,0,0,0,0,0,10.699999999999989,66813.6
L,295.8,306.4,1325,56.2,65,0,0,0,0,0,0,10.599999999999966,74465
L,295.8,306.4,1339,53.2,67,0,0,0,0,0,0,10.599999999999966,71234.8
M,295.8,306.4,1335,51.7,69,0,0,0,0,0,0,10.599999999999966,69019.5
L,295.9,306.4,1892,21.7,72,0,0,0,0,0,0,10.5,41056.4
L,295.9,306.4,1575,28.5,74,0,0,0,0,0,0,10.5,44887.5
M,295.8,306.3,1444,45.5,76,0,0,0,0,0,0,10.5,65702
L,295.7,306.3,1915,22.4,79,0,0,0,0,0,0,10.600000000000023,42896
M,295.6,306.2,1584,33.6,81,0,0,0,0,0,0,10.599999999999966,53222.4
M,295.7,306.3,1685,34.9,84,0,0,0,0,0,0,10.600000000000023,58806.5
L,295.8,306.3,1337,54.6,87,0,0,0,0,0,0,10.5,73000.2
M,295.8,306.3,1235,76.2,89,1,0,0,1,0,0,10.5,94107
L,295.7,306.2,1464,46.2,92,0,0,0,0,0,0,10.5,67636.8
M,295.7,306.2,1739,25.9,94,0,0,0,0,0,0,10.5,45040.1
L,295.7,306.3,1490,34.3,97,0,0,0,0,0,0,10.600000000000023,51106.99999999999
L,295.8,306.4,1356,48,99,0,0,0,0,0,0,10.599999999999966,65088
L,295.7,306.2,1397,52,101,0,0,0,0,0,0,10.5,72644
L,295.7,306.2,1458,40.6,103,0,0,0,0,0,0,10.5,59194.8
H,295.7,306.2,2161,16.5,105,0,0,0,0,0,0,10.5,35656.5
M,295.6,306.1,1651,28.1,110,0,0,0,0,0,0,10.5,46393.100000000006
L,295.6,306.1,1389,46.2,113,0,0,0,0,0,0,10.5,64171.8
L,295.6,306,1370,52.4,115,0,0,0,0,0,0,10.399999999999977,71788
L,295.7,306.1,1408,47.9,117,0,0,0,0,0,0,10.400000000000034,67443.2
L,295.7,306.1,1343,54.4,119,0,0,0,0,0,0,10.400000000000034,73059.2
M,295.7,306.2,1423,42.5,121,0,0,0,0,0,0,10.5,60477.5
L,295.6,306.2,1426,48.6,124,0,0,0,0,0,0,10.599999999999966,69303.6
M,295.6,306.2,1435,51.6,126,0,0,0,0,0,0,10.599999999999966,74046
L,295.5,306.1,1573,35.1,129,0,0,0,0,0,0,10.600000000000023,55212.3
L,295.6,306.2,1612,31.2,131,0,0,0,0,0,0,10.599999999999966,50294.4
L,295.6,306.2,1446,49.9,133,0,0,0,0,0,0,10.599999999999966,72155.4
H,295.6,306.2,1329,55.3,135,0,0,0,0,0,0,10.599999999999966,73493.7
L,295.6,306.2,1569,35.1,140,0,0,0,0,0,0,10.599999999999966,55071.9
H,295.6,306.1,1256,62.3,142,0,0,0,0,0,0,10.5,78248.8
L,295.6,306.1,1383,48.7,147,0,0,0,0,0,0,10.5,67352.1
L,295.7,306.2,2270,14.6,149,1,0,0,1,0,0,10.5,33142
H,295.7,306.2,1458,49.8,151,0,0,0,0,0,0,10.5,72608.4
L,295.6,306.1,1474,41.2,156,0,0,0,0,0,0,10.5,60728.8
M,295.6,306.1,1462,49.2,158,0,0,0,0,0,0,10.5,71930.40000000001
M,295.6,306.1,1669,29,161,0,0,0,0,0,0,10.5,48401
M,295.5,306.1,1822,24.3,164,0,0,0,0,0,0,10.600000000000023,44274.6
L,295.5,306,1456,39.2,167,0,0,0,0,0,0,10.5,57075.200000000004
L,295.5,306,1546,35.9,169,0,0,0,0,0,0,10.5,55501.399999999994
M,295.6,306.1,1490,42.7,171,0,0,0,0,0,0,10.5,63623.00000000001
L,295.6,306,1569,40.4,174,0,0,0,0,0,0,10.399999999999977,63387.6
L,295.5,306,1621,29.5,176,0,0,0,0,0,0,10.5,47819.5
M,295.4,305.9,1518,40.6,178,0,0,0,0,0,0,10.5,61630.8
M,295.4,305.8,1526,38.2,181,0,0,0,0,0,0,10.400000000000034,58293.200000000004
M,295.3,305.8,1589,36.2,184,0,0,0,0,0,0,10.5,57521.8
L,295.3,305.7,1475,51,187,0,0,0,0,0,0,10.399999999999977,75225
M,295.3,305.7,1473,38.5,189,0,0,0,0,0,0,10.399999999999977,56710.5
L,295.4,305.8,1407,50.7,192,0,0,0,0,0,0,10.400000000000034,71334.90000000001
M,295.5,305.9,1518,44.1,194,0,0,0,0,0,0,10.399999999999977,66943.8
H,295.5,305.9,1593,37.2,197,0,0,0,0,0,0,10.399999999999977,59259.600000000006
M,295.5,305.9,1380,52.4,202,0,0,0,0,0,0,10.399999999999977,72312
M,295.5,306,1423,45.3,205,0,0,0,0,0,0,10.5,64461.899999999994
L,295.5,306,1800,27.6,208,0,0,0,0,0,0,10.5,49680
H,295.6,306.1,1623,30.9,210,0,0,0,0,0,0,10.5,50150.7
L,295.6,306.1,1372,55.6,215,1,0,0,0,1,0,10.5,76283.2
H,295.6,306,1396,52.4,0,0,0,0,0,0,0,10.399999999999977,73150.4
L,295.6,306,1949,21.9,5,0,0,0,0,0,0,10.399999999999977,42683.1
L,295.6,306,1419,51.1,7,0,0,0,0,0,0,10.399999999999977,72510.90000000001
M,295.5,305.9,1453,47.3,9,0,0,0,0,0,0,10.399999999999977,68726.9
L,295.5,305.9,1542,36.2,12,0,0,0,0,0,0,10.399999999999977,55820.4
L,295.6,306,1363,50,14,0,0,0,0,0,0,10.399999999999977,68150
L,295.5,306,1597,37.2,16,0,0,0,0,0,0,10.5,59408.4
M,295.5,306,1326,50.8,18,0,0,0,0,0,0,10.5,67360.8
M,295.5,306,1641,36.6,21,0,0,0,0,0,0,10.5,60060.600000000006
M,295.6,306.1,1418,46.2,24,0,0,0,0,0,0,10.5,65511.600000000006
L,295.6,306.2,1263,61.8,27,0,0,0,0,0,0,10.599999999999966,78053.4
L,295.6,306.2,1823,25.8,29,0,0,0,0,0,0,10.599999999999966,47033.4
L,295.5,306.1,1488,40.7,31,0,0,0,0,0,0,10.600000000000023,60561.600000000006
L,295.6,306.2,1443,48.9,33,0,0,0,0,0,0,10.599999999999966,70562.7
L,295.6,306.2,1650,28.2,35,0,0,0,0,0,0,10.599999999999966,46530
M,295.7,306.3,1462,44.3,37,0,0,0,0,0,0,10.600000000000023,64766.6
M,295.6,306.2,1477,45,40,0,0,0,0,0,0,10.599999999999966,66465
M,295.7,306.3,1712,28.5,43,0,0,0,0,0,0,10.600000000000023,48792
M,295.7,306.3,1347,50.4,46,0,0,0,0,0,0,10.600000000000023,67888.8
L,295.6,306.2,1287,54.8,49,0,0,0,0,0,0,10.599999999999966,70527.59999999999
L,295.6,306.2,1428,44.5,51,0,0,0,0,0,0,10.599999999999966,63546
M,295.6,306.3,1426,45.5,53,0,0,0,0,0,0,10.699999999999989,64883
L,295.6,306.3,1636,32.7,56,0,0,0,0,0,0,10.699999999999989,53497.200000000004
L,295.6,306.2,1424,42.5,58,0,0,0,0,0,0,10.599999999999966,60520
H,295.6,306.3,1509,35.8,60,0,0,0,0,0,0,10.699999999999989,54022.2
L,295.5,306.2,1448,48.9,65,0,0,0,0,0,0,10.699999999999989,70807.2
L,295.5,306.1,1650,32.8,67,0,0,0,0,0,0,10.600000000000023,54119.99999999999
H,295.6,306.2,1414,42.5,69,0,0,0,0,0,0,10.599999999999966,60095
L,295.6,306.3,1911,20.9,74,0,0,0,0,0,0,10.699999999999989,39939.899999999994
H,295.6,306.2,1632,32.2,76,0,0,0,0,0,0,10.599999999999966,52550.4
M,295.7,306.4,1387,40.1,81,0,0,0,0,0,0,10.699999999999989,55618.700000000004
L,295.8,306.4,1399,47.6,84,0,0,0,0,0,0,10.599999999999966,66592.40000000001
L,295.8,306.5,1505,35.2,86,0,0,0,0,0,0,10.699999999999989,52976.00000000001
L,295.8,306.5,1534,37.9,88,0,0,0,0,0,0,10.699999999999989,58138.6
L,295.8,306.5,1493,40.5,90,0,0,0,0,0,0,10.699999999999989,60466.5
M,295.8,306.6,1480,43.2,92,0,0,0,0,0,0,10.800000000000011,63936.00000000001
L,295.8,306.6,1621,31.6,95,0,0,0,0,0,0,10.800000000000011,51223.600000000006
L,295.7,306.5,1737,26.2,97,0,0,0,0,0,0,10.800000000000011,45509.4
L,295.8,306.6,1508,46.5,99,0,0,0,0,0,0,10.800000000000011,70122
M,295.8,306.5,1641,32.2,101,0,0,0,0,0,0,10.699999999999989,52840.200000000004
M,295.9,306.6,1532,38.6,104,0,0,0,0,0,0,10.700000000000045,59135.200000000004
L,295.9,306.7,1547,40.9,107,0,0,0,0,0,0,10.800000000000011,63272.299999999996
L,295.9,306.6,1412,41,109,0,0,0,0,0,0,10.700000000000045,57892
L,295.8,306.5,1568,35.1,111,0,0,0,0,0,0,10.699999999999989,55036.8
L,295.9,306.6,1557,41.1,113,0,0,0,0,0,0,10.700000000000045,63992.700000000004
L,295.8,306.6,1644,35.2,115,0,0,0,0,0,0,10.800000000000011,57868.8
L,295.9,306.6,1679,30.4,117,0,0,0,0,0,0,10.700000000000045,51041.6
L,296,306.6,1511,35.2,119,0,0,0,0,0,0,10.600000000000023,53187.200000000004
M,296,306.6,1628,36.8,121,0,0,0,0,0,0,10.600000000000023,59910.399999999994
M,296,306.6,1392,51.3,124,0,0,0,0,0,0,10.600000000000023,71409.59999999999
L,296,306.7,1917,21,127,0,0,0,0,0,0,10.699999999999989,40257
M,296.2,306.8,1526,42.3,129,0,0,0,0,0,0,10.600000000000023,64549.799999999996
L,296.2,306.8,1389,53.3,132,0,0,0,0,0,0,10.600000000000023,74033.7
L,296.1,306.7,1409,42.8,134,0,0,0,0,0,0,10.599999999999966,60305.2
L,296.2,306.8,1655,31.1,136,0,0,0,0,0,0,10.600000000000023,51470.5
L,296.2,306.9,1516,39.1,138,0,0,0,0,0,0,10.699999999999989,59275.6
L,296.2,306.9,1526,34.9,140,0,0,0,0,0,0,10.699999999999989,53257.4
L,296.3,307.1,1419,48.6,142,0,0,0,0,0,0,10.800000000000011,68963.40000000001
L,296.4,307.2,1748,25.3,144,0,0,0,0,0,0,10.800000000000011,44224.4
H,296.4,307.1,1638,32.5,146,0,0,0,0,0,0,10.700000000000045,53235
M,296.3,307.1,1534,33.8,151,0,0,0,0,0,0,10.800000000000011,51849.2
H,296.3,307.1,1774,25.9,154,0,0,0,0,0,0,10.800000000000011,45946.6
M,296.2,307,2119,18.3,159,0,0,0,0,0,0,10.800000000000011,38777.700000000004
L,296.2,307,1414,48.3,162,0,0,0,0,0,0,10.800000000000011,68296.2
M,296.1,307,1523,42,164,0,0,0,0,0,0,10.899999999999977,63966
L,296.1,307.1,1651,35.7,167,0,0,0,0,0,0,11,58940.700000000004
M,296.1,307.1,1485,36,169,0,0,0,0,0,0,11,53460
M,296.2,307.2,1168,63.4,172,0,0,0,0,0,0,11,74051.2
L,296.3,307.3,1566,35.8,175,0,0,0,0,0,0,11,56062.799999999996
M,296.3,307.2,1286,51.1,177,0,0,0,0,0,0,10.899999999999977,65714.6
M,296.3,307.2,1446,45.9,180,0,0,0,0,0,0,10.899999999999977,66371.4
M,296.4,307.2,2071,19.4,183,0,0,0,0,0,0,10.800000000000011,40177.399999999994
L,296.3,307.1,1560,33.2,186,0,0,0,0,0,0,10.800000000000011,51792.00000000001
L,296.3,307.1,1654,29.6,188,0,0,0,0,0,0,10.800000000000011,48958.4
L,296.3,307.1,1662,32.9,190,0,0,0,0,0,0,10.800000000000011,54679.799999999996
L,296.3,307.2,1646,35,192,0,0,0,0,0,0,10.899999999999977,57610
L,296.2,307.1,1444,46.7,194,0,0,0,0,0,0,10.900000000000034,67434.8
H,296.3,307.2,1424,42,196,0,0,0,0,0,0,10.899999999999977,59808
L,296.2,307.2,1382,52,201,0,0,0,0,0,0,11,71864
L,296.2,307.1,1413,53.4,203,0,0,0,0,0,0,10.900000000000034,75454.2
M,296.2,307.2,1633,31.1,0,0,0,0,0,0,0,11,50786.3
L,296.2,307.1,1441,41.7,3,0,0,0,0,0,0,10.900000000000034,60089.700000000004
M,296.2,307.2,1385,44,5,0,0,0,0,0,0,11,60940
M,296.2,307.2,1552,34.8,8,0,0,0,0,0,0,11,54009.6
M,296.2,307.3,1451,42.8,11,0,0,0,0,0,0,11.100000000000023,62102.799999999996
M,296.1,307.1,1433,38.5,14,0,0,0,0,0,0,11,55170.5
M,296.1,307.2,1619,29.7,17,0,0,0,0,0,0,11.099999999999966,48084.299999999996
L,296.2,307.2,1445,41.8,20,0,0,0,0,0,0,11,60400.99999999999
L,296.2,307.2,1356,43.6,22,0,0,0,0,0,0,11,59121.6
M,296.3,307.2,1319,68.3,24,1,0,0,1,0,0,10.899999999999977,90087.7
L,296.3,307.2,1637,31.6,27,0,0,0,0,0,0,10.899999999999977,51729.200000000004
L,296.3,307.2,1291,58.6,29,0,0,0,0,0,0,10.899999999999977,75652.6
L,296.3,307.3,1398,52.7,31,0,0,0,0,0,0,11,73674.6
L,296.3,307.3,1372,57.7,33,0,0,0,0,0,0,11,79164.40000000001
M,296.3,307.2,1454,42.5,35,0,0,0,0,0,0,10.899999999999977,61795
L,296.2,307.2,1515,36.5,38,0,0,0,0,0,0,11,55297.5
L,296.2,307.3,1881,24.3,40,0,0,0,0,0,0,11.100000000000023,45708.3
L,296.2,307.3,1711,29.9,42,0,0,0,0,0,0,11.100000000000023,51158.899999999994
L,296.2,307.3,1475,37,44,0,0,0,0,0,0,11.100000000000023,54575
L,296.4,307.4,1512,36.8,46,0,0,0,0,0,0,11,55641.6
M,296.3,307.4,1335,50.5,48,0,0,0,0,0,0,11.099999999999966,67417.5
L,296.3,307.4,1472,39.9,51,0,0,0,0,0,0,11.099999999999966,58732.799999999996
M,296.2,307.3,1477,35.2,53,0,0,0,0,0,0,11.100000000000023,51990.4
L,296.3,307.4,1760,28.4,56,0,0,0,0,0,0,11.099999999999966,49984
L,296.4,307.5,1549,36.1,58,0,0,0,0,0,0,11.100000000000023,55918.9
L,296.3,307.4,1648,34,60,0,0,0,0,0,0,11.099999999999966,56032
H,296.4,307.5,1556,38,62,0,0,0,0,0,0,11.100000000000023,59128
M,296.3,307.4,1958,19.1,67,0,0,0,0,0,0,11.099999999999966,37397.8
L,296.4,307.4,1403,48.4,70,0,0,0,0,0,0,11,67905.2
M,296.4,307.5,1684,31.4,72,0,0,0,0,0,0,11.100000000000023,52877.6
H,296.4,307.5,1596,35.1,75,0,0,0,0,0,0,11.100000000000023,56019.600000000006
L,296.6,307.6,1498,41.1,80,0,0,0,0,0,0,11,61567.8
L,296.7,307.7,1524,36.8,82,0,0,0,0,0,0,11,56083.2
L,296.7,307.7,1502,43.9,84,0,0,0,0,0,0,11,65937.8
L,296.6,307.6,1809,25.1,86,0,0,0,0,0,0,11,45405.9
L,296.6,307.6,1542,37.4,88,0,0,0,0,0,0,11,57670.799999999996
L,296.5,307.6,1431,45.2,90,0,0,0,0,0,0,11.100000000000023,64681.200000000004
L,296.5,307.6,1512,43.6,92,0,0,0,0,0,0,11.100000000000023,65923.2
H,296.4,307.5,1403,52.8,94,0,0,0,0,0,0,11.100000000000023,74078.4
L,296.4,307.5,1331,47.8,99,0,0,0,0,0,0,11.100000000000023,63621.799999999996
M,296.6,307.7,1474,52.6,101,0,0,0,0,0,0,11.099999999999966,77532.40000000001
L,296.5,307.6,1607,33.5,104,0,0,0,0,0,0,11.100000000000023,53834.5
L,296.5,307.6,1415,44.2,106,0,0,0,0,0,0,11.100000000000023,62543.00000000001
L,296.6,307.6,1671,28.8,108,0,0,0,0,0,0,11,48124.8
L,296.6,307.7,1556,37.7,110,0,0,0,0,0,0,11.099999999999966,58661.200000000004
L,296.7,307.7,1927,23.9,112,0,0,0,0,0,0,11,46055.299999999996
M,296.7,307.7,1597,32.1,114,0,0,0,0,0,0,11,51263.700000000004
H,296.8,307.8,1627,30.5,117,0,0,0,0,0,0,11,49623.5
L,296.8,307.8,1480,39.4,122,0,0,0,0,0,0,11,58312
L,296.8,307.8,1565,39.5,124,0,0,0,0,0,0,11,61817.5
L,296.8,307.8,1573,36.4,126,0,0,0,0,0,0,11,57257.2
L,296.7,307.8,1605,31.3,128,0,0,0,0,0,0,11.100000000000023,50236.5
M,296.7,307.9,1874,21.3,130,0,0,0,0,0,0,11.199999999999989,39916.200000000004
H,296.7,307.9,1424,53.8,133,0,0,0,0,0,0,11.199999999999989,76611.2
L,296.7,307.9,1420,50.1,138,0,0,0,0,0,0,11.199999999999989,71142
L,296.8,307.9,1372,49,140,0,0,0,0,0,0,11.099999999999966,67228
M,296.8,307.8,1664,32.8,142,0,0,0,0,0,0,11,54579.2
M,296.8,307.9,1409,44.3,145,0,0,0,0,0,0,11.099999999999966,62418.7
L,296.8,307.9,1718,25.2,148,0,0,0,0,0,0,11.099999999999966,43293.6
M,296.9,307.8,1544,40.3,150,0,0,0,0,0,0,10.900000000000034,62223.2
L,296.9,307.8,1466,45.7,153,0,0,0,0,0,0,10.900000000000034,66996.2
L,296.8,307.8,1394,47.7,155,0,0,0,0,0,0,11,66493.8
M,296.9,307.8,1840,24.6,157,0,0,0,0,0,0,10.900000000000034,45264
M,296.9,307.8,1477,37.2,160,0,0,0,0,0,0,10.900000000000034,54944.4
L,296.9,307.8,1425,49.1,163,0,0,0,0,0,0,10.900000000000034,69967.5
M,297,307.9,1414,46.2,165,0,0,0,0,0,0,10.899999999999977,65326.8
L,297,307.8,1414,47.5,168,0,0,0,0,0,0,10.800000000000011,67165
L,297,307.9,1595,31.7,170,0,0,0,0,0,0,10.899999999999977,50561.5
H,296.9,307.8,1345,54.5,172,0,0,0,0,0,0,10.900000000000034,73302.5
L,296.9,307.7,1653,35.9,177,0,0,0,0,0,0,10.800000000000011,59342.7
L,296.8,307.6,1547,36.5,179,0,0,0,0,0,0,10.800000000000011,56465.5
H,296.9,307.7,1656,30.8,181,0,0,0,0,0,0,10.800000000000011,51004.8
L,297,307.7,1731,28.5,186,0,0,0,0,0,0,10.699999999999989,49333.5
L,297,307.8,1774,28,188,0,0,0,0,0,0,10.800000000000011,49672
L,297,307.8,1521,40.2,190,0,0,0,0,0,0,10.800000000000011,61144.200000000004
H,297.1,307.9,1420,39.8,192,0,0,0,0,0,0,10.799999999999955,56515.99999999999
L,297,307.8,1683,32.3,197,0,0,0,0,0,0,10.800000000000011,54360.899999999994
M,297,307.7,1498,47.1,199,0,0,0,0,0,0,10.699999999999989,70555.8
L,297,307.8,1385,56.4,202,1,0,0,0,1,0,10.800000000000011,78114
L,297,307.9,1455,49,204,0,0,0,0,0,0,10.899999999999977,71295
H,296.9,307.8,1549,35.8,206,1,1,0,0,0,0,10.900000000000034,55454.2
M,296.9,307.8,1392,43.9,0,0,0,0,0,0,0,10.900000000000034,61108.799999999996
M,296.9,307.7,2008,17.5,3,0,0,0,0,0,0,10.800000000000011,35140
L,296.9,307.7,1464,41.4,6,0,0,0,0,0,0,10.800000000000011,60609.6
L,297,307.7,1447,46.4,8,0,0,0,0,0,0,10.699999999999989,67140.8
M,296.9,307.6,1685,32,10,0,0,0,0,0,0,10.700000000000045,53920
M,296.8,307.5,1443,39.2,13,0,0,0,0,0,0,10.699999999999989,56565.600000000006
L,296.9,307.5,1354,44.4,16,0,0,0,0,0,0,10.600000000000023,60117.6
L,296.9,307.5,2721,9.3,18,1,0,0,1,0,0,10.600000000000023,25305.300000000003
L,297,307.6,1680,35.8,20,0,0,0,0,0,0,10.600000000000023,60143.99999999999
H,296.9,307.5,1397,48.3,22,0,0,0,0,0,0,10.600000000000023,67475.09999999999
M,296.9,307.4,1521,37.9,27,0,0,0,0,0,0,10.5,57645.9
M,296.8,307.4,1472,43.9,30,0,0,0,0,0,0,10.599999999999966,64620.799999999996
H,296.8,307.5,1695,30,33,0,0,0,0,0,0,10.699999999999989,50850
H,296.7,307.5,1607,33.6,38,0,0,0,0,0,0,10.800000000000011,53995.200000000004
L,296.8,307.5,1347,54.8,43,0,0,0,0,0,0,10.699999999999989,73815.59999999999
M,296.7,307.4,1540,38.7,45,0,0,0,0,0,0,10.699999999999989,59598.00000000001
L,296.6,307.4,1389,42.7,48,0,0,0,0,0,0,10.799999999999955,59310.3
M,296.6,307.5,1734,27,50,0,0,0,0,0,0,10.899999999999977,46818
L,296.7,307.6,1540,38.6,53,0,0,0,0,0,0,10.900000000000034,59444
M,296.7,307.5,1515,42.1,55,0,0,0,0,0,0,10.800000000000011,63781.5
L,296.6,307.4,1504,45.8,58,0,0,0,0,0,0,10.799999999999955,68883.2
L,296.6,307.5,1557,35.1,60,0,0,0,0,0,0,10.899999999999977,54650.700000000004
L,296.5,307.4,1292,52.5,62,0,0,0,0,0,0,10.899999999999977,67830
H,296.5,307.4,1432,49.2,64,0,0,0,0,0,0,10.899999999999977,70454.40000000001
M,296.5,307.4,1350,55.6,69,0,0,0,0,0,0,10.899999999999977,75060
M,296.6,307.4,1790,25.8,72,0,0,0,0,0,0,10.799999999999955,46182
H,296.4,307.3,1540,37.4,75,0,0,0,0,0,0,10.900000000000034,57596
M,296.4,307.3,2077,19.1,80,0,0,0,0,0,0,10.900000000000034,39670.700000000004
L,296.4,307.3,1487,37.5,83,0,0,0,0,0,0,10.900000000000034,55762.5
L,296.5,307.4,1523,40.7,85,0,0,0,0,0,0,10.899999999999977,61986.100000000006
L,296.5,307.5,1443,41.8,87,0,0,0,0,0,0,11,60317.399999999994
L,296.5,307.5,1340,59.1,89,0,0,0,0,0,0,11,79194
H,296.6,307.7,1654,31,91,0,0,0,0,0,0,11.099999999999966,51274
L,296.6,307.6,1459,40.2,96,0,0,0,0,0,0,11,58651.8
L,296.5,307.6,1541,38.5,98,0,0,0,0,0,0,11.100000000000023,59328.5
H,296.6,307.7,1386,62.3,100,1,0,0,1,0,0,11.099999999999966,86347.8
M,296.7,307.8,1258,69,105,1,0,0,1,0,0,11.100000000000023,86802
M,296.7,307.8,1375,51.4,108,0,0,0,0,0,0,11.100000000000023,70675
L,296.8,307.9,1706,30.8,111,0,0,0,0,0,0,11.099999999999966,52544.8
M,296.7,307.8,1672,32.4,113,0,0,0,0,0,0,11.100000000000023,54172.799999999996
M,296.8,307.9,1843,25.2,116,0,0,0,0,0,0,11.099999999999966,46443.6
L,296.7,307.9,1690,29.6,119,0,0,0,0,0,0,11.199999999999989,50024
L,296.8,307.9,1413,46.5,121,0,0,0,0,0,0,11.099999999999966,65704.5
L,296.8,307.9,1489,33.4,123,0,0,0,0,0,0,11.099999999999966,49732.6
L,296.8,307.9,1271,61.4,125,0,0,0,0,0,0,11.099999999999966,78039.4
M,296.8,307.9,1418,47.9,127,0,0,0,0,0,0,11.099999999999966,67922.2
M,296.9,307.8,1426,50.7,130,0,0,0,0,0,0,10.900000000000034,72298.2
L,296.9,307.9,1535,39.2,133,0,0,0,0,0,0,11,60172.00000000001
L,296.9,307.8,1557,38.1,135,0,0,0,0,0,0,10.900000000000034,59321.700000000004
L,296.9,307.8,1653,29.7,137,0,0,0,0,0,0,10.900000000000034,49094.1
L,296.9,307.9,1435,41.6,139,0,0,0,0,0,0,11,59696
M,297,307.9,1569,33.3,141,0,0,0,0,0,0,10.899999999999977,52247.7
M,296.9,307.9,1385,44.8,144,0,0,0,0,0,0,11,62047.99999999999
L,297,307.9,1635,31.6,147,0,0,0,0,0,0,10.899999999999977,51666
L,296.9,307.9,1423,43.9,149,0,0,0,0,0,0,11,62469.7
L,297,307.9,1479,39.2,151,0,0,0,0,0,0,10.899999999999977,57976.8
L,297,307.9,1296,69.1,153,1,0,0,1,0,0,10.899999999999977,89553.59999999999
L,297,307.8,1553,33.3,155,0,0,0,0,0,0,10.800000000000011,51714.899999999994
L,297,307.9,1529,42.2,157,0,0,0,0,0,0,10.899999999999977,64523.8
M,297.1,308,1690,25.6,159,0,0,0,0,0,0,10.899999999999977,43264
L,297.1,308,1348,58,162,0,0,0,0,0,0,10.899999999999977,78184
L,297.2,308.1,1446,38.5,164,0,0,0,0,0,0,10.900000000000034,55671
L,297.1,307.9,1456,50,166,0,0,0,0,0,0,10.799999999999955,72800
L,297,307.9,1350,47.7,168,0,0,0,0,0,0,10.899999999999977,64395.00000000001
L,297.1,307.9,1507,38.3,170,0,0,0,0,0,0,10.799999999999955,57718.1
H,297,307.9,1448,45.6,172,0,0,0,0,0,0,10.899999999999977,66028.8
L,296.9,307.9,1626,29.9,177,0,0,0,0,0,0,11,48617.399999999994
H,297,307.9,1846,27.3,179,0,0,0,0,0,0,10.899999999999977,50395.8
H,297,307.8,1404,40.7,184,0,0,0,0,0,0,10.800000000000011,57142.8
L,297,307.8,1583,37.2,189,0,0,0,0,0,0,10.800000000000011,58887.600000000006
L,297,307.9,1436,47.7,191,0,0,0,0,0,0,10.899999999999977,68497.2
L,297,307.8,1609,35.6,193,0,0,0,0,0,0,10.800000000000011,57280.4
H,297,307.7,1834,23.8,195,0,0,0,0,0,0,10.699999999999989,43649.200000000004
L,297,307.8,1316,61.2,200,1,0,0,0,1,0,10.800000000000011,80539.2
L,296.9,307.8,1400,57.1,202,1,0,0,0,1,0,10.900000000000034,79940
L,296.9,307.9,1367,47.1,204,0,0,0,0,0,0,11,64385.700000000004
L,297.1,308.1,1754,30.3,206,0,0,0,0,0,0,11,53146.200000000004
L,297.1,308.1,1487,34.6,208,0,0,0,0,0,0,11,51450.200000000004
M,297.1,308.1,1506,37.7,210,0,0,0,0,0,0,11,56776.200000000004
L,297,308.1,1362,52.5,213,1,0,0,0,1,0,11.100000000000023,71505
L,297.1,308.1,1584,36.8,215,0,0,0,0,0,0,11,58291.2
L,297,308.1,1355,43.7,217,0,0,0,0,0,0,11.100000000000023,59213.50000000001
M,297.1,308.1,1823,24.3,219,0,0,0,0,0,0,11,44298.9
H,297,308.1,1517,41.4,222,0,0,0,0,0,0,11.100000000000023,62803.799999999996
L,297.1,308.1,1446,36.6,227,0,0,0,0,0,0,11,52923.6
H,297.1,308,1559,38.8,229,0,0,0,0,0,0,10.899999999999977,60489.2
M,297.1,308.1,1352,44.4,0,0,0,0,0,0,0,11,60028.799999999996
M,297.2,308.3,1578,37.8,3,0,0,0,0,0,0,11.100000000000023,59648.399999999994
M,297.2,308.3,1429,42,6,0,0,0,0,0,0,11.100000000000023,60018
M,297.2,308.3,1604,39.4,9,0,0,0,0,0,0,11.100000000000023,63197.6
L,297.3,308.5,1398,60.4,12,0,0,0,0,0,0,11.199999999999989,84439.2
L,297.3,308.4,1441,43.4,14,0,0,0,0,0,0,11.099999999999966,62539.4
H,297.3,308.4,1531,35.6,16,0,0,0,0,0,0,11.099999999999966,54503.6
L,297.2,308.3,1379,52.1,21,0,0,0,0,0,0,11.100000000000023,71845.90000000001
L,297.3,308.3,1410,48.1,23,0,0,0,0,0,0,11,67821
L,297.3,308.4,1513,40.5,25,0,0,0,0,0,0,11.099999999999966,61276.5
L,297.3,308.5,1497,47.5,27,0,0,0,0,0,0,11.199999999999989,71107.5
L,297.3,308.4,1491,46.5,29,0,0,0,0,0,0,11.099999999999966,69331.5
L,297.3,308.4,1417,47.8,31,0,0,0,0,0,0,11.099999999999966,67732.59999999999
M,297.4,308.6,1522,38,33,0,0,0,0,0,0,11.200000000000045,57836
L,297.3,308.4,1339,52.1,36,0,0,0,0,0,0,11.099999999999966,69761.90000000001
M,297.2,308.3,1794,27.5,38,0,0,0,0,0,0,11.100000000000023,49335
L,297.2,308.4,1460,42.1,41,0,0,0,0,0,0,11.199999999999989,61466
M,297.2,308.3,1776,28,43,0,0,0,0,0,0,11.100000000000023,49728
M,297.2,308.3,1431,43.7,46,0,0,0,0,0,0,11.100000000000023,62534.700000000004
L,297.1,308.2,1347,50.8,49,0,0,0,0,0,0,11.099999999999966,68427.59999999999
M,297,308.1,1507,43.1,51,0,0,0,0,0,0,11.100000000000023,64951.700000000004
M,297,308,1408,47.9,54,0,0,0,0,0,0,11,67443.2
M,297,307.9,1493,34.7,57,0,0,0,0,0,0,10.899999999999977,51807.100000000006
M,296.9,307.9,1441,47.6,60,0,0,0,0,0,0,11,68591.6
H,296.9,307.9,1557,36.5,63,0,0,0,0,0,0,11,56830.5
M,296.9,307.9,1979,20.4,68,0,0,0,0,0,0,11,40371.6
M,296.9,308,1430,55.9,71,0,0,0,0,0,0,11.100000000000023,79937
L,296.9,308,1658,41,74,0,0,0,0,0,0,11.100000000000023,67978
M,297,308.1,1355,51.4,76,0,0,0,0,0,0,11.100000000000023,69647
H,297,308.1,1410,47.6,79,0,0,0,0,0,0,11.100000000000023,67116
L,296.9,308,1521,34.5,84,0,0,0,0,0,0,11.100000000000023,52474.5
L,296.8,308,1371,54.5,86,0,0,0,0,0,0,11.199999999999989,74719.5
H,296.9,308,1318,53.5,88,0,0,0,0,0,0,11.100000000000023,70513
M,297,308.1,1573,34.9,93,0,0,0,0,0,0,11.100000000000023,54897.7
L,297,308.1,1489,44.1,96,0,0,0,0,0,0,11.100000000000023,65664.90000000001
H,297,308.1,2540,13.3,98,0,0,0,0,0,0,11.100000000000023,33782
L,297,308.1,1537,39,103,0,0,0,0,0,0,11.100000000000023,59943
H,296.9,308,1416,46.9,105,0,0,0,0,0,0,11.100000000000023,66410.4
L,296.9,307.9,1359,56.5,110,0,0,0,0,0,0,11,76783.5
M,296.8,307.8,1551,38.9,112,0,0,0,0,0,0,11,60333.899999999994
M,296.8,307.8,1694,33,115,0,0,0,0,0,0,11,55902
L,296.8,307.9,1709,28.4,118,0,0,0,0,0,0,11.099999999999966,48535.6
L,296.9,308,1514,41,120,0,0,0,0,0,0,11.100000000000023,62074
L,297,308.1,1455,43.5,122,0,0,0,0,0,0,11.100000000000023,63292.5
M,297,308.2,1702,30.7,124,0,0,0,0,0,0,11.199999999999989,52251.4
M,296.9,308.1,1357,41.8,127,0,0,0,0,0,0,11.200000000000045,56722.6
L,297,308.2,1577,29.4,130,0,0,0,0,0,0,11.199999999999989,46363.799999999996
M,297,308.3,1399,46.4,132,0,0,0,0,0,1,11.300000000000011,64913.6
L,297,308.3,1399,59,135,0,0,0,0,0,0,11.300000000000011,82541
L,297,308.3,1492,48.1,137,0,0,0,0,0,0,11.300000000000011,71765.2
L,297.1,308.3,1763,25.7,139,0,0,0,0,0,0,11.199999999999989,45309.1
H,297.1,308.3,1492,41.5,141,0,0,0,0,0,0,11.199999999999989,61918
L,297.1,308.4,1488,42.5,146,0,0,0,0,0,0,11.299999999999955,63240
L,297.1,308.4,1422,42.1,148,0,0,0,0,0,0,11.299999999999955,59866.200000000004
M,297.1,308.4,1583,38.2,150,0,0,0,0,0,0,11.299999999999955,60470.600000000006
L,297.1,308.4,1304,53.5,153,0,0,0,0,0,0,11.299999999999955,69764
M,297.1,308.4,1880,23.5,155,0,0,0,0,0,0,11.299999999999955,44180
M,297.2,308.5,1604,40.7,158,0,0,0,0,0,0,11.300000000000011,65282.8
L,297.2,308.6,1500,37.1,161,0,0,0,0,0,0,11.400000000000034,55650
M,297.2,308.5,1364,55.6,163,0,0,0,0,0,0,11.300000000000011,75838.40000000001
H,297.2,308.5,2440,14,166,0,0,0,0,0,0,11.300000000000011,34160
H,297.1,308.4,1654,31.4,171,0,0,0,0,0,0,11.299999999999955,51935.6
H,297.1,308.4,1359,46.6,176,0,0,0,0,0,0,11.299999999999955,63329.4
M,297.1,308.4,1502,37.3,181,0,0,0,0,0,0,11.299999999999955,56024.6
M,297.1,308.4,1615,32.6,184,0,0,0,0,0,0,11.299999999999955,52649
H,297.2,308.5,1482,39.3,187,0,0,0,0,0,0,11.300000000000011,58242.6
L,297.2,308.6,1636,31.3,192,0,0,0,0,0,0,11.400000000000034,51206.8
M,297.1,308.5,1621,32.4,194,0,0,0,0,0,0,11.399999999999977,52520.399999999994
L,297.1,308.4,1468,44.4,197,0,0,0,0,0,0,11.299999999999955,65179.2
M,297.1,308.4,1432,53.4,199,0,0,0,0,0,0,11.299999999999955,76468.8
L,297.1,308.4,1726,28.4,202,0,0,0,0,0,0,11.299999999999955,49018.399999999994
M,297.1,308.4,1588,33.4,204,0,0,0,0,0,0,11.299999999999955,53039.2
H,297.2,308.5,1653,33.3,207,0,0,0,0,0,0,11.300000000000011,55044.899999999994
L,297.2,308.5,1513,42.9,212,0,0,0,0,0,0,11.300000000000011,64907.7
L,297.2,308.6,1489,40.2,214,0,0,0,0,0,0,11.400000000000034,59857.8
L,297.3,308.7,1467,36.8,216,0,0,0,0,0,0,11.399999999999977,53985.6
L,297.3,308.7,1549,36.1,218,0,0,0,0,0,0,11.399999999999977,55918.9
M,297.4,308.8,1359,48.7,220,0,0,0,0,0,0,11.400000000000034,66183.3
L,297.5,308.8,1533,41.5,223,0,0,0,0,0,0,11.300000000000011,63619.5
L,297.5,308.8,1309,57.3,0,0,0,0,0,0,0,11.300000000000011,75005.7
H,297.5,308.8,1430,49.4,2,0,0,0,0,0,0,11.300000000000011,70642
H,297.5,308.9,1419,50.7,7,0,0,0,0,0,0,11.399999999999977,71943.3
M,297.5,308.9,1535,37.7,12,0,0,0,0,0,0,11.399999999999977,57869.50000000001
L,297.5,308.9,1466,43,15,0,0,0,0,0,0,11.399999999999977,63038
L,297.5,308.9,1427,50.4,17,0,0,0,0,0,0,11.399999999999977,71920.8
M,297.5,308.9,1280,48.5,19,0,0,0,0,0,0,11.399999999999977,62080
L,297.6,309,1528,33.8,22,0,0,0,0,0,0,11.399999999999977,51646.399999999994
H,297.6,309,1885,25.2,24,0,0,0,0,0,0,11.399999999999977,47502
H,297.8,309.2,1648,33,29,0,0,0,0,0,0,11.399999999999977,54384
L,297.8,309.2,1400,56.9,34,0,0,0,0,0,0,11.399999999999977,79660
M,297.8,309.3,2243,15.7,36,0,0,0,0,0,0,11.5,35215.1
L,297.9,309.4,1558,35.7,39,0,0,0,0,0,0,11.5,55620.600000000006
L,298,309.6,1633,34.8,41,0,0,0,0,0,0,11.600000000000023,56828.399999999994
M,298.1,309.6,1549,38.7,43,0,0,0,0,0,0,11.5,59946.3
L,298,309.5,1496,45.8,46,0,0,0,0,0,0,11.5,68516.8
L,298.1,309.5,1467,41.8,48,0,0,0,0,0,0,11.399999999999977,61320.6
M,298,309.4,1276,65.9,50,0,0,0,0,0,0,11.399999999999977,84088.40000000001
H,298,309.4,1490,40.5,53,0,0,0,0,0,0,11.399999999999977,60345
H,298,309.4,1562,38.1,58,0,0,0,0,0,0,11.399999999999977,59512.200000000004
L,298.1,309.4,1397,48.2,63,0,0,0,0,0,0,11.299999999999955,67335.40000000001
H,298.1,309.5,1530,40.2,65,0,0,0,0,0,0,11.399999999999977,61506.00000000001
M,298.1,309.4,1362,47.6,70,0,0,0,0,0,0,11.299999999999955,64831.200000000004
M,298.2,309.4,1693,34.4,73,0,0,0,0,0,0,11.199999999999989,58239.2
M,298.2,309.4,1408,46.5,76,0,0,0,0,0,0,11.199999999999989,65472
L,298.2,309.4,1398,52.9,79,0,0,0,0,0,0,11.199999999999989,73954.2
M,298.3,309.6,1531,40.1,81,0,0,0,0,0,0,11.300000000000011,61393.1
H,298.3,309.5,1521,37.1,84,0,0,0,0,0,0,11.199999999999989,56429.1
H,298.3,309.5,1427,54.3,89,0,0,0,0,0,0,11.199999999999989,77486.09999999999
L,298.3,309.4,1546,36.1,94,0,0,0,0,0,0,11.099999999999966,55810.600000000006
L,298.3,309.4,1356,45.4,96,0,0,0,0,0,0,11.099999999999966,61562.4
L,298.4,309.5,2153,15.3,98,1,0,0,1,0,0,11.100000000000023,32940.9
M,298.5,309.6,1492,41.7,100,0,0,0,0,0,0,11.100000000000023,62216.4
L,298.5,309.6,1582,40.3,103,0,0,0,0,0,0,11.100000000000023,63754.6
L,298.5,309.6,1419,41.5,105,0,0,0,0,0,0,11.100000000000023,58888.5
M,298.5,309.6,1441,48.2,107,0,0,0,0,0,0,11.100000000000023,69456.2
M,298.6,309.7,1635,32.2,110,0,0,0,0,0,0,11.099999999999966,52647.00000000001
L,298.6,309.7,1429,45.8,113,0,0,0,0,0,0,11.099999999999966,65448.2
M,298.6,309.7,1675,28.4,115,0,0,0,0,0,0,11.099999999999966,47570
M,298.7,309.7,1868,23.8,118,0,0,0,0,0,0,11,44458.4
H,298.7,309.8,1582,33.4,121,0,0,0,0,0,0,11.100000000000023,52838.799999999996
L,298.8,309.9,1486,40.3,126,0,0,0,0,0,0,11.099999999999966,59885.799999999996
L,298.7,309.8,1402,54.3,128,0,0,0,0,0,0,11.100000000000023,76128.59999999999
L,298.7,309.9,1621,34.1,130,0,0,0,0,0,0,11.199999999999989,55276.100000000006
L,298.8,309.9,1428,42.4,132,0,0,0,0,0,0,11.099999999999966,60547.2
M,298.7,309.8,1343,53.6,134,0,0,0,0,0,0,11.100000000000023,71984.8
M,298.7,309.9,1458,40.2,137,0,0,0,0,0,0,11.199999999999989,58611.600000000006
L,298.7,309.8,1322,57,140,0,0,0,0,0,0,11.100000000000023,75354
L,298.7,309.9,1483,32.8,142,0,0,0,0,0,0,11.199999999999989,48642.399999999994
L,298.6,309.8,1505,45.7,144,0,0,0,0,0,1,11.199999999999989,68778.5
L,298.7,309.9,1593,42.5,146,0,0,0,0,0,0,11.199999999999989,67702.5
L,298.8,310,2098,19.6,148,0,0,0,0,0,0,11.199999999999989,41120.8
L,298.8,310,1672,30.4,150,0,0,0,0,0,0,11.199999999999989,50828.799999999996
L,298.8,310,1487,41.4,152,0,0,0,0,0,0,11.199999999999989,61561.799999999996
L,298.8,310,1423,42.1,154,0,0,0,0,0,0,11.199999999999989,59908.3
L,298.9,310.1,1750,25,156,0,0,0,0,0,0,11.200000000000045,43750
L,298.9,310.2,1654,31.1,158,0,0,0,0,0,0,11.300000000000011,51439.4
L,298.9,310.2,1498,50.2,160,0,0,0,0,0,0,11.300000000000011,75199.6
L,298.9,310.1,1587,30.2,162,0,0,0,0,0,0,11.200000000000045,47927.4
L,298.9,310.1,1473,42.6,164,0,0,0,0,0,0,11.200000000000045,62749.8
L,298.9,310.2,1359,56.9,166,0,0,0,0,0,0,11.300000000000011,77327.09999999999
M,299,310.3,1635,34.5,168,0,0,0,0,0,0,11.300000000000011,56407.5
L,299,310.3,1520,45,171,0,0,0,0,0,0,11.300000000000011,68400
L,299,310.3,1507,36.7,173,0,0,0,0,0,0,11.300000000000011,55306.9
L,299,310.3,1428,46.3,175,0,0,0,0,0,0,11.300000000000011,66116.4
M,299,310.3,1582,33.3,177,0,0,0,0,0,0,11.300000000000011,52680.6
L,299,310.3,1929,24.4,180,0,0,0,0,0,0,11.300000000000011,47067.6
M,299,310.3,1540,38.1,182,0,0,0,0,0,0,11.300000000000011,58674
L,298.9,310.2,1362,53,185,0,0,0,0,0,0,11.300000000000011,72186
H,298.9,310.1,1452,49.9,187,0,0,0,0,0,0,11.200000000000045,72454.8
L,298.9,310.1,1361,51.7,192,0,0,0,0,0,0,11.200000000000045,70363.7
M,298.8,310.1,1243,74.5,194,1,0,0,1,1,0,11.300000000000011,92603.5
H,298.8,310.1,1567,36.8,197,0,0,0,0,0,0,11.300000000000011,57665.6
L,298.9,310.2,1411,46.5,202,0,0,0,0,0,0,11.300000000000011,65611.5
L,298.8,310.2,1814,26.8,204,0,0,0,0,0,0,11.399999999999977,48615.200000000004
M,298.8,310.1,1719,28.8,206,0,0,0,0,0,0,11.300000000000011,49507.200000000004
H,298.8,310.2,1663,30.4,209,0,0,0,0,0,0,11.399999999999977,50555.2
L,298.9,310.2,1696,30.2,214,0,0,0,0,0,0,11.300000000000011,51219.2
H,298.9,310.2,1771,26.8,216,0,0,0,0,0,0,11.300000000000011,47462.8
L,299,310.3,1868,24,221,0,0,0,0,0,0,11.300000000000011,44832
M,299,310.3,1558,35.4,223,0,0,0,0,0,0,11.300000000000011,55153.2
L,299,310.4,1365,49.1,226,1,0,0,0,1,0,11.399999999999977,67021.5
L,299,310.4,1371,53.8,228,1,0,0,0,1,0,11.399999999999977,73759.8
L,298.9,310.3,1583,32.6,230,0,0,0,0,0,0,11.400000000000034,51605.8
H,298.7,310.2,1613,36,0,0,0,0,0,0,0,11.5,58068
L,298.6,310.1,1721,27.2,5,0,0,0,0,0,0,11.5,46811.2
M,298.6,310.2,1668,31.5,7,0,0,0,0,0,0,11.599999999999966,52542
L,298.6,310.2,1569,36.3,10,0,0,0,0,0,0,11.599999999999966,56954.7
M,298.6,310.2,1328,50.5,12,0,0,0,0,0,0,11.599999999999966,67064
M,298.6,310.1,1596,33,15,0,0,0,0,0,0,11.5,52668
L,298.5,310.2,1676,32.7,18,0,0,0,0,0,0,11.699999999999989,54805.200000000004
L,298.5,310.1,1809,28.9,20,0,0,0,0,0,0,11.600000000000023,52280.1
L,298.5,310,1804,26.1,22,0,0,0,0,0,0,11.5,47084.4
L,298.6,310.1,1533,33.9,24,0,0,0,0,0,0,11.5,51968.7
L,298.7,310.2,1717,27.3,26,0,0,0,0,0,0,11.5,46874.1
L,298.7,310.2,1363,45.5,28,0,0,0,0,0,0,11.5,62016.5
L,298.7,310.2,1402,45.9,30,0,0,0,0,0,0,11.5,64351.799999999996
L,298.7,310.2,1436,47.5,32,0,0,0,0,0,0,11.5,68210
L,298.7,310.2,1525,43.7,34,0,0,0,0,0,0,11.5,66642.5
M,298.7,310.2,1598,33.3,36,0,0,0,0,0,0,11.5,53213.399999999994
M,298.6,310.1,1444,48.1,39,0,0,0,0,0,0,11.5,69456.40000000001
L,298.6,310,1334,48,42,0,0,0,0,0,0,11.399999999999977,64032
M,298.6,310,1681,35.5,44,0,0,0,0,0,0,11.399999999999977,59675.5
L,298.6,309.9,1593,37.4,47,0,0,0,0,0,0,11.299999999999955,59578.2
L,298.6,309.9,1461,45.7,49,0,0,0,0,0,0,11.299999999999955,66767.7
M,298.7,310.1,1693,31.9,51,0,0,0,0,0,0,11.400000000000034,54006.7
L,298.7,310.2,1404,50.3,54,0,0,0,0,0,0,11.5,70621.2
H,298.8,310.2,1707,27.6,56,0,0,0,0,0,0,11.399999999999977,47113.200000000004
M,298.6,310.1,1458,41.9,61,0,0,0,0,0,0,11.5,61090.2
L,298.6,310,1517,41.2,64,0,0,0,0,0,0,11.399999999999977,62500.4
L,298.7,310.1,1433,54.6,66,0,0,0,0,0,0,11.400000000000034,78241.8
L,298.7,310.2,1566,33.1,68,0,0,0,0,0,0,11.5,51834.600000000006
L,298.7,310.1,1676,33.5,70,0,0,0,0,0,0,11.400000000000034,56146
M,298.7,310.1,1368,56.8,72,0,0,0,0,0,0,11.400000000000034,77702.4
M,298.8,310.2,1581,37.5,75,0,0,0,0,0,0,11.399999999999977,59287.5
H,298.8,310.3,1708,27.1,78,0,0,0,0,0,0,11.5,46286.8
M,298.7,310.3,1481,41.5,83,0,0,0,0,0,0,11.600000000000023,61461.5
L,298.7,310.3,1451,40,86,0,0,0,0,0,0,11.600000000000023,58040
M,298.7,310.3,1495,38.7,88,0,0,0,0,0,0,11.600000000000023,57856.50000000001
M,298.8,310.3,1573,41.8,91,0,0,0,0,0,0,11.5,65751.4
M,298.8,310.3,1366,59,94,0,0,0,0,0,0,11.5,80594
L,298.8,310.3,1553,36.8,97,0,0,0,0,0,0,11.5,57150.399999999994
M,298.8,310.3,1528,37.1,99,0,0,0,0,0,0,11.5,56688.8
M,298.8,310.2,1527,31.2,102,0,0,0,0,0,0,11.399999999999977,47642.4
L,298.8,310.2,1461,46.7,105,0,0,0,0,0,0,11.399999999999977,68228.7
H,298.8,310.2,1455,44.9,107,0,0,0,0,0,0,11.399999999999977,65329.5
L,298.7,310.1,1620,34.8,112,0,0,0,0,0,0,11.400000000000034,56375.99999999999
L,298.7,310.1,1786,27.7,114,0,0,0,0,0,0,11.400000000000034,49472.2
M,298.8,310.2,1583,35.7,116,0,0,0,0,0,0,11.399999999999977,56513.100000000006
L,298.8,310.1,1653,30.3,119,0,0,0,0,0,0,11.300000000000011,50085.9
M,298.9,310.2,1331,49,121,0,0,0,0,0,0,11.300000000000011,65219
L,298.9,310.3,1484,43.8,124,0,0,0,0,0,0,11.400000000000034,64999.2
M,298.9,310.2,1603,36.1,126,0,0,0,0,0,0,11.300000000000011,57868.3
L,298.9,310.2,1445,40,129,0,0,0,0,0,0,11.300000000000011,57800
L,298.9,310.1,1823,26.1,131,0,0,0,0,0,0,11.200000000000045,47580.3
H,298.9,310.1,1491,45.3,133,0,0,0,0,0,0,11.200000000000045,67542.3
L,298.9,310.2,1533,42.8,138,0,0,0,0,0,0,11.300000000000011,65612.4
L,298.9,310.2,1409,54.8,140,0,0,0,0,0,0,11.300000000000011,77213.2
L,298.9,310.2,2737,8.8,142,1,0,0,1,0,0,11.300000000000011,24085.600000000002
M,299,310.3,1494,46.6,144,0,0,0,0,0,0,11.300000000000011,69620.40000000001
L,299.1,310.4,1594,33.3,147,0,0,0,0,0,0,11.299999999999955,53080.2
L,299.1,310.4,1527,44,149,0,0,0,0,0,0,11.299999999999955,67188
L,299.1,310.4,1452,39.7,151,0,0,0,0,0,0,11.299999999999955,57644.4
L,299,310.3,1483,39.2,153,0,0,0,0,0,0,11.300000000000011,58133.600000000006
L,299.1,310.2,1569,38.2,155,0,0,0,0,0,0,11.099999999999966,59935.8
L,299.1,310.3,1472,46.6,157,0,0,0,0,0,0,11.199999999999989,68595.2
L,299,310.2,1533,43.5,159,0,0,0,0,0,0,11.199999999999989,66685.5
H,298.9,310.1,1366,62.7,161,0,0,0,0,0,0,11.200000000000045,85648.2
H,298.9,310.2,1532,37.7,166,0,0,0,0,0,0,11.300000000000011,57756.4
M,298.9,310.1,1313,56.8,171,0,0,0,0,0,0,11.200000000000045,74578.4
L,299,310.2,1372,48,174,0,0,0,0,0,0,11.199999999999989,65856
M,298.9,310.1,1555,40.6,176,0,0,0,0,0,0,11.200000000000045,63133
L,298.9,310.1,1394,42.7,179,0,0,0,0,0,0,11.200000000000045,59523.8
L,298.9,310.1,1442,48,181,0,0,0,0,0,0,11.200000000000045,69216
L,298.9,310,1564,33.8,183,0,0,0,0,0,0,11.100000000000023,52863.2
L,298.9,310,1452,48.9,185,0,0,0,0,0,0,11.100000000000023,71002.8
L,298.9,310.1,1466,42.5,187,0,0,0,0,0,0,11.200000000000045,62305
M,298.9,310.1,1469,53.2,189,0,0,0,0,0,0,11.200000000000045,78150.8
L,298.9,310.1,1944,23.4,192,0,0,0,0,0,0,11.200000000000045,45489.6
M,298.8,309.9,1415,53.2,194,0,0,0,0,0,0,11.099999999999966,75278
M,298.7,309.8,1528,36.7,197,0,0,0,0,0,0,11.100000000000023,56077.600000000006
M,298.7,309.8,1570,42.1,200,0,0,0,0,0,0,11.100000000000023,66097
L,298.7,309.9,1617,33,203,0,0,0,0,0,0,11.199999999999989,53361
M,298.7,309.9,2083,18.2,205,0,0,0,0,0,0,11.199999999999989,37910.6
L,298.7,309.9,1541,38.5,208,0,0,0,0,0,0,11.199999999999989,59328.5
L,298.8,309.9,1320,47.4,210,0,0,0,0,0,0,11.099999999999966,62568
L,298.7,309.8,1354,53.3,212,1,0,0,0,1,0,11.100000000000023,72168.2
M,298.8,309.9,1495,35.2,214,0,0,0,0,0,0,11.099999999999966,52624.00000000001
L,298.7,309.8,1589,31.8,217,0,0,0,0,0,0,11.100000000000023,50530.200000000004
L,298.7,309.8,1530,35.5,0,0,0,0,0,0,0,11.100000000000023,54315
L,298.7,309.8,1539,33.4,2,0,0,0,0,0,0,11.100000000000023,51402.6
L,298.7,309.7,1462,46.8,4,0,0,0,0,0,0,11,68421.59999999999
L,298.6,309.7,1356,54,6,0,0,0,0,0,0,11.099999999999966,73224
M,298.7,309.7,1622,34.6,8,0,0,0,0,0,0,11,56121.200000000004
L,298.7,309.8,1394,40.3,11,0,0,0,0,0,0,11.100000000000023,56178.2
L,298.8,309.9,1568,33.7,13,0,0,0,0,0,0,11.099999999999966,52841.600000000006
M,298.9,310,1456,43.8,15,0,0,0,0,0,0,11.100000000000023,63772.799999999996
L,298.9,310,1378,49.3,18,0,0,0,0,0,0,11.100000000000023,67935.4
M,298.9,309.9,1404,41.4,20,0,0,0,0,0,0,11,58125.6
L,298.8,309.8,1437,42.8,23,0,0,0,0,0,0,11,61503.6
L,298.8,309.8,1363,44,25,0,0,0,0,0,0,11,59972
M,298.8,309.8,1377,49.6,27,0,0,0,0,0,0,11,68299.2
H,298.8,309.9,1526,42.1,30,0,0,0,0,0,0,11.099999999999966,64244.6
H,298.8,309.8,1510,44.2,35,0,0,0,0,0,0,11,66742
H,298.8,309.9,1439,45.2,40,1,0,0,0,0,0,11.099999999999966,65042.8
L,298.8,309.9,1482,39.1,45,0,0,0,0,0,0,11.099999999999966,57946.200000000004
M,298.8,309.8,1534,37,47,0,0,0,0,0,0,11,56758
M,298.8,309.9,1741,27.7,50,0,0,0,0,0,0,11.099999999999966,48225.7
L,298.8,309.9,1550,38.8,53,0,0,0,0,0,0,11.099999999999966,60139.99999999999
M,298.8,310,1486,38.5,55,0,0,0,0,0,0,11.199999999999989,57211
L,298.9,310.1,1602,38.2,58,0,0,0,0,0,0,11.200000000000045,61196.4
L,299,310.2,1477,37.9,60,0,0,0,0,0,0,11.199999999999989,55978.299999999996
L,299,310.1,1618,29.2,62,0,0,0,0,0,0,11.100000000000023,47245.6
M,299,310.2,1628,35.8,64,0,0,0,0,0,0,11.199999999999989,58282.399999999994
M,299,310.3,1662,33.6,67,0,0,0,0,0,0,11.300000000000011,55843.200000000004
M,299,310.3,1657,31,70,0,0,0,0,0,0,11.300000000000011,51367
H,299,310.4,1677,30.8,73,0,0,0,0,0,0,11.399999999999977,51651.6
M,299,310.3,1447,39.9,78,0,0,0,0,0,0,11.300000000000011,57735.299999999996
L,298.9,310.4,1831,25.4,81,0,0,0,0,0,0,11.5,46507.399999999994
L,299,310.3,1584,34.4,83,0,0,0,0,0,0,11.300000000000011,54489.6
L,299.1,310.4,1450,40.9,85,0,0,0,0,0,0,11.299999999999955,59305
L,299.1,310.4,1428,46.9,87,0,0,0,0,0,0,11.299999999999955,66973.2
L,299,310.4,1382,53,89,0,0,0,0,0,0,11.399999999999977,73246
L,299,310.3,1501,43,91,0,0,0,0,0,0,11.300000000000011,64543
L,299,310.3,1475,42.4,93,0,0,0,0,0,0,11.300000000000011,62540
L,298.9,310.3,1364,54,95,0,0,0,0,0,0,11.400000000000034,73656
L,299,310.3,1472,36.1,97,0,0,0,0,0,0,11.300000000000011,53139.200000000004
L,299,310.3,1437,47.8,99,0,0,0,0,0,0,11.300000000000011,68688.59999999999
L,298.9,310.2,1491,45.1,101,0,0,0,0,0,0,11.300000000000011,67244.1
L,298.9,310.2,1706,27.6,103,0,0,0,0,0,0,11.300000000000011,47085.600000000006
L,298.8,310.1,1607,39.5,105,0,0,0,0,0,0,11.300000000000011,63476.5
L,298.8,310,1412,46.3,107,0,0,0,0,0,0,11.199999999999989,65375.6
L,298.7,309.8,1546,40.9,109,0,0,0,0,0,0,11.100000000000023,63231.399999999994
L,298.7,309.8,1365,50.5,111,0,0,0,0,0,0,11.100000000000023,68932.5
L,298.6,309.8,1544,30.2,113,0,0,0,0,0,0,11.199999999999989,46628.799999999996
M,298.6,309.8,1419,44.9,115,0,0,0,0,0,0,11.199999999999989,63713.1
L,298.6,309.8,1497,41.6,118,0,0,0,0,0,0,11.199999999999989,62275.200000000004
L,298.5,309.7,1437,42.6,120,0,0,0,0,0,0,11.199999999999989,61216.200000000004
L,298.5,309.6,1421,53.6,122,0,0,0,0,0,0,11.100000000000023,76165.6
M,298.5,309.6,1438,44.5,124,0,0,0,0,0,0,11.100000000000023,63991
M,298.5,309.5,1315,48.9,127,0,0,0,0,0,0,11,64303.5
M,298.5,309.5,1366,61.9,130,0,0,0,0,0,0,11,84555.4
M,298.4,309.5,1519,35.4,133,0,0,0,0,0,0,11.100000000000023,53772.6
L,298.4,309.5,1692,28.3,136,0,0,0,0,0,0,11.100000000000023,47883.6
L,298.3,309.4,1570,35.6,138,0,0,0,0,0,0,11.099999999999966,55892
L,298.3,309.4,1568,35.8,140,0,0,0,0,0,0,11.099999999999966,56134.399999999994
L,298.2,309.3,1355,43.8,142,0,0,0,0,0,0,11.100000000000023,59348.99999999999
M,298.2,309.3,2056,18.7,144,0,0,0,0,0,0,11.100000000000023,38447.2
M,298.2,309.2,1332,60.2,147,0,0,0,0,0,0,11,80186.40000000001
M,298.1,309.1,1448,52.5,150,0,0,0,0,0,0,11,76020
L,298,308.9,1578,35.6,153,0,0,0,0,0,0,10.899999999999977,56176.8
M,298,309,1562,39.2,155,0,0,0,0,0,0,11,61230.4
M,298.1,309,1976,19.3,158,0,0,0,0,0,0,10.899999999999977,38136.8
M,298.2,309.2,1524,34.6,161,0,0,0,0,0,0,11,52730.4
L,298.2,309.1,1429,48.5,164,0,0,0,0,0,0,10.900000000000034,69306.5
L,298.2,309.1,1568,36.3,166,0,0,0,0,0,0,10.900000000000034,56918.399999999994
M,298.2,309,1723,26.6,168,0,0,0,0,0,0,10.800000000000011,45831.8
L,298.2,309,1341,43.8,171,0,0,0,0,0,0,10.800000000000011,58735.799999999996
M,298.1,308.9,1353,46.2,173,0,0,0,0,0,0,10.799999999999955,62508.600000000006
M,298,308.7,1479,58.5,176,1,0,0,1,0,0,10.699999999999989,86521.5
L,298,308.8,1496,44.9,179,0,0,0,0,0,0,10.800000000000011,67170.4
M,298,308.7,1377,48.5,181,0,0,0,0,0,0,10.699999999999989,66784.5
H,297.9,308.5,1383,44.6,184,0,0,0,0,0,0,10.600000000000023,61681.8
L,298,308.7,1268,69.4,189,1,0,0,1,1,0,10.699999999999989,87999.20000000001
L,298,308.7,1629,34.3,191,0,0,0,0,0,0,10.699999999999989,55874.7
L,298,308.8,1790,27.2,193,0,0,0,0,0,0,10.800000000000011,48688
M,298.1,308.8,2206,16.3,195,0,0,0,0,0,0,10.699999999999989,35957.8
M,298,308.7,2101,17.4,198,0,0,0,0,0,0,10.699999999999989,36557.399999999994
M,298,308.7,1436,48.2,201,0,0,0,0,0,0,10.699999999999989,69215.2
L,298,308.7,1462,48.2,204,0,0,0,0,0,0,10.699999999999989,70468.40000000001
L,298,308.7,1771,26.2,206,0,0,0,0,0,0,10.699999999999989,46400.2
L,298,308.7,1506,47,208,0,0,0,0,0,0,10.699999999999989,70782
L,298,308.7,1626,36.7,210,0,0,0,0,0,0,10.699999999999989,59674.200000000004
L,298,308.8,1610,33.7,212,0,0,0,0,0,0,10.800000000000011,54257.00000000001
M,298,308.6,1376,55.7,214,0,0,0,0,0,0,10.600000000000023,76643.2
M,298,308.6,1507,37.3,217,0,0,0,0,0,0,10.600000000000023,56211.1
L,298,308.5,1429,37.7,220,1,1,0,0,0,0,10.5,53873.3
M,298.1,308.7,1547,38.9,0,0,0,0,0,0,0,10.599999999999966,60178.299999999996
L,298.1,308.7,1642,30.3,3,0,0,0,0,0,0,10.599999999999966,49752.6
H,298,308.7,1503,36.3,5,0,0,0,0,0,0,10.699999999999989,54558.899999999994
L,298.1,308.7,1568,32.9,10,0,0,0,0,0,0,10.599999999999966,51587.2
M,298.1,308.8,1628,37.6,12,0,0,0,0,0,0,10.699999999999989,61212.8
M,298.2,308.9,1614,35.5,15,0,0,0,0,0,0,10.699999999999989,57297
L,298.2,308.9,1278,54,18,0,0,0,0,0,0,10.699999999999989,69012
M,298.2,308.9,1408,38.8,20,0,0,0,0,0,0,10.699999999999989,54630.399999999994
H,298.2,309,1371,55.7,23,0,0,0,0,0,0,10.800000000000011,76364.7
M,298.2,308.9,1512,38.5,28,0,0,0,0,0,0,10.699999999999989,58212
L,298.3,309.1,1472,40.1,31,0,0,0,0,0,0,10.800000000000011,59027.200000000004
M,298.2,308.9,1585,34.3,33,0,0,0,0,0,0,10.699999999999989,54365.49999999999
H,298.2,309,1562,37.7,36,0,0,0,0,0,0,10.800000000000011,58887.4
L,298.3,309,1519,36.9,41,0,0,0,0,0,0,10.699999999999989,56051.1
L,298.2,309,1601,35.8,43,0,0,0,0,0,0,10.800000000000011,57315.799999999996
L,298.2,309,2449,13.8,45,0,0,0,0,0,0,10.800000000000011,33796.200000000004
L,298.1,309,1787,27.6,47,0,0,0,0,0,0,10.899999999999977,49321.200000000004
H,298.1,309.1,1425,44.5,49,0,0,0,0,0,0,11,63412.5
L,298.1,309,1559,34,54,0,0,0,0,0,0,10.899999999999977,53006
L,298.1,309,1557,36,56,0,0,0,0,0,0,10.899999999999977,56052
L,298.1,309,1497,40.5,58,0,0,0,0,0,0,10.899999999999977,60628.5
H,298.1,309,1438,41.4,60,0,0,0,0,0,0,10.899999999999977,59533.2
M,298.1,308.9,1417,39.2,65,0,0,0,0,0,0,10.799999999999955,55546.4
M,298,308.9,1339,51.4,68,0,0,0,0,0,0,10.899999999999977,68824.59999999999
L,298,308.8,1757,29.1,71,0,0,0,0,0,0,10.800000000000011,51128.700000000004
L,298,308.8,1581,36.1,73,0,0,0,0,0,0,10.800000000000011,57074.100000000006
M,298.2,308.9,1326,54.4,75,0,0,0,0,0,0,10.699999999999989,72134.4
M,298.4,309.1,1467,39.6,78,0,0,0,0,0,0,10.700000000000045,58093.200000000004
L,298.4,309.1,1798,29.6,81,0,0,0,0,0,0,10.700000000000045,53220.8
M,298.5,309.2,1449,46.4,83,0,0,0,0,0,0,10.699999999999989,67233.59999999999
M,298.4,309.1,1525,39.3,86,0,0,0,0,0,0,10.700000000000045,59932.49999999999
L,298.4,309,2304,15.1,89,0,0,0,0,0,0,10.600000000000023,34790.4
L,298.3,308.9,1379,54.7,91,0,0,0,0,0,0,10.599999999999966,75431.3
L,298.4,308.9,1628,34.9,93,0,0,0,0,0,0,10.5,56817.2
L,298.4,309,1474,52.7,95,0,0,0,0,0,0,10.600000000000023,77679.8
M,298.4,309,1544,38.8,97,0,0,0,0,0,0,10.600000000000023,59907.2
L,298.4,308.9,1391,48.4,100,0,0,0,0,0,0,10.5,67324.4
L,298.3,308.9,1348,55.5,102,0,0,0,0,0,0,10.599999999999966,74814
M,298.3,308.8,1349,52.1,104,0,0,0,0,0,0,10.5,70282.90000000001
L,298.4,308.9,1706,29.5,107,0,0,0,0,0,0,10.5,50327
L,298.4,308.9,1638,32.4,109,0,0,0,0,0,0,10.5,53071.2
L,298.4,308.8,1458,40.1,111,0,0,0,0,0,0,10.400000000000034,58465.8
L,298.5,308.9,1781,27.8,113,0,0,0,0,0,0,10.399999999999977,49511.8
L,298.5,308.8,1332,59.1,115,0,0,0,0,0,0,10.300000000000011,78721.2
M,298.4,308.7,1584,31.7,117,0,0,0,0,0,0,10.300000000000011,50212.799999999996
L,298.4,308.6,1491,42,120,0,0,0,0,0,0,10.200000000000045,62622
H,298.4,308.5,1398,47.1,122,0,0,0,0,0,0,10.100000000000023,65845.8
L,298.3,308.4,1585,30.6,127,0,0,0,0,0,0,10.099999999999966,48501
M,298.2,308.3,1476,43.5,129,0,0,0,0,0,0,10.100000000000023,64206
L,298.2,308.3,1458,41.8,132,0,0,0,0,0,0,10.100000000000023,60944.399999999994
M,298.2,308.4,1510,39.9,134,0,0,0,0,0,0,10.199999999999989,60249
L,298.2,308.4,1388,53.8,137,0,0,0,0,0,0,10.199999999999989,74674.4
L,298.2,308.3,2216,16.8,139,0,0,0,0,0,0,10.100000000000023,37228.8
L,298.2,308.3,1402,51,141,0,0,0,0,0,0,10.100000000000023,71502
M,298,308.2,2090,19,143,0,0,0,0,0,0,10.199999999999989,39710
L,298,308.2,1459,42.1,146,0,0,0,0,0,0,10.199999999999989,61423.9
M,298,308.1,1403,44.8,148,0,0,0,0,0,0,10.100000000000023,62854.399999999994
L,298.1,308.2,1521,39.3,151,0,0,0,0,0,0,10.099999999999966,59775.299999999996
L,298.2,308.2,1407,47.1,153,0,0,0,0,0,0,10,66269.7
M,298.1,308.2,1654,35.3,155,0,0,0,0,0,0,10.099999999999966,58386.2
L,298.2,308.4,1452,43.5,158,0,0,0,0,0,0,10.199999999999989,63162
L,298.3,308.4,1528,37.3,160,0,0,0,0,0,0,10.099999999999966,56994.399999999994
L,298.2,308.3,1230,59.6,162,0,0,0,0,0,0,10.100000000000023,73308
L,298.2,308.2,1466,42.4,164,0,0,0,0,0,0,10,62158.4
L,298.2,308.2,1478,50.1,166,0,0,0,0,0,0,10,74047.8
L,298.2,308.3,2057,18,168,0,0,0,0,0,0,10.100000000000023,37026
L,298.3,308.4,1490,41.7,170,0,0,0,0,0,0,10.099999999999966,62133.00000000001
L,298.3,308.4,1484,43.4,172,0,0,0,0,0,0,10.099999999999966,64405.6
L,298.3,308.4,1593,37,174,0,0,0,0,0,0,10.099999999999966,58941
L,298.3,308.3,1444,43.8,176,0,0,0,0,0,0,10,63247.2
M,298.3,308.4,1444,47.5,178,0,0,0,0,0,0,10.099999999999966,68590
M,298.2,308.3,1560,33,181,0,0,0,0,0,0,10.100000000000023,51480
H,298.1,308.3,1530,42,184,0,0,0,0,0,0,10.199999999999989,64260
L,298.2,308.4,1310,61,189,1,0,0,0,1,0,10.199999999999989,79910
M,298.2,308.3,1639,33.3,191,0,0,0,0,0,0,10.100000000000023,54578.7
L,298.2,308.3,1400,48.7,194,0,0,0,0,0,0,10.100000000000023,68180
M,298.3,308.4,1486,44.2,196,0,0,0,0,0,0,10.099999999999966,65681.2
M,298.2,308.3,1448,43.3,199,0,0,0,0,0,0,10.100000000000023,62698.399999999994
L,298.2,308.3,1688,32,202,0,0,0,0,0,0,10.100000000000023,54016
M,298.1,308.3,1453,41.5,204,0,0,0,0,0,0,10.199999999999989,60299.5
L,298.2,308.4,1497,37.7,207,0,0,0,0,0,0,10.199999999999989,56436.9
L,298.2,308.4,1355,49.4,209,0,0,0,0,0,0,10.199999999999989,66937
L,298.1,308.4,1592,38.2,211,0,0,0,0,0,0,10.299999999999955,60814.4
L,298,308.3,1544,34.7,213,0,0,0,0,0,0,10.300000000000011,53576.8
M,298,308.2,1373,51.2,215,0,0,0,0,0,0,10.199999999999989,70297.6
L,298,308.2,1365,52.9,218,1,0,0,0,1,0,10.199999999999989,72208.5
L,298,308.1,1877,24.3,0,0,0,0,0,0,0,10.100000000000023,45611.1
L,297.9,308.1,1531,40.8,2,0,0,0,0,0,0,10.200000000000045,62464.799999999996
L,297.9,308,1501,36.7,4,0,0,0,0,0,0,10.100000000000023,55086.700000000004
L,297.9,308,1490,46.2,6,0,0,0,0,0,0,10.100000000000023,68838
M,297.8,307.8,1543,43.7,8,0,0,0,0,0,0,10,67429.1
L,297.8,307.8,1597,38.2,11,0,0,0,0,0,0,10,61005.4
H,297.8,307.9,1600,33.5,13,0,0,0,0,0,0,10.099999999999966,53600
M,297.8,307.8,1622,32.1,18,0,0,0,0,0,0,10,52066.200000000004
L,297.8,307.8,1452,39.8,21,0,0,0,0,0,0,10,57789.6
L,297.8,307.8,1396,42.5,23,0,0,0,0,0,0,10,59330
L,297.8,307.7,1505,39.7,25,0,0,0,0,0,0,9.899999999999977,59748.50000000001
L,297.8,307.8,1412,48.3,27,0,0,0,0,0,0,10,68199.59999999999
L,297.8,307.7,1393,38,29,0,0,0,0,0,0,9.899999999999977,52934
L,297.7,307.7,1581,34.9,31,0,0,0,0,0,0,10,55176.899999999994
L,297.8,307.8,1573,37.9,33,0,0,0,0,0,0,10,59616.7
M,297.8,307.9,1726,27.3,35,0,0,0,0,0,0,10.099999999999966,47119.8
M,297.9,307.9,1540,39.8,38,0,0,0,0,0,0,10,61291.99999999999
L,297.9,308,1296,62.9,41,0,0,0,0,0,0,10.100000000000023,81518.4
M,297.8,307.9,1802,25.8,43,0,0,0,0,0,0,10.099999999999966,46491.6
L,297.8,307.9,1447,48.6,46,0,0,0,0,0,0,10.099999999999966,70324.2
H,297.8,307.8,1662,30.7,48,0,0,0,0,0,0,10,51023.4
L,297.8,307.8,1563,34.3,53,0,0,0,0,0,0,10,53610.899999999994
L,297.9,307.8,1286,59.5,55,0,0,0,0,0,0,9.900000000000034,76517
L,297.9,307.7,1590,34.6,57,0,0,0,0,0,0,9.800000000000011,55014
L,297.9,307.7,1492,43.7,59,0,0,0,0,0,0,9.800000000000011,65200.4
L,297.7,307.6,1844,21.9,61,0,0,0,0,0,0,9.900000000000034,40383.6
H,297.7,307.6,1538,38.3,63,0,0,0,0,0,0,9.900000000000034,58905.399999999994
L,297.7,307.6,1921,22.9,68,0,0,0,0,0,0,9.900000000000034,43990.899999999994
M,297.8,307.8,1310,57.9,70,0,0,0,0,0,0,10,75849
L,297.9,307.8,1365,46.9,73,0,0,0,0,0,0,9.900000000000034,64018.5
M,297.9,307.8,1303,59.3,75,0,0,0,0,0,0,9.900000000000034,77267.9
L,297.9,307.8,1499,37.5,78,0,0,0,0,0,0,9.900000000000034,56212.5
L,297.9,307.8,1451,38.2,80,0,0,0,0,0,0,9.900000000000034,55428.200000000004
M,297.9,307.9,1336,54.4,82,0,0,0,0,0,0,10,72678.4
L,297.9,307.9,1412,44.5,85,0,0,0,0,0,0,10,62834
L,298,308,1433,39.2,87,0,0,0,0,0,0,10,56173.600000000006
L,297.9,307.9,1426,43.6,89,0,0,0,0,0,0,10,62173.6
L,297.9,307.9,1476,45.2,91,0,0,0,0,0,0,10,66715.2
H,297.9,307.9,1406,58.5,93,0,0,0,0,0,0,10,82251
L,297.8,307.8,1383,56.5,98,0,0,0,0,0,0,10,78139.5
L,297.9,307.8,1505,37.3,100,0,0,0,0,0,0,9.900000000000034,56136.49999999999
L,297.9,307.8,1665,33.9,102,0,0,0,0,0,0,9.900000000000034,56443.5
L,297.9,307.8,1397,45,104,0,0,0,0,0,0,9.900000000000034,62865
M,297.9,307.8,1450,43.5,106,0,0,0,0,0,0,9.900000000000034,63075
L,298,307.8,1567,36.4,109,0,0,0,0,0,0,9.800000000000011,57038.799999999996
M,298,308,1555,37,111,0,0,0,0,0,0,10,57535
H,298,307.8,1588,35.4,114,0,0,0,0,0,0,9.800000000000011,56215.2
L,298,307.8,1453,37.7,119,0,0,0,0,0,0,9.800000000000011,54778.100000000006
L,298,307.8,1622,33.3,121,0,0,0,0,0,0,9.800000000000011,54012.6
L,297.9,307.8,1538,38.5,123,0,0,0,0,0,0,9.900000000000034,59213
M,297.9,307.7,1527,42.8,125,0,0,0,0,0,0,9.800000000000011,65355.6
L,297.8,307.8,1761,28.9,128,0,0,0,0,0,0,10,50892.899999999994
L,297.9,307.8,1373,50.2,130,0,0,0,0,0,0,9.900000000000034,68924.6
H,298,307.9,1482,37.8,132,0,0,0,0,0,0,9.899999999999977,56019.6
M,298,307.9,1417,51,137,0,0,0,0,0,0,9.899999999999977,72267
L,298,307.8,1414,51.7,140,0,0,0,0,0,0,9.800000000000011,73103.8
H,297.9,307.8,1635,34,142,0,0,0,0,0,0,9.900000000000034,55590
L,298,307.8,1386,57.3,147,0,0,0,0,0,0,9.800000000000011,79417.8
L,298.2,308.1,1379,62.3,149,0,0,0,0,0,0,9.900000000000034,85911.7
M,298.2,308,1577,35.9,151,0,0,0,0,0,0,9.800000000000011,56614.299999999996
L,298.2,308.1,1532,42.5,154,0,0,0,0,0,0,9.900000000000034,65110
M,298.1,308,1374,48.8,156,0,0,0,0,0,0,9.899999999999977,67051.2
H,298.1,308,1570,35.3,159,0,0,0,0,0,0,9.899999999999977,55420.99999999999
L,298.1,308,1697,31,164,0,0,0,0,0,0,9.899999999999977,52607
L,298.2,308,1499,44.1,166,0,0,0,0,0,0,9.800000000000011,66105.90000000001
M,298.2,308,1411,47.2,168,0,0,0,0,0,0,9.800000000000011,66599.2
H,298.2,307.9,1462,45.5,171,0,0,0,0,0,0,9.699999999999989,66521
M,298.1,307.9,1759,28.6,176,0,0,0,0,0,0,9.799999999999955,50307.4
L,298.2,308,1535,38,179,0,0,0,0,0,0,9.800000000000011,58330
H,298.2,307.9,1491,39.7,181,0,0,0,0,0,0,9.699999999999989,59192.700000000004
L,298.2,307.9,1551,36,186,0,0,0,0,0,0,9.699999999999989,55836
L,298.2,307.9,1769,27.2,188,0,0,0,0,0,0,9.699999999999989,48116.799999999996
L,298.2,307.9,1551,34.1,190,0,0,0,0,0,0,9.699999999999989,52889.100000000006
L,298.2,307.9,1544,31.4,192,0,0,0,0,0,0,9.699999999999989,48481.6
L,298.2,307.8,1528,31.1,194,0,0,0,0,0,0,9.600000000000023,47520.8
L,298.1,307.9,1614,35.8,196,0,0,0,0,0,0,9.799999999999955,57781.2
L,298.1,307.8,1432,49.8,198,0,0,0,0,0,0,9.699999999999989,71313.59999999999
M,298.1,307.8,1384,43.7,200,0,0,0,0,0,0,9.699999999999989,60480.8
L,298.1,307.8,1540,37.8,203,0,0,0,0,0,0,9.699999999999989,58211.99999999999
L,298,307.7,1407,43.9,205,0,0,0,0,0,0,9.699999999999989,61767.299999999996
H,297.9,307.6,1418,43,207,0,0,0,0,0,0,9.700000000000045,60974
M,297.9,307.5,1647,30.8,212,0,0,0,0,0,0,9.600000000000023,50727.6
L,298,307.5,1644,32.8,215,0,0,0,0,0,0,9.5,53923.2
L,298,307.5,1792,27.9,217,0,0,0,0,0,0,9.5,49996.799999999996
M,297.9,307.4,1610,34.6,219,0,0,0,0,0,0,9.5,55706
M,297.8,307.3,1804,26,222,0,0,0,0,0,0,9.5,46904
H,297.9,307.4,1604,36.1,225,1,1,0,0,0,0,9.5,57904.4
M,297.9,307.4,1403,52.8,0,0,0,0,0,0,0,9.5,74078.4
L,297.8,307.3,1438,44.5,3,0,0,0,0,0,0,9.5,63991
L,297.9,307.3,1824,26.3,5,0,0,0,0,0,0,9.400000000000034,47971.200000000004
H,297.9,307.3,1663,28.7,7,0,0,0,0,0,0,9.400000000000034,47728.1
L,297.9,307.3,1502,36.7,12,0,0,0,0,0,0,9.400000000000034,55123.4
L,297.9,307.4,1606,35.5,14,0,0,0,0,0,0,9.5,57013
L,297.9,307.5,1561,37.7,16,0,0,0,0,0,0,9.600000000000023,58849.700000000004
M,297.9,307.4,1435,42.9,18,0,0,0,0,0,0,9.5,61561.5
L,297.9,307.5,1602,38.3,21,0,0,0,0,0,0,9.600000000000023,61356.6
M,298.1,307.6,1764,27.7,23,0,0,0,0,0,0,9.5,48862.799999999996
H,298,307.5,1683,27.8,26,0,0,0,0,0,0,9.5,46787.4
L,298,307.5,1618,35.2,31,0,0,0,0,0,0,9.5,56953.600000000006
L,298,307.6,1509,41.6,33,0,0,0,0,0,0,9.600000000000023,62774.4
L,297.9,307.6,1550,39,35,0,0,0,0,0,0,9.700000000000045,60450
M,297.9,307.6,1519,44,37,0,0,0,0,0,0,9.700000000000045,66836
L,297.9,307.6,1481,38,40,0,0,0,0,0,0,9.700000000000045,56278
L,298.1,307.7,1289,48.3,42,0,0,0,0,0,0,9.599999999999966,62258.7
M,298,307.6,1844,23.8,44,0,0,0,0,0,0,9.600000000000023,43887.200000000004
L,298,307.7,1479,42.5,47,0,0,0,0,0,0,9.699999999999989,62857.5
L,298,307.7,1430,47.3,49,0,0,0,0,0,0,9.699999999999989,67639
M,298.1,307.8,1636,36.7,51,0,0,0,0,0,0,9.699999999999989,60041.200000000004
M,298.1,307.8,1503,44.7,54,0,0,0,0,0,0,9.699999999999989,67184.1
M,298.1,307.8,1608,32.6,57,0,0,0,0,0,0,9.699999999999989,52420.8
L,298.2,307.8,1521,42.9,60,0,0,0,0,0,0,9.600000000000023,65250.9
L,298.2,307.8,1439,41.6,62,0,0,0,0,0,0,9.600000000000023,59862.4
L,298.2,307.8,1627,31.5,64,0,0,0,0,0,0,9.600000000000023,51250.5
L,298.2,307.8,1749,26.1,66,0,0,0,0,0,0,9.600000000000023,45648.9
L,298.2,307.8,1530,35.9,68,0,0,0,0,0,0,9.600000000000023,54927
L,298.2,307.8,1355,51.3,70,0,0,0,0,0,0,9.600000000000023,69511.5
L,298.3,307.9,1551,33.8,72,0,0,0,0,0,0,9.599999999999966,52423.799999999996
L,298.2,307.8,1515,46.7,74,0,0,0,0,0,0,9.600000000000023,70750.5
L,298.2,307.8,1388,48.6,76,0,0,0,0,0,0,9.600000000000023,67456.8
L,298.2,307.8,1585,34.6,78,0,0,0,0,0,0,9.600000000000023,54841
L,298.1,307.7,1523,37.7,80,0,0,0,0,0,0,9.599999999999966,57417.100000000006
L,298.2,307.6,1369,54.5,82,0,0,0,0,0,0,9.400000000000034,74610.5
M,298.2,307.7,1681,31,84,0,0,0,0,0,0,9.5,52111
L,298.2,307.7,1503,38.3,87,0,0,0,0,0,0,9.5,57564.899999999994
L,298.2,307.7,1459,44.5,89,0,0,0,0,0,0,9.5,64925.5
L,298.2,307.7,1688,32.4,91,0,0,0,0,0,0,9.5,54691.2
M,298.2,307.7,1952,21.6,93,0,0,0,0,0,0,9.5,42163.200000000004
L,298.2,307.8,2029,19.9,96,0,0,0,0,0,0,9.600000000000023,40377.1
M,298.3,307.8,1457,52.5,98,0,0,0,0,0,0,9.5,76492.5
M,298.3,307.8,1392,50.4,101,0,0,0,0,0,0,9.5,70156.8
L,298.3,307.8,1906,22.1,104,0,0,0,0,0,0,9.5,42122.600000000006
M,298.3,307.7,1602,33.4,106,0,0,0,0,0,0,9.399999999999977,53506.799999999996
L,298.3,307.7,1465,49.4,109,0,0,0,0,0,0,9.399999999999977,72371
M,298.3,307.7,1439,43.8,111,0,0,0,0,0,0,9.399999999999977,63028.2
M,298.3,307.8,1330,55.4,114,0,0,0,0,0,0,9.5,73682
M,298.3,307.9,1485,42,117,0,0,0,0,0,0,9.599999999999966,62370
H,298.4,307.9,1700,28.2,120,0,0,0,0,0,0,9.5,47940
L,298.4,308,1515,42.8,125,0,0,0,0,0,0,9.600000000000023,64841.99999999999
M,298.5,308.1,1501,39.2,127,0,0,0,0,0,0,9.600000000000023,58839.200000000004
L,298.4,308,1380,47.6,130,0,0,0,0,0,0,9.600000000000023,65688
L,298.4,307.9,1544,35.9,132,0,0,0,0,0,0,9.5,55429.6
L,298.4,307.9,1743,27.3,134,0,0,0,0,0,0,9.5,47583.9
H,298.4,307.9,1948,21.4,136,0,0,0,0,0,0,9.5,41687.2
H,298.5,307.9,1260,54.2,141,0,0,0,0,0,0,9.399999999999977,68292
M,298.5,307.9,1640,33.1,146,0,0,0,0,0,0,9.399999999999977,54284
M,298.5,308,1363,49.2,149,0,0,0,0,0,0,9.5,67059.6
L,298.5,308,1379,49.6,152,0,0,0,0,0,0,9.5,68398.40000000001
M,298.5,308,1713,25.8,154,0,0,0,0,0,0,9.5,44195.4
M,298.5,308,1461,51.9,157,0,0,0,0,0,0,9.5,75825.9
L,298.5,308,1624,29.8,160,0,0,0,0,0,0,9.5,48395.200000000004
L,298.4,308,1526,41.1,162,0,0,0,0,0,0,9.600000000000023,62718.6
L,298.4,307.9,2381,14.2,164,0,0,0,0,0,0,9.5,33810.2
H,298.4,307.7,1626,31.1,166,0,0,0,0,0,1,9.300000000000011,50568.600000000006
L,298.3,307.7,1576,33.8,171,0,0,0,0,0,0,9.399999999999977,53268.799999999996
M,298.4,307.8,1617,31.6,173,0,0,0,0,0,0,9.400000000000034,51097.200000000004
L,298.3,307.6,1942,20.6,176,0,0,0,0,0,0,9.300000000000011,40005.200000000004
L,298.2,307.6,1492,37.2,178,0,0,0,0,0,0,9.400000000000034,55502.4
L,298.2,307.5,1470,51.3,180,0,0,0,0,0,0,9.300000000000011,75411
M,298,307.4,1463,46.5,182,0,0,0,0,0,0,9.399999999999977,68029.5
L,298,307.3,1424,46.5,185,0,0,0,0,0,0,9.300000000000011,66216
M,298.1,307.4,1363,60.1,187,0,0,0,0,0,0,9.299999999999955,81916.3
M,298.1,307.4,1335,56.2,190,0,0,0,0,0,0,9.299999999999955,75027
L,298.1,307.4,1608,33.9,193,0,0,0,0,0,0,9.299999999999955,54511.2
H,298,307.4,1606,35.2,195,0,0,0,0,0,0,9.399999999999977,56531.200000000004
L,298.1,307.5,1684,33.1,200,0,0,0,0,0,0,9.399999999999977,55740.4
L,298.1,307.6,1950,20.3,202,0,0,0,0,0,0,9.5,39585
H,298.2,307.6,1460,48.6,204,0,0,0,0,0,0,9.400000000000034,70956
L,298.2,307.6,1511,31,209,1,1,0,0,0,0,9.400000000000034,46841
H,298.2,307.6,1318,55.7,0,0,0,0,0,0,0,9.400000000000034,73412.6
L,298.2,307.6,1368,51.8,5,0,0,0,0,0,0,9.400000000000034,70862.4
M,298.3,307.7,1717,27.1,7,0,0,0,0,0,0,9.399999999999977,46530.700000000004
M,298.3,307.7,1520,41.4,10,0,0,0,0,0,0,9.399999999999977,62928
M,298.3,307.8,1485,42,13,0,0,0,0,0,0,9.5,62370
L,298.4,307.9,1981,23.2,16,0,0,0,0,0,0,9.5,45959.2
H,298.4,307.9,1605,31,18,0,0,0,0,0,0,9.5,49755
L,298.4,307.9,1446,45.3,23,0,0,0,0,0,0,9.5,65503.799999999996
L,298.4,308,1508,47.9,25,0,0,0,0,0,0,9.600000000000023,72233.2
L,298.5,308,1384,59.5,27,0,0,0,0,0,0,9.5,82348
M,298.5,308,1519,37.3,29,0,0,0,0,0,0,9.5,56658.7
L,298.5,308,1404,48.1,32,0,0,0,0,0,0,9.5,67532.40000000001
L,298.5,308.1,1564,31.1,34,0,0,0,0,0,0,9.600000000000023,48640.4
H,298.6,308.2,1555,36.8,36,0,0,0,0,0,0,9.599999999999966,57223.99999999999
L,298.6,308.2,1325,54,41,0,0,0,0,0,0,9.599999999999966,71550
M,298.6,308.2,1488,44,43,0,0,0,0,0,0,9.599999999999966,65472
L,298.5,308.2,1595,32.3,46,0,0,0,0,0,0,9.699999999999989,51518.49999999999
L,298.5,308.1,1662,28.6,48,0,0,0,0,0,0,9.600000000000023,47533.200000000004
L,298.4,308,1571,37.4,50,0,0,0,0,0,0,9.600000000000023,58755.399999999994
H,298.3,308,1553,41,52,0,0,0,0,0,0,9.699999999999989,63673
L,298.3,308,2886,3.8,57,1,0,0,1,0,0,9.699999999999989,10966.8
L,298.2,308,1538,38.2,59,0,0,0,0,0,0,9.800000000000011,58751.600000000006
L,298.4,308.2,1618,33,61,0,0,0,0,0,0,9.800000000000011,53394
L,298.4,308.2,1364,45.9,63,0,0,0,0,0,0,9.800000000000011,62607.6
L,298.3,308,1442,47.3,65,0,0,0,0,0,0,9.699999999999989,68206.59999999999
L,298.2,307.9,1313,67.3,67,1,0,0,1,0,0,9.699999999999989,88364.9
L,298.2,307.9,1847,23.6,69,0,0,0,0,0,0,9.699999999999989,43589.200000000004
L,298.1,307.8,1524,40.8,71,0,0,0,0,0,0,9.699999999999989,62179.2
M,298.1,307.7,1445,48,73,0,0,0,0,0,0,9.599999999999966,69360
L,298.1,307.8,1761,28.2,76,0,0,0,0,0,0,9.699999999999989,49660.2
M,298.1,307.8,1514,43.5,78,0,0,0,0,0,0,9.699999999999989,65859
M,298.1,307.7,1498,38.3,81,0,0,0,0,0,0,9.599999999999966,57373.399999999994
H,298.1,307.6,1542,37.1,84,0,0,0,0,0,0,9.5,57208.200000000004
M,298,307.6,1508,41.8,89,0,0,0,0,0,0,9.600000000000023,63034.399999999994
M,298,307.5,1431,52.9,92,0,0,0,0,0,0,9.5,75699.9
M,298,307.5,1427,45.1,95,0,0,0,0,0,0,9.5,64357.700000000004
M,298,307.5,1524,36.3,98,0,0,0,0,0,0,9.5,55321.2
M,298,307.5,1427,43.6,101,0,0,0,0,0,0,9.5,62217.200000000004
H,298.1,307.6,1496,44.1,104,0,0,0,0,0,0,9.5,65973.6
L,298.1,307.7,1388,40.3,109,0,0,0,0,0,0,9.599999999999966,55936.399999999994
L,298.1,307.7,1495,48.1,111,0,0,0,0,0,0,9.599999999999966,71909.5
H,298.1,307.7,1376,56.2,113,0,0,0,0,0,0,9.599999999999966,77331.2
H,298,307.6,1593,32.2,118,0,0,0,0,0,0,9.600000000000023,51294.600000000006
L,298,307.6,1654,28.9,123,0,0,0,0,0,0,9.600000000000023,47800.6
L,298.1,307.7,2567,12.8,125,1,0,0,1,0,0,9.599999999999966,32857.6
L,298.1,307.7,1767,27,127,0,0,0,0,0,0,9.599999999999966,47709
L,298.1,307.6,1364,53.8,129,0,0,0,0,0,0,9.5,73383.2
M,298.1,307.8,1569,31.2,131,0,0,0,0,0,0,9.699999999999989,48952.799999999996
L,298.2,307.8,1476,36.8,134,0,0,0,0,0,0,9.600000000000023,54316.799999999996
L,298.1,307.7,1479,45,136,0,0,0,0,0,0,9.599999999999966,66555
L,298.1,307.7,1650,34.1,138,0,0,0,0,0,0,9.599999999999966,56265
M,298.1,307.6,1565,36.3,140,0,0,0,0,0,0,9.5,56809.49999999999
L,298.1,307.6,1460,46.5,143,0,0,0,0,0,0,9.5,67890
L,298.1,307.7,1664,27.6,145,0,0,0,0,0,0,9.599999999999966,45926.4
M,298.1,307.7,1435,40.9,147,0,0,0,0,0,0,9.599999999999966,58691.5
M,298.1,307.6,2066,19.2,150,0,0,0,0,0,0,9.5,39667.2
L,298.1,307.5,1493,43.7,153,0,0,0,0,0,0,9.399999999999977,65244.100000000006
L,298.1,307.6,1354,43.3,155,0,0,0,0,0,0,9.5,58628.2
L,298.1,307.6,1488,39.4,157,0,0,0,0,0,0,9.5,58627.2
L,298.1,307.7,1414,48.7,159,0,0,0,0,0,0,9.599999999999966,68861.8
L,298.1,307.5,1391,57.4,161,0,0,0,0,0,0,9.399999999999977,79843.4
M,298,307.5,1784,27.8,163,0,0,0,0,0,0,9.5,49595.200000000004
H,297.8,307.3,1516,40.1,166,0,0,0,0,0,0,9.5,60791.6
M,297.9,307.3,1420,47.8,171,0,0,0,0,0,0,9.400000000000034,67876
L,297.8,307.2,1351,56.3,174,0,0,0,0,0,0,9.399999999999977,76061.3
L,297.8,307.2,1880,23,176,0,0,0,0,0,0,9.399999999999977,43240
L,297.8,307.3,1859,24,178,0,0,0,0,0,0,9.5,44616
M,297.8,307.3,1315,54,180,0,0,0,0,0,0,9.5,71010
M,297.8,307.4,1330,51.7,183,0,0,0,0,0,0,9.599999999999966,68761
L,297.8,307.3,1327,61,186,1,0,0,0,1,0,9.5,80947
L,297.8,307.2,1498,38.1,188,0,0,0,0,0,0,9.399999999999977,57073.8
H,297.8,307.3,1555,35.8,190,0,0,0,0,0,0,9.5,55668.99999999999
L,297.7,307.2,1518,35.8,195,0,0,0,0,0,0,9.5,54344.399999999994
L,297.7,307.2,1392,43,197,0,0,0,0,0,0,9.5,59856
M,297.8,307.2,1456,39.6,199,0,0,0,0,0,0,9.399999999999977,57657.6
L,297.7,307.1,1715,30.2,0,0,0,0,0,0,0,9.400000000000034,51793
M,297.7,307.2,1405,43.7,2,0,0,0,0,0,0,9.5,61398.50000000001
L,297.7,307.2,1668,37.8,5,0,0,0,0,0,0,9.5,63050.399999999994
H,297.7,307.1,1855,22.5,7,0,0,0,0,0,0,9.400000000000034,41737.5
L,297.6,307.1,1496,39.2,12,0,0,0,0,0,0,9.5,58643.200000000004
M,297.6,307.1,1471,44.9,14,0,0,0,0,0,0,9.5,66047.9
L,297.7,307.2,1444,40,17,0,0,0,0,0,0,9.5,57760
H,297.7,307.3,1514,38.6,19,0,0,0,0,0,0,9.600000000000023,58440.4
L,297.8,307.3,1412,50.7,24,0,0,0,0,0,0,9.5,71588.40000000001
H,297.7,307.2,1429,44.1,26,0,0,0,0,0,0,9.5,63018.9
L,297.7,307.2,1668,32.7,31,0,0,0,0,0,0,9.5,54543.600000000006
M,297.7,307.2,1372,52.8,33,0,0,0,0,0,0,9.5,72441.59999999999
M,297.7,307.3,1365,49.2,36,0,0,0,0,0,0,9.600000000000023,67158
M,297.6,307.1,1526,39.1,39,0,0,0,0,0,0,9.5,59666.6
L,297.6,307.2,1486,40.6,42,0,0,0,0,0,0,9.599999999999966,60331.6
M,297.6,307.2,1470,42.6,44,0,0,0,0,0,0,9.599999999999966,62622
H,297.7,307.3,1249,62.8,47,0,0,0,0,0,0,9.600000000000023,78437.2
M,297.8,307.4,1752,26.1,52,0,0,0,0,0,0,9.599999999999966,45727.200000000004
L,297.7,307.4,1643,36.5,55,0,0,0,0,0,0,9.699999999999989,59969.5
M,297.8,307.4,1488,36.1,57,0,0,0,0,0,0,9.599999999999966,53716.8
L,297.8,307.4,1355,45.8,60,0,0,0,0,0,0,9.599999999999966,62058.99999999999
L,297.8,307.6,1607,30.3,62,0,0,0,0,0,0,9.800000000000011,48692.1
M,297.9,307.6,1609,30.3,64,0,0,0,0,0,0,9.700000000000045,48752.700000000004
L,297.9,307.7,1517,44.4,67,0,0,0,0,0,0,9.800000000000011,67354.8
M,297.9,307.7,1517,39.5,69,0,0,0,0,0,0,9.800000000000011,59921.5
L,297.9,307.7,1546,37.6,72,0,0,0,0,0,0,9.800000000000011,58129.600000000006
L,297.9,307.7,1567,34.7,74,0,0,0,0,0,0,9.800000000000011,54374.9
M,298.1,307.9,1662,28.9,76,0,0,0,0,0,0,9.799999999999955,48031.799999999996
L,298.1,307.9,1502,41.8,79,0,0,0,0,0,0,9.799999999999955,62783.6
L,298.3,308,1361,56.9,81,0,0,0,0,0,0,9.699999999999989,77440.9
M,298.3,308.1,1630,32.7,83,0,0,0,0,0,0,9.800000000000011,53301.00000000001
L,298.3,308,1486,42.3,86,0,0,0,0,0,0,9.699999999999989,62857.799999999996
L,298.3,308.1,1840,21.5,88,0,0,0,0,0,0,9.800000000000011,39560
L,298.3,308.1,1326,58.4,90,0,0,0,0,0,0,9.800000000000011,77438.4
L,298.4,308.1,1367,57.8,92,0,0,0,0,0,0,9.700000000000045,79012.59999999999
L,298.4,308.1,1598,32.7,94,0,0,0,0,0,0,9.700000000000045,52254.600000000006
L,298.3,308,1363,50.1,96,0,0,0,0,0,0,9.699999999999989,68286.3
L,298.3,308,1242,62,98,0,0,0,0,0,0,9.699999999999989,77004
M,298.2,307.8,1566,33.8,100,0,0,0,0,0,0,9.600000000000023,52930.799999999996
M,298.1,307.7,1424,47.7,103,0,0,0,0,0,0,9.599999999999966,67924.8
M,298.2,307.7,1608,33.8,106,0,0,0,0,0,0,9.5,54350.399999999994
L,298.1,307.7,1705,29.1,109,0,0,0,0,0,0,9.599999999999966,49615.5
L,298,307.6,1548,45.8,111,0,0,0,0,0,0,9.600000000000023,70898.4
M,298,307.6,1581,43.4,113,0,0,0,0,0,0,9.600000000000023,68615.4
M,298,307.6,1472,46.7,116,0,0,0,0,0,0,9.600000000000023,68742.40000000001
M,298,307.6,1792,26,119,0,0,0,0,0,0,9.600000000000023,46592
L,298,307.6,1683,32.8,122,0,0,0,0,0,0,9.600000000000023,55202.399999999994
L,297.9,307.6,1503,40.7,124,0,0,0,0,0,0,9.700000000000045,61172.100000000006
M,297.9,307.5,1642,32.4,126,0,0,0,0,0,0,9.600000000000023,53200.799999999996
M,297.8,307.4,1902,24.3,129,0,0,0,0,0,0,9.599999999999966,46218.6
H,297.7,307.4,1432,40.2,132,0,0,0,0,0,0,9.699999999999989,57566.4
L,297.8,307.4,1512,40.8,137,0,0,0,0,0,0,9.599999999999966,61689.6
L,297.7,307.4,1764,29,139,0,0,0,0,0,0,9.699999999999989,51156
M,297.8,307.4,1438,43.6,141,0,0,0,0,0,0,9.599999999999966,62696.8
L,297.8,307.5,1631,29.9,144,0,0,0,0,0,0,9.699999999999989,48766.899999999994
H,297.9,307.5,1880,23.3,146,0,0,0,0,0,0,9.600000000000023,43804
L,297.9,307.6,1344,54.3,151,0,0,0,0,0,0,9.700000000000045,72979.2
L,297.9,307.5,1574,35.8,153,0,0,0,0,0,0,9.600000000000023,56349.2
L,297.8,307.4,1418,41.2,155,0,0,0,0,0,0,9.599999999999966,58421.600000000006
L,297.8,307.5,1372,54.1,157,0,0,0,0,0,0,9.699999999999989,74225.2
L,297.8,307.5,1388,40,159,0,0,0,0,0,0,9.699999999999989,55520
H,297.9,307.6,1493,36,161,0,0,0,0,0,0,9.700000000000045,53748
M,297.9,307.6,1505,40.1,166,0,0,0,0,0,0,9.700000000000045,60350.5
L,298,307.6,1694,29.1,169,0,0,0,0,0,0,9.600000000000023,49295.4
L,297.9,307.6,1968,20.4,171,0,0,0,0,0,0,9.700000000000045,40147.2
M,298,307.6,1569,35.6,173,0,0,0,0,0,0,9.600000000000023,55856.4
L,297.9,307.6,1687,29.1,176,0,0,0,0,0,0,9.700000000000045,49091.700000000004
L,297.9,307.6,1430,52.4,178,0,0,0,0,0,0,9.700000000000045,74932
L,297.9,307.6,1504,42.4,180,0,0,0,0,0,0,9.700000000000045,63769.6
L,297.9,307.6,1977,20.2,182,0,0,0,0,0,0,9.700000000000045,39935.4
L,298,307.7,1435,45.6,184,0,0,0,0,0,0,9.699999999999989,65436
H,298,307.7,1547,36.8,186,0,0,0,0,0,0,9.699999999999989,56929.6
M,298.1,307.8,1316,57.2,191,0,0,0,0,0,0,9.699999999999989,75275.2
M,298,307.7,1621,34.9,194,0,0,0,0,0,0,9.699999999999989,56572.899999999994
M,298,307.8,1492,40.2,197,0,0,0,0,0,0,9.800000000000011,59978.4
L,298,307.7,1643,32.3,200,0,0,0,0,0,0,9.699999999999989,53068.899999999994
L,298,307.7,1492,38.7,202,0,0,0,0,0,0,9.699999999999989,57740.4
L,298,307.7,1387,50.8,204,0,0,0,0,0,0,9.699999999999989,70459.59999999999
M,298.1,307.9,1463,47.3,206,0,0,0,0,0,0,9.799999999999955,69199.9
M,298.1,307.9,1496,40,0,0,0,0,0,0,0,9.799999999999955,59840
L,298.2,308,1658,30,3,0,0,0,0,0,0,9.800000000000011,49740
L,298.1,307.9,2161,17.5,5,0,0,0,0,0,0,9.799999999999955,37817.5
L,298.1,307.9,1665,32,7,0,0,0,0,0,0,9.799999999999955,53280
L,298,307.8,1716,26.6,9,0,0,0,0,0,0,9.800000000000011,45645.600000000006
L,298,307.7,1529,34.1,11,0,0,0,0,0,0,9.699999999999989,52138.9
L,297.9,307.7,1353,50.7,13,0,0,0,0,0,0,9.800000000000011,68597.1
L,297.9,307.7,1537,37.7,15,0,0,0,0,0,0,9.800000000000011,57944.9
L,298,307.7,1606,30.8,17,0,0,0,0,0,0,9.699999999999989,49464.8
H,298,307.8,1314,47.8,19,0,0,0,0,0,0,9.800000000000011,62809.2
L,298,307.8,1623,29.9,24,0,0,0,0,0,0,9.800000000000011,48527.7
M,298,307.8,1483,50.9,26,0,0,0,0,0,0,9.800000000000011,75484.7
M,298.1,307.9,1569,37,29,0,0,0,0,0,0,9.799999999999955,58053
M,298.2,308,1969,21.7,32,0,0,0,0,0,0,9.800000000000011,42727.299999999996
M,298.1,308,1686,29.3,35,0,0,0,0,0,0,9.899999999999977,49399.8
L,298.1,308,1638,35.1,38,0,0,0,0,0,0,9.899999999999977,57493.8
L,298.1,307.9,1698,33.3,40,0,0,0,0,0,0,9.799999999999955,56543.399999999994
M,298.1,307.9,1377,55.1,42,0,0,0,0,0,0,9.799999999999955,75872.7
M,298.1,308,2129,18.4,45,0,0,0,0,0,0,9.899999999999977,39173.6
L,298.2,308,1411,42.4,48,0,0,0,0,0,0,9.800000000000011,59826.4
L,298.1,307.9,1517,40.8,50,0,0,0,0,0,0,9.799999999999955,61893.6
M,298.1,307.9,1303,53.9,52,0,0,0,0,0,0,9.799999999999955,70231.7
L,298.1,307.9,1578,35.6,55,0,0,0,0,0,0,9.799999999999955,56176.8
L,298.1,307.9,1425,58.2,57,0,0,0,0,0,0,9.799999999999955,82935
L,298.1,308,1456,42.4,59,0,0,0,0,0,0,9.899999999999977,61734.4
L,298.1,308,1704,30.9,61,0,0,0,0,0,0,9.899999999999977,52653.6
L,298.1,308.1,1791,27.3,63,0,0,0,0,0,0,10,48894.3
L,298.1,308.1,1616,32.8,65,0,0,0,0,0,0,10,53004.799999999996
L,298.2,308.1,1622,34.9,67,0,0,0,0,0,0,9.900000000000034,56607.799999999996
L,298.2,308.1,1462,49.9,69,0,0,0,0,0,0,9.900000000000034,72953.8
L,298.1,308.1,1410,45.8,71,0,0,0,0,0,0,10,64577.99999999999
M,298.1,308,1543,41.9,73,0,0,0,0,0,0,9.899999999999977,64651.7
M,298,307.9,1479,47.6,76,0,0,0,0,0,0,9.899999999999977,70400.40000000001
L,298,307.8,1839,22.7,79,0,0,0,0,0,0,9.800000000000011,41745.299999999996
L,298,307.8,1266,60.5,81,0,0,0,0,0,0,9.800000000000011,76593
L,297.9,307.7,1593,34.9,83,0,0,0,0,0,0,9.800000000000011,55595.7
L,297.9,307.8,1459,46.9,85,0,0,0,0,0,0,9.900000000000034,68427.09999999999
L,297.9,307.7,1308,55.2,87,0,0,0,0,0,0,9.800000000000011,72201.6
M,297.9,307.7,1364,46.8,89,0,0,0,0,0,0,9.800000000000011,63835.2
H,297.9,307.7,1618,35.9,92,0,0,0,0,0,0,9.800000000000011,58086.2
H,297.9,307.7,1464,43.2,97,0,0,0,0,0,0,9.800000000000011,63244.8
M,297.8,307.6,1352,49.4,102,0,0,0,0,0,0,9.800000000000011,66788.8
L,297.8,307.6,1446,51.4,105,0,0,0,0,0,0,9.800000000000011,74324.4
L,297.8,307.5,1448,51.2,107,0,0,0,0,0,0,9.699999999999989,74137.6
L,297.8,307.5,1391,48.6,109,0,0,0,0,0,0,9.699999999999989,67602.6
L,297.7,307.5,1379,43.3,111,0,0,0,0,0,0,9.800000000000011,59710.7
M,297.8,307.5,1405,46.9,113,0,0,0,0,0,0,9.699999999999989,65894.5
L,297.8,307.5,1581,33.1,116,0,0,0,0,0,0,9.699999999999989,52331.100000000006
L,297.9,307.6,1515,40.5,118,0,0,0,0,0,0,9.700000000000045,61357.5
L,297.9,307.6,1589,37.8,120,0,0,0,0,0,0,9.700000000000045,60064.2
L,298,307.6,1281,50.8,122,0,0,0,0,0,0,9.600000000000023,65074.799999999996
H,297.8,307.5,1631,31.3,124,0,0,0,0,0,0,9.699999999999989,51050.3
M,297.9,307.6,1202,67,129,0,0,0,0,0,0,9.700000000000045,80534
L,297.9,307.6,1298,52.7,132,0,0,0,0,0,0,9.700000000000045,68404.6
L,297.9,307.6,1612,30.7,134,0,0,0,0,0,0,9.700000000000045,49488.4
L,297.9,307.6,1747,25.3,136,0,0,0,0,0,0,9.700000000000045,44199.1
L,298,307.6,1450,48.7,138,0,0,0,0,0,0,9.600000000000023,70615
L,298,307.7,1422,45.6,140,0,0,0,0,0,0,9.699999999999989,64843.200000000004
M,298.1,307.7,1419,47.4,142,0,0,0,0,0,0,9.599999999999966,67260.59999999999
M,298.1,307.7,1633,30.7,145,0,0,0,0,0,0,9.599999999999966,50133.1
L,298,307.7,1442,43.6,148,0,0,0,0,0,0,9.699999999999989,62871.200000000004
H,298,307.6,1420,45.8,150,0,0,0,0,0,0,9.600000000000023,65035.99999999999
M,298,307.6,1301,58.5,155,0,0,0,0,0,0,9.600000000000023,76108.5
L,298,307.6,1385,45,158,0,0,0,0,0,0,9.600000000000023,62325
M,298,307.7,1487,41.3,160,0,0,0,0,0,0,9.699999999999989,61413.1
M,298,307.6,1459,44.4,163,0,0,0,0,0,0,9.600000000000023,64779.6
M,298,307.5,1387,45.5,166,0,0,0,0,0,0,9.5,63108.5
L,298.1,307.7,1537,40.8,169,0,0,0,0,0,0,9.599999999999966,62709.6
L,298.1,307.6,1498,42.9,171,0,0,0,0,0,0,9.5,64264.2
M,298.2,307.8,1599,31.2,173,0,0,0,0,0,0,9.600000000000023,49888.799999999996
H,298.3,307.9,1420,39.2,176,0,0,0,0,0,0,9.599999999999966,55664.00000000001
L,298.2,307.9,1785,23.4,181,0,0,0,0,0,0,9.699999999999989,41769
L,298.2,307.8,1423,48.1,183,0,0,0,0,0,0,9.600000000000023,68446.3
M,298.2,307.8,1583,36.6,185,0,0,0,0,0,0,9.600000000000023,57937.8
L,298.2,307.8,1375,46.6,188,0,0,0,0,0,0,9.600000000000023,64075
M,298.3,308,1463,42.5,190,0,0,0,0,0,0,9.699999999999989,62177.5
M,298.2,307.9,1403,45.1,193,0,0,0,0,0,0,9.699999999999989,63275.3
L,298.3,308,1451,47.1,196,0,0,0,0,0,0,9.699999999999989,68342.1
M,298.4,308,1416,38.2,198,1,1,0,0,0,0,9.600000000000023,54091.200000000004
L,298.3,308.1,1672,41.3,0,0,0,0,0,0,0,9.800000000000011,69053.59999999999
H,298.3,308,1637,30.8,2,0,0,0,0,0,0,9.699999999999989,50419.6
L,298.4,308,1540,37.8,7,0,0,0,0,0,0,9.600000000000023,58211.99999999999
L,298.4,308.1,1279,53.1,9,0,0,0,0,0,0,9.700000000000045,67914.90000000001
L,298.4,308.2,1604,34.9,11,0,0,0,0,0,0,9.800000000000011,55979.6
L,298.5,308.2,1654,27.1,13,0,0,0,0,0,0,9.699999999999989,44823.4
M,298.5,308.2,1564,37.5,15,0,0,0,0,0,0,9.699999999999989,58650
L,298.5,308.2,1451,47.5,18,0,0,0,0,0,0,9.699999999999989,68922.5
L,298.5,308.3,1504,38,20,0,0,0,0,0,0,9.800000000000011,57152
M,298.5,308.3,1381,50.5,22,0,0,0,0,0,0,9.800000000000011,69740.5
L,298.6,308.4,1562,34.4,25,0,0,0,0,0,0,9.799999999999955,53732.799999999996
L,298.5,308.3,1811,24.7,27,0,0,0,0,0,0,9.800000000000011,44731.7
M,298.6,308.3,1717,28.7,29,0,0,0,0,0,0,9.699999999999989,49277.9
L,298.6,308.3,1278,60.5,32,0,0,0,0,0,0,9.699999999999989,77319
L,298.7,308.5,1616,30.2,34,0,0,0,0,0,0,9.800000000000011,48803.2
L,298.6,308.4,1397,46.4,36,0,0,0,0,0,0,9.799999999999955,64820.799999999996
L,298.6,308.4,1485,42.9,38,0,0,0,0,0,0,9.799999999999955,63706.5
L,298.6,308.4,1310,59.7,40,0,0,0,0,0,0,9.799999999999955,78207
L,298.5,308.2,1301,66.3,42,1,0,0,1,0,0,9.699999999999989,86256.3
L,298.5,308.3,1458,44,44,0,0,0,0,0,0,9.800000000000011,64152
L,298.7,308.5,1483,42.5,46,0,0,0,0,0,0,9.800000000000011,63027.5
L,298.7,308.5,1375,46.4,48,0,0,0,0,0,0,9.800000000000011,63800
M,298.7,308.5,1660,27,50,0,0,0,0,0,0,9.800000000000011,44820
H,298.7,308.4,1560,33.3,53,0,0,0,0,0,0,9.699999999999989,51947.99999999999
L,298.7,308.5,1480,42.2,58,0,0,0,0,0,0,9.800000000000011,62456.00000000001
L,298.7,308.4,1373,46.9,60,0,0,0,0,0,0,9.699999999999989,64393.7
L,298.7,308.5,1444,54.2,62,0,0,0,0,0,0,9.800000000000011,78264.8
M,298.7,308.6,1722,24.7,64,0,0,0,0,0,0,9.900000000000034,42533.4
L,298.7,308.5,1469,39.9,67,0,0,0,0,0,0,9.800000000000011,58613.1
M,298.7,308.5,1360,52.9,69,0,0,0,0,0,0,9.800000000000011,71944
L,298.7,308.4,1750,25.8,72,0,0,0,0,0,0,9.699999999999989,45150
M,298.7,308.3,1349,46.6,74,0,0,0,0,0,0,9.600000000000023,62863.4
L,298.7,308.5,1668,35.2,77,0,0,0,0,0,0,9.800000000000011,58713.600000000006
L,298.9,308.6,1400,49.5,79,0,0,0,0,0,0,9.700000000000045,69300
L,298.8,308.6,1331,62.8,81,0,0,0,0,0,0,9.800000000000011,83586.8
L,298.8,308.5,1444,42.2,83,0,0,0,0,0,0,9.699999999999989,60936.8
H,298.8,308.5,1359,47.6,85,0,0,0,0,0,0,9.699999999999989,64688.4
M,298.8,308.5,1425,47.4,90,0,0,0,0,0,0,9.699999999999989,67545
M,298.9,308.6,1469,34.2,93,0,0,0,0,0,0,9.700000000000045,50239.8
L,299,308.7,1892,22.8,96,0,0,0,0,0,0,9.699999999999989,43137.6
H,299,308.7,1940,19.9,98,0,0,0,0,0,0,9.699999999999989,38606
L,299,308.8,1405,55.2,103,0,0,0,0,0,0,9.800000000000011,77556
M,299,308.9,1449,39.6,105,0,0,0,0,0,0,9.899999999999977,57380.4
L,299.1,308.9,1686,29.6,108,0,0,0,0,0,0,9.799999999999955,49905.600000000006
L,299.1,308.9,1680,27.2,110,0,0,0,0,0,0,9.799999999999955,45696
M,299.1,308.9,1397,52.4,112,0,0,0,0,0,0,9.799999999999955,73202.8
M,299.2,309,1597,30.3,115,0,0,0,0,0,0,9.800000000000011,48389.1
L,299.3,309.1,1470,41.1,118,0,0,0,0,0,0,9.800000000000011,60417
M,299.3,309.1,1703,31.3,120,0,0,0,0,0,0,9.800000000000011,53303.9
L,299.3,309.1,1388,45.5,123,0,0,0,0,0,0,9.800000000000011,63154
L,299.3,309.2,1775,24.2,125,0,0,0,0,0,0,9.899999999999977,42955
L,299.3,309.2,1465,41.5,127,0,0,0,0,0,0,9.899999999999977,60797.5
M,299.3,309.2,1586,37.9,129,0,0,0,0,0,0,9.899999999999977,60109.399999999994
M,299.5,309.3,1675,29.2,132,0,0,0,0,0,0,9.800000000000011,48910
M,299.4,309.2,1470,44.4,135,0,0,0,0,0,0,9.800000000000011,65268
L,299.5,309.3,1477,40.4,138,0,0,0,0,0,0,9.800000000000011,59670.799999999996
L,299.5,309.3,1382,61,140,0,0,0,0,0,0,9.800000000000011,84302
M,299.6,309.4,1605,29.8,142,0,0,0,0,0,0,9.799999999999955,47829
L,299.6,309.4,1643,32.9,145,0,0,0,0,0,0,9.799999999999955,54054.7
L,299.5,309.3,1333,54.1,147,0,0,0,0,0,0,9.800000000000011,72115.3
L,299.5,309.3,1520,42.3,149,0,0,0,0,0,0,9.800000000000011,64295.99999999999
M,299.5,309.3,1902,24,151,0,0,0,0,0,0,9.800000000000011,45648
H,299.5,309.4,1386,44.4,154,0,0,0,0,0,0,9.899999999999977,61538.4
L,299.6,309.5,1803,27.7,159,0,0,0,0,0,0,9.899999999999977,49943.1
L,299.7,309.6,1359,50.7,161,0,0,0,0,0,0,9.900000000000034,68901.3
M,299.7,309.6,1477,42.7,163,0,0,0,0,0,0,9.900000000000034,63067.9
L,299.7,309.6,1321,53.4,166,0,0,0,0,0,0,9.900000000000034,70541.4
L,299.6,309.5,1453,41.4,168,0,0,0,0,0,0,9.899999999999977,60154.2
L,299.7,309.6,1419,45.1,170,0,0,0,0,0,0,9.900000000000034,63996.9
L,299.7,309.6,1512,36.2,172,0,0,0,0,0,0,9.900000000000034,54734.4
L,299.7,309.6,1553,36.8,174,0,0,0,0,0,0,9.900000000000034,57150.399999999994
M,299.7,309.6,1534,39.1,176,0,0,0,0,0,0,9.900000000000034,59979.4
H,299.7,309.6,1553,41,179,0,0,0,0,0,0,9.900000000000034,63673
L,299.7,309.5,1352,49.7,184,0,0,0,0,0,0,9.800000000000011,67194.40000000001
M,299.7,309.6,1313,60,186,0,0,0,0,0,0,9.900000000000034,78780
L,299.6,309.5,1570,35.5,189,0,0,0,0,0,1,9.899999999999977,55735
L,299.6,309.4,1677,31.1,191,0,0,0,0,0,0,9.799999999999955,52154.700000000004
L,299.5,309.4,1602,31.5,193,0,0,0,0,0,0,9.899999999999977,50463
L,299.5,309.4,1390,58.8,195,1,0,0,0,1,0,9.899999999999977,81732
L,299.4,309.3,1544,36,197,0,0,0,0,0,0,9.900000000000034,55584
L,299.4,309.4,1701,31.2,199,0,0,0,0,0,0,10,53071.2
M,299.4,309.3,1692,28.4,201,0,0,0,0,0,0,9.900000000000034,48052.799999999996
M,299.3,309.3,1523,37.9,204,0,0,0,0,0,0,10,57721.7
L,299.3,309.2,2280,15.4,207,0,0,0,0,0,0,9.899999999999977,35112
M,299.4,309.3,1485,47.1,209,0,0,0,0,0,0,9.900000000000034,69943.5
H,299.4,309.2,1513,36.1,212,0,0,0,0,0,0,9.800000000000011,54619.3
H,299.4,309.3,1743,28.2,0,0,0,0,0,0,0,9.900000000000034,49152.6
L,299.5,309.3,1442,46.2,5,0,0,0,0,0,0,9.800000000000011,66620.40000000001
L,299.5,309.3,1462,46.7,7,0,0,0,0,0,0,9.800000000000011,68275.40000000001
H,299.4,309.3,1439,49.7,9,0,0,0,0,0,0,9.900000000000034,71518.3
L,299.5,309.3,1577,36.6,14,0,0,0,0,0,0,9.800000000000011,57718.200000000004
L,299.6,309.4,1331,46.4,16,0,0,0,0,0,0,9.799999999999955,61758.4
L,299.5,309.3,1941,22.5,18,0,0,0,0,0,0,9.800000000000011,43672.5
L,299.5,309.2,1393,47.3,20,0,0,0,0,0,0,9.699999999999989,65888.9
L,299.4,309.2,1433,42.1,22,0,0,0,0,0,0,9.800000000000011,60329.3
L,299.4,309.2,1444,48.2,24,0,0,0,0,0,0,9.800000000000011,69600.8
L,299.4,309.2,1564,39,26,0,0,0,0,0,0,9.800000000000011,60996
L,299.4,309.3,1377,43.6,28,0,0,0,0,0,0,9.900000000000034,60037.200000000004
L,299.4,309.3,1525,41.5,30,0,0,0,0,0,0,9.900000000000034,63287.5
M,299.5,309.4,1387,56.2,32,0,0,0,0,0,0,9.899999999999977,77949.40000000001
M,299.4,309.4,1326,47.5,35,0,0,0,0,0,0,10,62985
L,299.4,309.3,1401,59,38,0,0,0,0,0,0,9.900000000000034,82659
L,299.4,309.3,1596,31.8,40,0,0,0,0,0,0,9.900000000000034,50752.8
M,299.3,309.3,1471,46,42,0,0,0,0,0,0,10,67666
L,299.3,309.3,1528,37.8,45,0,0,0,0,0,0,10,57758.399999999994
L,299.3,309.3,1325,62,47,0,0,0,0,0,0,10,82150
M,299.3,309.1,1376,46.7,49,0,0,0,0,0,0,9.800000000000011,64259.200000000004
M,299.3,309.1,1600,35.3,52,0,0,0,0,0,0,9.800000000000011,56479.99999999999
L,299.3,309.1,1495,44,55,0,0,0,0,0,0,9.800000000000011,65780
L,299.4,309.1,1645,28.6,57,0,0,0,0,0,0,9.700000000000045,47047
M,299.4,309.1,1417,47.3,59,0,0,0,0,0,0,9.700000000000045,67024.09999999999
H,299.4,309,1415,51.7,62,0,0,0,0,0,0,9.600000000000023,73155.5
M,299.3,309,1496,43.4,67,0,0,0,0,0,0,9.699999999999989,64926.4
H,299.3,309,1508,35,70,0,0,0,0,0,0,9.699999999999989,52780
L,299.4,309,1436,47.9,75,0,0,0,0,0,0,9.600000000000023,68784.4
L,299.5,309.1,1852,22.6,77,0,0,0,0,0,0,9.600000000000023,41855.200000000004
L,299.5,309.1,1863,22.5,79,0,0,0,0,0,0,9.600000000000023,41917.5
H,299.4,309.1,1373,44.1,81,0,0,0,0,0,0,9.700000000000045,60549.3
L,299.4,309,1404,47.3,86,0,0,0,0,0,0,9.600000000000023,66409.2
M,299.4,309,1381,44.9,88,0,0,0,0,0,0,9.600000000000023,62006.9
H,299.4,308.9,1762,29.3,91,0,0,0,0,0,0,9.5,51626.6
H,299.3,308.9,1429,43,96,0,0,0,0,0,0,9.599999999999966,61447
M,299.3,308.9,1858,24.7,101,0,0,0,0,0,0,9.599999999999966,45892.6
H,299.2,308.8,1908,21.3,104,0,0,0,0,0,0,9.600000000000023,40640.4
M,299.2,308.8,1503,37.4,109,0,0,0,0,0,0,9.600000000000023,56212.2
M,299.2,308.8,1523,38.9,112,0,0,0,0,0,0,9.600000000000023,59244.7
L,299.3,309,1491,38.4,115,0,0,0,0,0,0,9.699999999999989,57254.4
L,299.2,308.9,1430,39.1,117,0,0,0,0,0,0,9.699999999999989,55913
L,299.3,308.9,1258,69.4,119,1,0,0,1,0,0,9.599999999999966,87305.20000000001
L,299.3,309,1449,46.5,121,0,0,0,0,0,0,9.699999999999989,67378.5
H,299.3,309,1425,40.6,123,0,0,0,0,0,0,9.699999999999989,57855
L,299.4,309,1800,24.3,128,0,0,0,0,0,0,9.600000000000023,43740
H,299.4,309,1607,33.7,130,0,0,0,0,0,0,9.600000000000023,54155.9
L,299.4,309,1391,58.2,135,0,0,0,0,0,0,9.600000000000023,80956.2
L,299.4,309.1,1432,45.4,137,0,0,0,0,0,0,9.700000000000045,65012.799999999996
L,299.4,309,1660,28.4,139,0,0,0,0,0,0,9.600000000000023,47144
H,299.3,309,1732,29.7,141,0,0,0,0,0,0,9.699999999999989,51440.4
L,299.3,309,1473,46.3,146,0,0,0,0,0,0,9.699999999999989,68199.9
L,299.3,309,1511,47.8,148,0,0,0,0,0,0,9.699999999999989,72225.8
L,299.2,308.9,1588,41.5,150,0,0,0,0,0,0,9.699999999999989,65902
L,299.3,308.9,1623,31.1,152,0,0,0,0,0,0,9.599999999999966,50475.3
L,299.3,309,1734,30.6,154,0,0,0,0,0,0,9.699999999999989,53060.4
L,299.3,309,1415,47.6,156,0,0,0,0,0,0,9.699999999999989,67354
L,299.3,309,1419,46.6,158,0,0,0,0,0,0,9.699999999999989,66125.40000000001
M,299.3,308.9,1577,34.9,160,0,0,0,0,0,0,9.599999999999966,55037.299999999996
L,299.3,308.9,1376,60.3,163,0,0,0,0,0,0,9.599999999999966,82972.8
M,299.3,308.8,1442,49,165,0,0,0,0,0,0,9.5,70658
L,299.4,308.9,1451,40.5,168,0,0,0,0,0,0,9.5,58765.5
L,299.3,308.8,1550,45.8,170,0,0,0,0,0,0,9.5,70990
L,299.3,308.8,1647,32.9,172,0,0,0,0,0,0,9.5,54186.299999999996
L,299.4,308.9,1550,33.7,174,0,0,0,0,0,0,9.5,52235.00000000001
L,299.4,308.9,1583,34.1,176,0,0,0,0,0,0,9.5,53980.3
L,299.4,309,1613,32.2,178,0,0,0,0,0,0,9.600000000000023,51938.600000000006
H,299.3,308.8,1636,35.5,180,0,0,0,0,0,0,9.5,58078
M,299.3,308.7,1289,51.5,185,0,0,0,0,0,0,9.399999999999977,66383.5
M,299.3,308.8,1648,28.4,188,0,0,0,0,0,0,9.5,46803.2
H,299.3,308.8,1397,45.4,191,0,0,0,0,0,0,9.5,63423.799999999996
M,299.3,308.9,1767,24.8,196,0,0,0,0,0,0,9.599999999999966,43821.6
L,299.3,308.8,1341,47.7,199,0,0,0,0,0,0,9.5,63965.700000000004
M,299.4,308.9,1457,41.5,201,0,0,0,0,0,0,9.5,60465.5
M,299.4,309,1939,19.8,204,0,0,0,0,0,0,9.600000000000023,38392.200000000004
M,299.5,309,1399,49.7,207,0,0,0,0,0,0,9.5,69530.3
M,299.5,309,1602,31.3,210,0,0,0,0,0,0,9.5,50142.6
L,299.4,309,1507,41,213,0,0,0,0,0,0,9.600000000000023,61787
L,299.4,309.1,1464,40.5,215,0,0,0,0,0,0,9.700000000000045,59292
L,299.5,309.1,1336,42.1,217,0,0,0,0,0,0,9.600000000000023,56245.6
L,299.6,309.2,1422,39.8,219,0,0,0,0,0,0,9.599999999999966,56595.6
L,299.6,309.2,1540,36.7,221,0,0,0,0,0,0,9.599999999999966,56518.00000000001
L,299.5,309.1,1476,47.8,223,0,0,0,0,0,0,9.600000000000023,70552.8
M,299.6,309.2,1867,23.4,225,1,1,0,0,0,0,9.599999999999966,43687.799999999996
H,299.6,309.1,1588,41.3,0,0,0,0,0,0,0,9.5,65584.4
M,299.5,309.1,1420,49.5,5,0,0,0,0,0,0,9.600000000000023,70290
L,299.5,309.1,1415,49.2,8,0,0,0,0,0,0,9.600000000000023,69618
M,299.4,309.1,1500,43.3,10,0,0,0,0,0,0,9.700000000000045,64949.99999999999
L,299.5,309.1,1502,44.6,13,0,0,0,0,0,0,9.600000000000023,66989.2
L,299.5,309.2,1816,23,15,0,0,0,0,0,0,9.699999999999989,41768
M,299.5,309.2,1495,41.6,17,0,0,0,0,0,0,9.699999999999989,62192
L,299.6,309.2,1572,33.4,20,0,0,0,0,0,0,9.599999999999966,52504.799999999996
M,299.5,309.2,1590,35.9,22,0,0,0,0,0,0,9.699999999999989,57081
M,299.6,309.3,1387,48.3,25,0,0,0,0,0,0,9.699999999999989,66992.09999999999
M,299.6,309.2,1393,47.7,28,0,0,0,0,0,0,9.599999999999966,66446.1
L,299.6,309.2,1602,37.3,31,0,0,0,0,0,0,9.599999999999966,59754.6
L,299.6,309.2,1601,33.3,33,0,0,0,0,0,0,9.599999999999966,53313.299999999996
H,299.6,309.2,1597,36.3,35,0,0,0,0,0,0,9.599999999999966,57971.1
H,299.5,309.1,1548,44.3,40,0,0,0,0,0,0,9.600000000000023,68576.4
M,299.5,309.2,1314,61.8,45,0,0,0,0,0,0,9.699999999999989,81205.2
M,299.6,309.3,1577,39.8,48,0,0,0,0,0,0,9.699999999999989,62764.6
L,299.8,309.4,1475,43.4,51,0,0,0,0,0,0,9.599999999999966,64015
L,299.8,309.4,1630,32.4,53,0,0,0,0,0,0,9.599999999999966,52812
L,299.7,309.4,1445,42.9,55,0,0,0,0,0,0,9.699999999999989,61990.5
M,299.8,309.4,1439,47.4,57,0,0,0,0,0,0,9.599999999999966,68208.59999999999
L,299.7,309.3,1420,44.1,60,0,0,0,0,0,0,9.600000000000023,62622
H,299.7,309.2,1554,41.6,62,0,0,0,0,0,0,9.5,64646.4
M,299.6,309.1,1471,44.3,67,0,0,0,0,0,0,9.5,65165.299999999996
L,299.6,309,1648,33.6,70,0,0,0,0,0,0,9.399999999999977,55372.8
L,299.6,309,1472,48.8,72,0,0,0,0,0,0,9.399999999999977,71833.59999999999
M,299.5,308.9,1448,42.9,74,0,0,0,0,0,0,9.399999999999977,62119.2
M,299.6,308.9,1568,35.3,77,0,0,0,0,0,0,9.299999999999955,55350.399999999994
L,299.6,308.9,1613,30.8,80,0,0,0,0,0,0,9.299999999999955,49680.4
M,299.7,308.9,1551,35.4,82,0,0,0,0,0,0,9.199999999999989,54905.399999999994
L,299.7,309,1412,49.2,85,0,0,0,0,0,0,9.300000000000011,69470.40000000001
M,299.7,308.9,1478,41,87,0,0,0,0,0,0,9.199999999999989,60598
M,299.8,309.1,1268,58,90,0,0,0,0,0,0,9.300000000000011,73544
L,299.8,309.1,1546,35.6,93,0,0,0,0,0,0,9.300000000000011,55037.600000000006
L,299.8,309,1567,36.1,95,0,0,0,0,0,0,9.199999999999989,56568.700000000004
M,299.9,309.2,1548,35.7,97,0,0,0,0,0,0,9.300000000000011,55263.600000000006
L,299.8,309,1614,30.8,100,0,0,0,0,0,0,9.199999999999989,49711.200000000004
M,299.7,309.1,1352,46.1,102,0,0,0,0,0,0,9.400000000000034,62327.200000000004
L,299.9,309.2,1624,34.6,105,0,0,0,0,0,0,9.300000000000011,56190.4
L,299.9,309.2,1436,52,107,0,0,0,0,0,0,9.300000000000011,74672
L,299.8,309.2,1591,37.5,109,0,0,0,0,0,0,9.399999999999977,59662.5
H,299.8,309.2,1435,42.6,111,0,0,0,0,0,0,9.399999999999977,61131
L,299.8,309.3,1386,49.4,116,0,0,0,0,0,0,9.5,68468.4
L,299.7,309.2,1401,54.1,118,0,0,0,0,0,0,9.5,75794.1
M,299.6,309,1245,64,120,0,0,0,0,0,0,9.399999999999977,79680
L,299.7,309.1,1475,40,123,0,0,0,0,0,0,9.400000000000034,59000
L,299.7,309.1,1473,39.4,125,0,0,0,0,0,0,9.400000000000034,58036.2
H,299.7,309.2,1355,44.8,127,0,0,0,0,0,0,9.5,60703.99999999999
H,299.7,309.2,1468,49.6,132,0,0,0,0,0,0,9.5,72812.8
L,299.7,309.2,1645,30.8,137,0,0,0,0,0,0,9.5,50666
L,299.7,309.1,1347,55.3,139,0,0,0,0,0,0,9.400000000000034,74489.09999999999
L,299.7,309.1,1713,33.5,141,0,0,0,0,0,0,9.400000000000034,57385.5
M,299.6,309.1,1435,48.4,143,0,0,0,0,0,0,9.5,69454
M,299.6,309,1736,26.1,146,0,0,0,0,0,0,9.399999999999977,45309.600000000006
L,299.6,309,1372,60.4,149,0,0,0,0,0,0,9.399999999999977,82868.8
L,299.7,309,1605,33,151,0,0,0,0,0,0,9.300000000000011,52965
L,299.6,309,1413,48.5,153,0,0,0,0,0,0,9.399999999999977,68530.5
M,299.7,309,1645,31.9,155,0,0,0,0,0,0,9.300000000000011,52475.5
M,299.7,309,1465,49,158,0,0,0,0,0,0,9.300000000000011,71785
M,299.6,308.9,1685,27.8,161,0,0,0,0,0,0,9.299999999999955,46843
L,299.5,308.8,1965,20.4,164,0,0,0,0,0,0,9.300000000000011,40086
H,299.4,308.6,1542,41.8,166,0,0,0,0,0,0,9.200000000000045,64455.6
L,299.4,308.7,1681,30.8,171,0,0,0,0,0,0,9.300000000000011,51774.8
L,299.5,308.7,1446,45.7,173,0,0,0,0,0,0,9.199999999999989,66082.2
L,299.4,308.6,1415,56.4,175,0,0,0,0,0,0,9.200000000000045,79806
L,299.5,308.6,1672,30.5,177,0,0,0,0,0,0,9.100000000000023,50996
L,299.5,308.7,2549,13,179,1,0,0,1,0,0,9.199999999999989,33137
L,299.4,308.6,1492,40.5,181,0,0,0,0,0,0,9.200000000000045,60426
M,299.4,308.6,1455,42.7,183,0,0,0,0,0,0,9.200000000000045,62128.50000000001
M,299.3,308.5,1422,43.1,186,0,0,0,0,0,0,9.199999999999989,61288.200000000004
L,299.3,308.6,1403,50.6,189,0,0,0,0,0,0,9.300000000000011,70991.8
L,299.3,308.6,1474,49.6,191,0,0,0,0,0,0,9.300000000000011,73110.40000000001
L,299.2,308.6,1381,50,193,0,0,0,0,0,0,9.400000000000034,69050
L,299.2,308.5,1457,44.7,195,0,0,0,0,0,0,9.300000000000011,65127.9
L,299.2,308.4,1711,28.9,197,0,0,0,0,0,0,9.199999999999989,49447.899999999994
L,299.2,308.4,1667,29,199,0,0,0,0,0,0,9.199999999999989,48343
L,299.2,308.4,1465,35,201,0,0,0,0,0,0,9.199999999999989,51275
M,299.3,308.4,1542,37.5,203,1,1,0,0,0,0,9.099999999999966,57825
M,299.3,308.4,1438,42.3,0,0,0,0,0,0,0,9.099999999999966,60827.399999999994
L,299.3,308.4,1406,47.4,3,0,0,0,0,0,0,9.099999999999966,66644.4
M,299.2,308.4,1396,48.5,5,0,0,0,0,0,0,9.199999999999989,67706
M,299.3,308.5,1304,60.6,8,0,0,0,0,0,0,9.199999999999989,79022.40000000001
L,299.2,308.5,1442,46.5,11,0,0,0,0,0,0,9.300000000000011,67053
M,299.2,308.4,1396,48.7,13,0,0,0,0,0,0,9.199999999999989,67985.2
H,299.1,308.3,1424,43.4,16,0,0,0,0,0,0,9.199999999999989,61801.6
H,299.1,308.3,1451,42.8,21,0,0,0,0,0,0,9.199999999999989,62102.799999999996
L,299.2,308.4,1386,54.1,26,0,0,0,0,0,0,9.199999999999989,74982.6
L,299.1,308.3,1325,46.9,28,0,0,0,0,0,0,9.199999999999989,62142.5
L,299.1,308.3,1559,33.7,30,0,0,0,0,0,0,9.199999999999989,52538.3
L,299.1,308.3,1489,38.1,32,0,0,0,0,0,0,9.199999999999989,56730.9
L,299.1,308.3,1892,25.2,34,0,0,0,0,0,0,9.199999999999989,47678.4
L,299.1,308.2,1319,60.3,36,0,0,0,0,0,0,9.099999999999966,79535.7
L,299.1,308.3,1431,52.3,38,0,0,0,0,0,0,9.199999999999989,74841.3
H,299.1,308.3,1521,36.5,40,0,0,0,0,0,0,9.199999999999989,55516.5
M,299.1,308.2,1435,45.2,45,0,0,0,0,0,0,9.099999999999966,64862.00000000001
L,299.1,308.3,1533,42.4,48,0,0,0,0,0,0,9.199999999999989,64999.2
M,299.2,308.4,1529,43,50,0,0,0,0,0,0,9.199999999999989,65747
M,299.2,308.4,1415,43.5,53,0,0,0,0,0,0,9.199999999999989,61552.5
M,299.2,308.4,1330,51.2,56,0,0,0,0,0,0,9.199999999999989,68096
L,299.2,308.5,1381,60.6,59,0,0,0,0,0,0,9.300000000000011,83688.6
L,299.2,308.5,1370,52.4,61,0,0,0,0,0,0,9.300000000000011,71788
L,299.2,308.5,1438,46.6,63,0,0,0,0,0,0,9.300000000000011,67010.8
L,299.3,308.6,1314,48.2,65,0,0,0,0,0,0,9.300000000000011,63334.8
L,299.3,308.6,1437,48.1,67,0,0,0,0,0,0,9.300000000000011,69119.7
L,299.2,308.5,1821,26.1,69,0,0,0,0,0,0,9.300000000000011,47528.100000000006
M,299.3,308.6,1448,52.1,71,0,0,0,0,0,0,9.300000000000011,75440.8
L,299.3,308.5,1589,32.7,74,0,0,0,0,0,0,9.199999999999989,51960.3
L,299.3,308.6,1520,33.7,76,0,0,0,0,0,0,9.300000000000011,51224.00000000001
L,299.3,308.6,1605,37,78,0,0,0,0,0,0,9.300000000000011,59385
L,299.3,308.7,1393,54.2,80,0,0,0,0,0,0,9.399999999999977,75500.6
H,299.3,308.7,1408,44.4,82,0,0,0,0,0,0,9.399999999999977,62515.2
M,299.3,308.7,1459,35.6,87,0,0,0,0,0,0,9.399999999999977,51940.4
L,299.4,308.7,1525,39,90,0,0,0,0,0,0,9.300000000000011,59475
L,299.4,308.8,1390,57,92,0,0,0,0,0,0,9.400000000000034,79230
L,299.3,308.7,1536,38.9,94,0,0,0,0,0,0,9.399999999999977,59750.399999999994
L,299.4,308.7,1459,47.6,96,0,0,0,0,0,0,9.300000000000011,69448.40000000001
L,299.2,308.5,1387,51.1,98,0,0,0,0,0,0,9.300000000000011,70875.7
L,299.2,308.5,1378,53.4,100,0,0,0,0,0,0,9.300000000000011,73585.2
L,299.4,308.7,1381,56.7,102,0,0,0,0,0,0,9.300000000000011,78302.7
M,299.4,308.7,1289,60.5,104,0,0,0,0,0,0,9.300000000000011,77984.5
L,299.4,308.6,1746,26.8,107,0,0,0,0,0,0,9.200000000000045,46792.8
M,299.4,308.6,1541,39.1,109,0,0,0,0,0,0,9.200000000000045,60253.100000000006
L,299.4,308.7,1504,37.8,112,0,0,0,0,0,0,9.300000000000011,56851.2
M,299.5,308.7,1321,51.9,114,0,0,0,0,0,0,9.199999999999989,68559.9
M,299.5,308.8,1886,20.9,117,0,0,0,0,0,0,9.300000000000011,39417.399999999994
L,299.6,308.9,1422,53.2,120,0,0,0,0,0,0,9.299999999999955,75650.40000000001
L,299.5,308.9,1520,38.3,122,0,0,0,0,0,0,9.399999999999977,58215.99999999999
L,299.4,308.8,1627,32.6,124,0,0,0,0,0,0,9.400000000000034,53040.200000000004
L,299.4,308.7,1512,37.2,126,0,0,0,0,0,0,9.300000000000011,56246.4
L,299.4,308.7,1553,42.7,128,0,0,0,0,0,0,9.300000000000011,66313.1
L,299.3,308.7,1802,26,130,0,0,0,0,0,0,9.399999999999977,46852
L,299.3,308.6,1482,37.6,132,0,0,0,0,0,0,9.300000000000011,55723.200000000004
L,299.4,308.7,1446,62.9,134,1,0,0,1,0,0,9.300000000000011,90953.4
L,299.3,308.6,1371,50.5,136,0,0,0,0,0,0,9.300000000000011,69235.5
M,299.2,308.6,1586,35.7,138,0,0,0,0,0,0,9.400000000000034,56620.200000000004
L,299.2,308.5,1515,39.8,141,0,0,0,0,0,0,9.300000000000011,60296.99999999999
L,299.2,308.5,1374,53.6,143,0,0,0,0,0,0,9.300000000000011,73646.40000000001
L,299.1,308.5,1455,39.8,145,0,0,0,0,0,0,9.399999999999977,57908.99999999999
H,299.2,308.5,1342,47.5,147,0,0,0,0,0,0,9.300000000000011,63745
L,299.1,308.6,1260,57.8,152,0,0,0,0,0,0,9.5,72828
H,299,308.5,1623,33.5,154,0,0,0,0,0,0,9.5,54370.5
L,299.1,308.5,1371,55.5,159,0,0,0,0,0,0,9.399999999999977,76090.5
L,299.1,308.6,1611,31.4,161,0,0,0,0,0,0,9.5,50585.399999999994
M,299,308.4,1535,47.5,163,0,0,0,0,0,0,9.399999999999977,72912.5
M,299.1,308.6,1491,38.5,166,0,0,0,0,0,0,9.5,57403.5
M,299.1,308.6,1441,36.2,169,0,0,0,0,0,0,9.5,52164.200000000004
M,299.1,308.8,1725,26.6,172,0,0,0,0,0,0,9.699999999999989,45885
L,299.2,308.9,1368,47.2,175,0,0,0,0,0,0,9.699999999999989,64569.600000000006
L,299.2,308.9,1526,37.9,177,0,0,0,0,0,0,9.699999999999989,57835.4
L,299.2,308.8,1542,39.2,179,0,0,0,0,0,0,9.600000000000023,60446.4
L,299.2,308.8,1605,31.1,181,0,0,0,0,0,0,9.600000000000023,49915.5
L,299.2,308.8,1405,51.4,183,0,0,0,0,0,0,9.600000000000023,72217
M,299.2,308.8,1700,33.5,185,0,0,0,0,0,0,9.600000000000023,56950
H,299.2,308.8,1440,39.1,188,0,0,0,0,0,0,9.600000000000023,56304
M,299.2,308.8,1314,52.5,193,0,0,0,0,0,0,9.600000000000023,68985
L,299.2,308.7,1514,41.9,196,0,0,0,0,0,0,9.5,63436.6
M,299.2,308.7,1401,47,198,0,0,0,0,0,0,9.5,65847
L,299.3,308.8,1636,29.9,201,0,0,0,0,0,0,9.5,48916.399999999994
L,299.3,308.8,1603,33.9,203,0,0,0,0,0,0,9.5,54341.7
M,299.4,308.7,1487,52.6,205,0,0,0,0,0,0,9.300000000000011,78216.2
M,299.3,308.7,1420,50.3,208,0,0,0,0,0,0,9.399999999999977,71426
L,299.3,308.7,1579,36.3,211,0,0,0,0,0,0,9.399999999999977,57317.7
L,299.3,308.7,1484,40.5,213,0,0,0,0,0,0,9.399999999999977,60102
M,299.3,308.7,1390,49.3,215,0,0,0,0,0,0,9.399999999999977,68527
L,299.3,308.6,1384,53.6,218,1,0,0,0,1,0,9.300000000000011,74182.40000000001
L,299.2,308.5,1378,50.4,220,1,0,0,0,1,0,9.300000000000011,69451.2
L,299.2,308.5,1445,45.2,222,0,0,0,0,0,0,9.300000000000011,65314.00000000001
L,299.2,308.4,1445,43.5,224,0,0,0,0,0,0,9.199999999999989,62857.5
L,299.2,308.4,1509,39.4,0,0,0,0,0,0,0,9.199999999999989,59454.6
L,299.2,308.4,1434,46.8,2,0,0,0,0,0,0,9.199999999999989,67111.2
L,299.2,308.4,1877,23.9,4,0,0,0,0,0,0,9.199999999999989,44860.299999999996
L,299.3,308.3,1651,28,6,0,0,0,0,0,0,9,46228
L,299.2,308.2,1466,41.3,8,0,0,0,0,0,0,9,60545.799999999996
L,299.1,308.1,1479,40.7,10,0,0,0,0,0,0,9,60195.3
L,299.1,308.2,1409,46.4,12,0,0,0,0,0,0,9.099999999999966,65377.6
M,299.2,308.2,1674,28.2,14,0,0,0,0,0,0,9,47206.799999999996
L,299.1,308.3,1305,61.4,17,0,0,0,0,0,0,9.199999999999989,80127
M,299.2,308.3,1755,26.4,19,0,0,0,0,0,0,9.100000000000023,46332
L,299.2,308.4,1475,38.7,22,0,0,0,0,0,0,9.199999999999989,57082.50000000001
L,299.2,308.4,1402,47.7,24,0,0,0,0,0,0,9.199999999999989,66875.40000000001
L,299.2,308.3,1410,43,26,0,0,0,0,0,0,9.100000000000023,60630
L,299.2,308.4,1436,41.8,28,0,0,0,0,0,0,9.199999999999989,60024.799999999996
M,299.3,308.5,1386,42.2,30,0,0,0,0,0,0,9.199999999999989,58489.200000000004
L,299.3,308.6,1744,26.4,33,0,0,0,0,0,0,9.300000000000011,46041.6
L,299.2,308.4,1393,48.4,35,0,0,0,0,0,0,9.199999999999989,67421.2
M,299.3,308.5,1422,45.4,37,0,0,0,0,0,0,9.199999999999989,64558.799999999996
L,299.2,308.4,1841,22.8,40,0,0,0,0,0,0,9.199999999999989,41974.8
L,299.3,308.6,1433,37.7,42,0,0,0,0,0,0,9.300000000000011,54024.100000000006
M,299.3,308.5,1305,60.6,44,0,0,0,0,0,0,9.199999999999989,79083
H,299.3,308.6,1498,39.5,47,0,0,0,0,0,0,9.300000000000011,59171
L,299.3,308.5,1772,26.1,52,0,0,0,0,0,0,9.199999999999989,46249.200000000004
M,299.2,308.4,1381,42.5,54,0,0,0,0,0,0,9.199999999999989,58692.5
L,299.3,308.5,1413,38.5,57,0,0,0,0,0,0,9.199999999999989,54400.5
H,299.2,308.4,1388,53.2,59,0,0,0,0,0,0,9.199999999999989,73841.6
M,299.2,308.6,1631,35.4,64,0,0,0,0,0,0,9.400000000000034,57737.399999999994
H,299.3,308.6,1520,41.4,67,0,0,0,0,0,0,9.300000000000011,62928
L,299.3,308.5,1510,45.4,72,0,0,0,0,0,0,9.199999999999989,68554
L,299.2,308.5,1366,49.7,74,0,0,0,0,0,0,9.300000000000011,67890.2
L,299.4,308.5,1845,22.9,76,0,0,0,0,0,0,9.100000000000023,42250.5
L,299.3,308.5,1485,44.7,78,0,0,0,0,0,0,9.199999999999989,66379.5
M,299.3,308.5,1496,39.4,80,0,0,0,0,0,0,9.199999999999989,58942.4
M,299.3,308.4,1468,42.2,83,0,0,0,0,0,0,9.099999999999966,61949.600000000006
M,299.2,308.4,1856,22.7,86,0,0,0,0,0,0,9.199999999999989,42131.2
L,299.2,308.4,1620,34.1,89,0,0,0,0,0,0,9.199999999999989,55242
L,299.3,308.5,1409,44.8,91,0,0,0,0,0,0,9.199999999999989,63123.2
M,299.3,308.5,1404,49.4,93,0,0,0,0,0,0,9.199999999999989,69357.59999999999
L,299.2,308.4,1350,51.3,96,0,0,0,0,0,0,9.199999999999989,69255
M,299.2,308.4,1538,38,98,0,0,0,0,0,0,9.199999999999989,58444
M,299.2,308.4,1476,32.7,101,0,0,0,0,0,0,9.199999999999989,48265.200000000004
M,299.2,308.3,1364,51.8,104,0,0,0,0,0,0,9.100000000000023,70655.2
M,299.2,308.3,1582,45.5,107,0,0,0,0,0,0,9.100000000000023,71981
L,299.1,308.2,1348,56.1,110,0,0,0,0,0,0,9.099999999999966,75622.8
H,299.1,308.2,1450,46.1,112,0,0,0,0,0,0,9.099999999999966,66845
L,299,308.1,1242,60.9,117,0,0,0,0,0,0,9.100000000000023,75637.8
L,299.1,308.2,1493,34.9,119,0,0,0,0,0,0,9.099999999999966,52105.7
L,299.1,308.3,1601,31.4,121,0,0,0,0,0,0,9.199999999999989,50271.399999999994
L,299.1,308.2,1568,33.3,123,0,0,0,0,0,0,9.099999999999966,52214.399999999994
M,299.1,308.3,1506,38,125,0,0,0,0,0,0,9.199999999999989,57228
L,299.1,308.3,1524,34.1,128,0,0,0,0,0,0,9.199999999999989,51968.4
L,299.1,308.4,1543,37.9,130,0,0,0,0,0,0,9.299999999999955,58479.7
M,299.2,308.5,1474,47.2,132,0,0,0,0,0,0,9.300000000000011,69572.8
M,299.2,308.5,1526,37.3,135,0,0,0,0,0,0,9.300000000000011,56919.799999999996
L,299.2,308.5,1867,27,138,0,0,0,0,0,0,9.300000000000011,50409
L,299.2,308.5,1487,41.2,140,0,0,0,0,0,0,9.300000000000011,61264.4
L,299.2,308.4,1580,32.6,142,0,0,0,0,0,0,9.199999999999989,51508
L,299.2,308.5,1340,50,144,0,0,0,0,0,0,9.300000000000011,67000
L,299.2,308.5,1544,41.6,146,0,0,0,0,0,0,9.300000000000011,64230.4
L,299.2,308.5,1488,40.3,148,0,0,0,0,0,0,9.300000000000011,59966.399999999994
M,299.2,308.5,1742,28.9,150,0,0,0,0,0,0,9.300000000000011,50343.799999999996
M,299.1,308.5,1592,34.2,153,0,0,0,0,0,0,9.399999999999977,54446.4
L,299.2,308.6,1582,38.8,156,0,0,0,0,0,0,9.400000000000034,61381.6
L,299.2,308.5,1490,43.2,158,0,0,0,0,0,0,9.300000000000011,64368.00000000001
M,299.2,308.5,1594,35.8,160,0,0,0,0,0,0,9.300000000000011,57065.2
H,299.2,308.6,1462,55,163,0,0,0,0,0,0,9.400000000000034,80410
M,299.2,308.6,1367,47.6,168,0,0,0,0,0,0,9.400000000000034,65069.200000000004
L,299.2,308.7,1325,51,171,0,0,0,0,0,0,9.5,67575
H,299.2,308.7,1448,51.4,173,0,0,0,0,0,0,9.5,74427.2
M,299.1,308.7,2008,20.3,178,0,0,0,0,0,0,9.599999999999966,40762.4
L,299.1,308.7,1498,38.9,181,0,0,0,0,0,0,9.599999999999966,58272.2
L,299.1,308.6,1437,41.6,183,0,0,0,0,0,0,9.5,59779.200000000004
M,299.1,308.6,1499,45.1,185,0,0,0,0,0,0,9.5,67604.90000000001
L,299,308.4,1356,52.6,188,0,0,0,0,0,0,9.399999999999977,71325.6
L,299.1,308.5,1539,46.8,190,0,0,0,0,0,0,9.399999999999977,72025.2
L,299.1,308.5,1689,32.1,192,0,0,0,0,0,0,9.399999999999977,54216.9
L,299,308.5,1559,38.1,194,0,0,0,0,0,0,9.5,59397.9
L,299.1,308.6,1408,46.7,196,0,0,0,0,0,0,9.5,65753.6
L,299,308.5,1886,23,198,0,0,0,0,0,0,9.5,43378
L,299.1,308.5,1415,43.4,0,0,0,0,0,0,0,9.399999999999977,61411
M,299.1,308.5,1587,35.6,2,0,0,0,0,0,0,9.399999999999977,56497.200000000004
L,299,308.4,1571,38.6,5,0,0,0,0,0,0,9.399999999999977,60640.600000000006
L,298.9,308.3,1576,36.6,7,0,0,0,0,0,0,9.400000000000034,57681.600000000006
L,298.9,308.3,1660,34.4,9,0,0,0,0,0,0,9.400000000000034,57104
M,298.9,308.2,1328,49.2,11,0,0,0,0,0,0,9.300000000000011,65337.600000000006
H,298.8,308.2,1450,44.7,14,0,0,0,0,0,0,9.399999999999977,64815.00000000001
L,298.9,308.2,2384,15,19,0,0,0,0,0,0,9.300000000000011,35760
L,298.8,308.2,1443,53.4,21,0,0,0,0,0,0,9.399999999999977,77056.2
M,298.9,308.2,2022,20,23,0,0,0,0,0,0,9.300000000000011,40440
L,298.9,308.2,1828,23.8,26,0,0,0,0,0,0,9.300000000000011,43506.4
L,298.8,308.1,1472,53.5,28,0,0,0,0,0,0,9.300000000000011,78752
M,298.9,308.2,1372,63.6,30,1,0,0,1,0,0,9.300000000000011,87259.2
L,298.9,308.3,1855,23.8,33,0,0,0,0,0,0,9.400000000000034,44149
M,299,308.3,1377,47.2,35,0,0,0,0,0,0,9.300000000000011,64994.4
L,298.9,308.3,1432,48.9,38,0,0,0,0,0,0,9.400000000000034,70024.8
M,298.9,308.2,1335,47.8,40,0,0,0,0,0,0,9.300000000000011,63812.99999999999
M,298.9,308.2,1411,51.3,43,0,0,0,0,0,0,9.300000000000011,72384.3
L,298.9,308.2,1510,43.5,46,0,0,0,0,0,0,9.300000000000011,65685
L,299,308.3,1441,44,48,0,0,0,0,0,0,9.300000000000011,63404
M,299,308.2,1358,42.7,50,0,0,0,0,0,0,9.199999999999989,57986.600000000006
L,298.9,308.2,1686,30.4,53,0,0,0,0,0,0,9.300000000000011,51254.399999999994
H,299,308.2,1662,30.4,55,0,0,0,0,0,0,9.199999999999989,50524.799999999996
L,299.1,308.3,1426,40.1,60,0,0,0,0,0,0,9.199999999999989,57182.6
M,299.1,308.4,1330,53.6,62,0,0,0,0,0,0,9.299999999999955,71288
L,299.1,308.4,1693,31.6,65,0,0,0,0,0,0,9.299999999999955,53498.8
L,299.1,308.4,1426,47.9,67,0,0,0,0,0,0,9.299999999999955,68305.4
L,299.1,308.5,1676,31,69,0,0,0,0,0,0,9.399999999999977,51956
M,299.1,308.4,1332,51.7,71,0,0,0,0,0,0,9.299999999999955,68864.40000000001
L,299.1,308.5,1647,35,74,0,0,0,0,0,0,9.399999999999977,57645
L,299.2,308.6,1267,68.2,76,1,0,0,1,0,0,9.400000000000034,86409.40000000001
H,299.2,308.7,1375,55.1,78,0,0,0,0,0,0,9.5,75762.5
L,299.3,308.6,1422,48.9,83,0,0,0,0,0,0,9.300000000000011,69535.8
L,299.3,308.7,1408,48.7,85,0,0,0,0,0,0,9.399999999999977,68569.6
L,299.4,308.9,1440,42.5,87,0,0,0,0,0,0,9.5,61200
L,299.3,308.8,1772,25.2,89,0,0,0,0,0,0,9.5,44654.4
L,299.2,308.7,1492,37.8,91,0,0,0,0,0,0,9.5,56397.6
L,299.2,308.7,1650,30.5,93,0,0,0,0,0,0,9.5,50325
M,299.1,308.6,2329,14.6,95,0,0,0,0,0,0,9.5,34003.4
L,299,308.6,1648,30.8,98,0,0,0,0,0,0,9.600000000000023,50758.4
L,299,308.6,1653,31.7,100,0,0,0,0,0,0,9.600000000000023,52400.1
L,299,308.6,1946,22.3,102,0,0,0,0,0,0,9.600000000000023,43395.8
L,299.1,308.6,1555,36.6,104,0,0,0,0,0,0,9.5,56913
L,299,308.6,1661,32.2,106,0,0,0,0,0,0,9.600000000000023,53484.200000000004
L,299,308.6,1434,45.9,108,0,0,0,0,0,0,9.600000000000023,65820.59999999999
L,299,308.6,1297,54.2,110,0,0,0,0,0,0,9.600000000000023,70297.40000000001
L,299,308.6,1466,46.4,112,0,0,0,0,0,0,9.600000000000023,68022.4
M,298.9,308.6,1517,39.8,114,0,0,0,0,0,0,9.700000000000045,60376.6
L,298.9,308.5,1742,34.5,117,0,0,0,0,0,0,9.600000000000023,60099
L,298.9,308.5,1580,39.1,119,0,0,0,0,0,0,9.600000000000023,61778
M,298.9,308.5,1534,42.9,121,0,0,0,0,0,0,9.600000000000023,65808.59999999999
L,298.9,308.6,1481,40.7,124,0,0,0,0,0,0,9.700000000000045,60276.700000000004
L,299,308.6,1429,37.7,126,0,0,0,0,0,0,9.600000000000023,53873.3
M,298.9,308.6,1574,33.5,128,0,0,0,0,0,0,9.700000000000045,52729
M,298.9,308.6,1524,40.4,131,0,0,0,0,0,0,9.700000000000045,61569.6
L,299,308.7,1507,37.5,134,0,0,0,0,0,0,9.699999999999989,56512.5
L,298.9,308.5,1467,44.7,136,0,0,0,0,0,0,9.600000000000023,65574.90000000001
L,298.9,308.4,1301,51.1,138,0,0,0,0,0,0,9.5,66481.1
L,298.9,308.5,1429,55.1,140,0,0,0,0,0,0,9.600000000000023,78737.90000000001
M,298.9,308.5,1555,37.6,142,0,0,0,0,0,0,9.600000000000023,58468
L,298.9,308.5,1503,40.6,145,0,0,0,0,0,0,9.600000000000023,61021.8
L,298.9,308.5,1459,43.1,147,0,0,0,0,0,0,9.600000000000023,62882.9
H,298.9,308.4,1449,42.4,149,0,0,0,0,0,0,9.5,61437.6
L,298.9,308.5,1387,57.3,154,0,0,0,0,0,0,9.600000000000023,79475.09999999999
M,298.9,308.5,1456,50,156,0,0,0,0,0,0,9.600000000000023,72800
L,299,308.5,1604,34.7,159,0,0,0,0,0,0,9.5,55658.8
L,299,308.6,1734,32.4,161,0,0,0,0,0,0,9.600000000000023,56181.6
L,299,308.6,1378,47.8,163,0,0,0,0,0,0,9.600000000000023,65868.4
L,298.9,308.7,1504,41.8,165,0,0,0,0,0,0,9.800000000000011,62867.2
M,298.9,308.7,1402,49.8,167,0,0,0,0,0,0,9.800000000000011,69819.59999999999
H,298.8,308.6,1524,37.7,170,0,0,0,0,0,0,9.800000000000011,57454.8
L,298.8,308.6,1593,35.5,175,0,0,0,0,0,0,9.800000000000011,56551.5
M,298.9,308.7,1772,28.4,177,0,0,0,0,0,0,9.800000000000011,50324.799999999996
H,298.9,308.6,1623,31,180,0,0,0,0,0,0,9.700000000000045,50313
L,298.9,308.7,1356,50.7,185,0,0,0,0,0,0,9.800000000000011,68749.2
H,298.9,308.7,1500,41.6,187,0,0,0,0,0,0,9.800000000000011,62400
H,299.1,308.8,1566,46.6,192,0,0,0,0,0,0,9.699999999999989,72975.6
L,299.1,308.9,1445,43.4,197,0,0,0,0,0,0,9.799999999999955,62713
H,299,308.8,1382,58.5,199,0,0,0,0,0,0,9.800000000000011,80847
M,299,308.8,1418,45.7,204,0,0,0,0,0,0,9.800000000000011,64802.600000000006
L,299.1,308.8,1329,53.6,207,1,0,0,0,1,0,9.699999999999989,71234.40000000001
M,299.1,308.8,1491,41,209,0,0,0,0,0,0,9.699999999999989,61131
M,299.2,308.9,1573,37.4,212,0,0,0,0,0,0,9.699999999999989,58830.2
M,299.2,308.9,1521,42.3,215,0,0,0,0,0,0,9.699999999999989,64338.299999999996
L,299.1,308.9,1467,47.2,218,0,0,0,0,0,0,9.799999999999955,69242.40000000001
M,299.1,308.9,1325,48.4,220,0,0,0,0,0,0,9.799999999999955,64130
L,299.1,308.9,1617,32.3,223,0,0,0,0,0,0,9.799999999999955,52229.1
M,299.1,308.9,1476,42.7,225,0,0,0,0,0,0,9.799999999999955,63025.200000000004
L,299.2,309,1515,48.9,228,1,0,0,0,1,0,9.800000000000011,74083.5
L,299.2,309,1408,47.2,0,0,0,0,0,0,0,9.800000000000011,66457.6
L,299.2,309.1,1468,45.6,2,0,0,0,0,0,0,9.900000000000034,66940.8
L,299.2,309.1,1387,48.7,4,0,0,0,0,0,0,9.900000000000034,67546.90000000001
M,299.2,309.1,1503,34.7,6,0,0,0,0,0,0,9.900000000000034,52154.100000000006
H,299.2,309.1,1410,47.1,9,0,0,0,0,0,0,9.900000000000034,66411
L,299,308.9,1615,30.6,14,0,0,0,0,0,0,9.899999999999977,49419
L,299,308.9,1511,35.9,16,0,0,0,0,0,0,9.899999999999977,54244.9
L,299.1,309,1405,53.8,18,0,0,0,0,0,0,9.899999999999977,75589
M,299,308.9,1526,41.1,20,0,0,0,0,0,0,9.899999999999977,62718.6
L,298.9,308.8,1530,38.3,23,0,0,0,0,0,0,9.900000000000034,58598.99999999999
L,299,308.7,1583,32.5,25,0,0,0,0,0,0,9.699999999999989,51447.5
L,298.9,308.6,2069,18.7,27,0,0,0,0,0,0,9.700000000000045,38690.299999999996
L,298.8,308.5,1490,35,29,0,0,0,0,0,0,9.699999999999989,52150
L,298.8,308.5,1736,29,31,0,0,0,0,0,0,9.699999999999989,50344
L,298.8,308.5,1395,44.4,33,0,0,0,0,0,0,9.699999999999989,61938
M,298.9,308.6,1425,49.6,35,0,0,0,0,0,0,9.700000000000045,70680
L,298.8,308.6,1631,32.4,38,0,0,0,0,0,0,9.800000000000011,52844.399999999994
L,298.8,308.6,1535,41.2,40,0,0,0,0,0,0,9.800000000000011,63242.00000000001
L,298.8,308.6,1584,34.4,42,0,0,0,0,0,0,9.800000000000011,54489.6
M,298.8,308.7,1543,38.2,44,0,0,0,0,0,0,9.899999999999977,58942.600000000006
L,298.8,308.7,1635,35.2,47,0,0,0,0,0,0,9.899999999999977,57552.00000000001
M,298.8,308.7,1446,45.5,49,0,0,0,0,0,0,9.899999999999977,65793
M,298.8,308.6,1598,35.1,52,0,0,0,0,0,0,9.800000000000011,56089.8
L,298.8,308.6,1501,35,55,0,0,0,0,0,0,9.800000000000011,52535
L,298.8,308.5,1450,50.8,57,0,0,0,0,0,0,9.699999999999989,73660
L,298.8,308.6,1730,25.9,59,0,0,0,0,0,0,9.800000000000011,44807
M,298.8,308.6,1571,33.7,61,0,0,0,0,0,0,9.800000000000011,52942.700000000004
L,298.9,308.7,1438,51.7,64,0,0,0,0,0,0,9.800000000000011,74344.6
M,298.8,308.5,1510,38.7,66,0,0,0,0,0,0,9.699999999999989,58437.00000000001
L,298.9,308.7,1389,44.9,69,0,0,0,0,0,0,9.800000000000011,62366.1
L,298.8,308.7,1490,33.6,71,0,0,0,0,0,0,9.899999999999977,50064
L,298.9,308.7,1729,26.6,73,0,0,0,0,0,0,9.800000000000011,45991.4
L,299,308.8,1495,38.4,75,0,0,0,0,0,0,9.800000000000011,57408
L,298.9,308.8,1281,53.9,77,0,0,0,0,0,0,9.900000000000034,69045.9
H,298.9,308.7,1353,48.1,79,0,0,0,0,0,0,9.800000000000011,65079.3
L,299.1,308.8,1429,50.1,84,0,0,0,0,0,0,9.699999999999989,71592.90000000001
L,299.1,308.8,1413,42.1,86,0,0,0,0,0,0,9.699999999999989,59487.3
L,299.1,308.8,1502,38.3,88,0,0,0,0,0,0,9.699999999999989,57526.6
H,299.1,308.8,1553,32.6,90,0,0,0,0,0,0,9.699999999999989,50627.8
H,299.2,308.9,1712,26.4,95,0,0,0,0,0,0,9.699999999999989,45196.799999999996
L,299.3,309,1786,23.5,100,0,0,0,0,0,0,9.699999999999989,41971
L,299.2,309,1951,21.4,102,0,0,0,0,0,0,9.800000000000011,41751.399999999994
M,299.2,309,1541,36.3,104,0,0,0,0,0,0,9.800000000000011,55938.299999999996
L,299.2,309.1,1605,34.3,107,0,0,0,0,0,0,9.900000000000034,55051.49999999999
L,299.2,309.1,1578,38.1,109,0,0,0,0,0,0,9.900000000000034,60121.8
M,299.3,309.2,1440,37.5,111,0,0,0,0,0,0,9.899999999999977,54000
L,299.4,309.2,1489,42.3,114,0,0,0,0,0,0,9.800000000000011,62984.7
L,299.4,309.3,1366,48.4,116,0,0,0,0,0,0,9.900000000000034,66114.4
L,299.3,309.2,1541,37.2,118,0,0,0,0,0,0,9.899999999999977,57325.200000000004
H,299.3,309.1,1552,40.7,120,0,0,0,0,0,0,9.800000000000011,63166.4
L,299.3,309.1,1473,40.3,125,0,0,0,0,0,0,9.800000000000011,59361.899999999994
L,299.3,309.1,1531,37.9,127,0,0,0,0,0,0,9.800000000000011,58024.9
L,299.3,309.2,1511,37.2,129,0,0,0,0,0,0,9.899999999999977,56209.200000000004
M,299.3,309.1,1449,47.9,131,0,0,0,0,0,0,9.800000000000011,69407.09999999999
M,299.4,309.1,1440,50,134,0,0,0,0,0,0,9.700000000000045,72000
M,299.2,309,1881,23.9,137,0,0,0,0,0,0,9.800000000000011,44955.899999999994
L,299.3,309,1447,50.4,140,0,0,0,0,0,1,9.699999999999989,72928.8
M,299.4,309.1,1326,62,142,0,0,0,0,0,0,9.700000000000045,82212
L,299.4,309.2,1607,31.7,145,0,0,0,0,0,0,9.800000000000011,50941.9
L,299.3,309.1,1551,39.1,147,0,0,0,0,0,0,9.800000000000011,60644.100000000006
L,299.3,309.1,1496,37.2,149,0,0,0,0,0,0,9.800000000000011,55651.200000000004
L,299.3,309.1,1493,38,151,0,0,0,0,0,0,9.800000000000011,56734
L,299.4,309.1,1304,50.5,153,0,0,0,0,0,0,9.700000000000045,65852
M,299.3,309,1420,41.6,155,0,0,0,0,0,0,9.699999999999989,59072
L,299.4,309.1,1766,24.6,158,0,0,0,0,0,0,9.700000000000045,43443.600000000006
L,299.6,309.2,1450,43.1,160,0,0,0,0,0,0,9.599999999999966,62495
H,299.5,309.2,1872,22.6,162,0,0,0,0,0,0,9.699999999999989,42307.200000000004
L,299.6,309.2,1713,26.5,167,0,0,0,0,0,0,9.599999999999966,45394.5
M,299.5,309.2,1497,40.9,169,0,0,0,0,0,0,9.699999999999989,61227.299999999996
M,299.4,309.1,1352,44.7,172,0,0,0,0,0,0,9.700000000000045,60434.4
L,299.5,309.2,1499,41.5,175,0,0,0,0,0,0,9.699999999999989,62208.5
L,299.5,309.3,1972,19.3,177,0,0,0,0,0,0,9.800000000000011,38059.6
L,299.5,309.3,1422,49.2,179,0,0,0,0,0,0,9.800000000000011,69962.40000000001
L,299.5,309.3,1523,41.5,181,0,0,0,0,0,0,9.800000000000011,63204.5
L,299.5,309.4,1563,41.5,183,0,0,0,0,0,0,9.899999999999977,64864.5
L,299.4,309.3,1391,46.6,185,0,0,0,0,0,0,9.900000000000034,64820.6
L,299.3,309.1,1795,24.7,187,0,0,0,0,0,0,9.800000000000011,44336.5
L,299.3,309.1,1293,53.7,189,0,0,0,0,0,0,9.800000000000011,69434.1
L,299.2,309.1,1345,60.7,191,1,0,0,0,1,0,9.900000000000034,81641.5
L,299.2,309,1615,33.7,193,0,0,0,0,0,0,9.800000000000011,54425.50000000001
L,299.2,308.9,1342,50.8,195,0,0,0,0,0,0,9.699999999999989,68173.59999999999
L,299.1,308.8,1502,46.7,197,0,0,0,0,0,0,9.699999999999989,70143.40000000001
M,299,308.7,1620,35.4,199,0,0,0,0,0,0,9.699999999999989,57348
L,299,308.7,1537,42.8,202,0,0,0,0,0,0,9.699999999999989,65783.59999999999
L,299,308.7,2248,16.8,204,0,0,0,0,0,0,9.699999999999989,37766.4
L,299,308.7,1706,28.6,206,0,0,0,0,0,0,9.699999999999989,48791.600000000006
L,299,308.7,2250,16.6,208,0,0,0,0,0,0,9.699999999999989,37350
L,299,308.7,1396,48.6,0,0,0,0,0,0,0,9.699999999999989,67845.6
L,298.9,308.6,1522,46.4,2,0,0,0,0,0,0,9.700000000000045,70620.8
L,298.9,308.6,1539,45.4,4,0,0,0,0,0,0,9.700000000000045,69870.59999999999
H,298.9,308.5,1415,54,6,0,0,0,0,0,0,9.600000000000023,76410
L,298.8,308.5,1446,37,11,0,0,0,0,0,0,9.699999999999989,53502
M,298.8,308.6,1486,41.1,13,0,0,0,0,0,0,9.800000000000011,61074.6
L,299,308.7,1426,38.6,16,0,0,0,0,0,0,9.699999999999989,55043.6
L,299,308.7,1449,38.9,18,0,0,0,0,0,0,9.699999999999989,56366.1
L,299.1,308.8,1320,67.5,20,1,0,0,1,0,0,9.699999999999989,89100
M,299.2,308.9,1447,39.6,22,0,0,0,0,0,0,9.699999999999989,57301.200000000004
L,299.3,309,1422,47.3,25,0,0,0,0,0,0,9.699999999999989,67260.59999999999
L,299.3,309.1,1399,52.1,27,0,0,0,0,0,0,9.800000000000011,72887.90000000001
L,299.4,309.2,1427,41.5,29,0,0,0,0,0,0,9.800000000000011,59220.5
M,299.3,309.2,1334,46.3,31,0,0,0,0,0,0,9.899999999999977,61764.2
M,299.3,309.1,1385,45.6,34,0,0,0,0,0,0,9.800000000000011,63156
L,299.4,309.2,1552,37.4,37,0,0,0,0,0,0,9.800000000000011,58044.799999999996
H,299.4,309.3,1534,37.5,39,0,0,0,0,0,0,9.900000000000034,57525
L,299.4,309.3,1448,48.6,44,0,0,0,0,0,0,9.900000000000034,70372.8
L,299.5,309.3,1409,44.7,46,0,0,0,0,0,0,9.800000000000011,62982.3
L,299.4,309.2,1621,34.5,48,0,0,0,0,0,0,9.800000000000011,55924.5
H,299.4,309.1,1547,40.9,50,0,0,0,0,0,0,9.700000000000045,63272.299999999996
L,299.4,309.1,1957,22.1,55,0,0,0,0,0,0,9.700000000000045,43249.700000000004
L,299.4,309.1,2421,14.2,57,0,0,0,0,0,0,9.700000000000045,34378.2
M,299.3,309.1,1571,38.3,59,0,0,0,0,0,0,9.800000000000011,60169.299999999996
L,299.3,309.1,1634,36.8,62,0,0,0,0,0,0,9.800000000000011,60131.2
L,299.3,309,1516,38.7,64,0,0,0,0,0,0,9.699999999999989,58669.200000000004
L,299.4,309.1,1207,66.5,66,0,0,0,0,0,0,9.700000000000045,80265.5
L,299.4,309.1,1670,35.9,68,0,0,0,0,0,0,9.700000000000045,59953
M,299.4,309.1,1461,48.6,70,0,0,0,0,0,0,9.700000000000045,71004.6
L,299.4,309.2,1569,40.8,73,0,0,0,0,0,0,9.800000000000011,64015.2
L,299.4,309.2,1556,35.7,75,0,0,0,0,0,0,9.800000000000011,55549.200000000004
M,299.5,309.3,1506,41.5,77,0,0,0,0,0,0,9.800000000000011,62499
M,299.6,309.4,1642,30.3,80,0,0,0,0,0,0,9.799999999999955,49752.6
M,299.6,309.4,1283,62.1,83,0,0,0,0,0,0,9.799999999999955,79674.3
H,299.7,309.5,1375,46.8,86,0,0,0,0,0,0,9.800000000000011,64349.99999999999
L,299.7,309.4,1399,39.9,91,0,0,0,0,0,0,9.699999999999989,55820.1
L,299.7,309.4,1650,29.8,93,0,0,0,0,0,0,9.699999999999989,49170
M,299.8,309.6,1346,53.2,95,0,0,0,0,0,0,9.800000000000011,71607.2
H,299.9,309.6,1410,51.2,98,0,0,0,0,0,0,9.700000000000045,72192
L,300,309.7,1586,37.8,103,0,0,0,0,0,0,9.699999999999989,59950.799999999996
L,300,309.8,1372,39.6,105,0,0,0,0,0,0,9.800000000000011,54331.200000000004
H,300,309.7,1529,42.4,107,0,0,0,0,0,0,9.699999999999989,64829.6
M,300,309.7,1652,28.6,112,0,0,0,0,0,0,9.699999999999989,47247.200000000004
L,300.1,309.8,1532,39.8,115,0,0,0,0,0,0,9.699999999999989,60973.6
L,300,309.7,1554,32,117,0,0,0,0,0,0,9.699999999999989,49728
H,299.9,309.6,1462,51,119,0,0,0,0,0,0,9.700000000000045,74562
L,299.9,309.6,1254,61.3,124,0,0,0,0,0,0,9.700000000000045,76870.2
L,299.9,309.6,1294,49.7,126,0,0,0,0,0,0,9.700000000000045,64311.8
L,299.8,309.5,1739,27.5,128,0,0,0,0,0,0,9.699999999999989,47822.5
M,299.8,309.4,1412,47.8,130,0,0,0,0,0,0,9.599999999999966,67493.59999999999
M,299.9,309.5,1372,56.2,133,0,0,0,0,0,0,9.600000000000023,77106.40000000001
H,299.8,309.5,1420,46.7,136,0,0,0,0,0,0,9.699999999999989,66314
L,299.8,309.5,1542,40.3,141,0,0,0,0,0,0,9.699999999999989,62142.6
M,299.8,309.4,1401,48.1,143,0,0,0,0,0,0,9.599999999999966,67388.1
L,299.8,309.4,1510,42.5,146,0,0,0,0,0,0,9.599999999999966,64175
H,299.9,309.5,1547,38.5,148,0,0,0,0,0,0,9.600000000000023,59559.5
M,299.8,309.5,1453,43.2,153,0,0,0,0,0,0,9.699999999999989,62769.600000000006
L,299.8,309.4,1408,45.6,156,0,0,0,0,0,0,9.599999999999966,64204.8
L,299.8,309.4,1436,51.6,158,0,0,0,0,0,0,9.599999999999966,74097.6
M,299.9,309.5,1582,38.2,160,0,0,0,0,0,0,9.600000000000023,60432.4
L,299.9,309.6,1280,59.3,163,0,0,0,0,0,0,9.700000000000045,75904
L,299.9,309.5,2008,20.4,165,0,0,0,0,0,0,9.600000000000023,40963.2
L,299.9,309.5,1772,23.5,167,0,0,0,0,0,0,9.600000000000023,41642
L,299.9,309.5,1779,26.1,169,0,0,0,0,0,0,9.600000000000023,46431.9
L,299.9,309.5,1567,35.5,171,0,0,0,0,0,0,9.600000000000023,55628.5
M,299.8,309.4,1751,27,173,0,0,0,0,0,0,9.599999999999966,47277
L,299.9,309.5,1349,51.3,176,0,0,0,0,0,0,9.600000000000023,69203.7
M,300,309.5,1425,40.8,178,0,0,0,0,0,0,9.5,58139.99999999999
L,300,309.4,1395,44.5,181,0,0,0,0,0,0,9.399999999999977,62077.5
H,299.8,309.3,1595,32.1,183,0,0,0,0,0,0,9.5,51199.5
L,299.8,309.3,1291,56.4,188,0,0,0,0,0,0,9.5,72812.4
M,299.9,309.4,1509,42.8,190,0,0,0,0,0,0,9.5,64585.2
M,299.9,309.4,1483,38.1,193,0,0,0,0,0,0,9.5,56502.3
L,299.9,309.3,1620,31.1,196,0,0,0,0,0,0,9.400000000000034,50382
M,299.9,309.4,1487,42.2,198,0,0,0,0,0,0,9.5,62751.4
L,299.8,309.4,2256,15.9,201,0,0,0,0,0,0,9.599999999999966,35870.4
H,299.7,309.2,1691,27.7,203,0,0,0,0,0,0,9.5,46840.7
M,299.8,309.3,1663,35.2,208,0,0,0,0,0,0,9.5,58537.600000000006
M,299.8,309.3,1640,31.1,211,0,0,0,0,0,0,9.5,51004
H,299.7,309.3,1494,37.8,214,0,0,0,0,0,0,9.600000000000023,56473.2
L,299.8,309.4,1467,46.2,219,0,0,0,0,0,0,9.599999999999966,67775.40000000001
M,299.7,309.3,1399,41.9,221,1,1,0,0,0,0,9.600000000000023,58618.1
L,299.7,309.3,1445,42.6,0,0,0,0,0,0,0,9.600000000000023,61557
L,299.8,309.4,1480,40.9,2,0,0,0,0,0,0,9.599999999999966,60532
L,299.7,309.3,1546,37.2,4,0,0,0,0,0,0,9.600000000000023,57511.200000000004
L,299.7,309.3,1574,35.8,6,0,0,0,0,0,0,9.600000000000023,56349.2
L,299.7,309.3,1592,34.2,8,0,0,0,0,0,0,9.600000000000023,54446.4
L,299.8,309.5,1495,39.6,10,0,0,0,0,0,0,9.699999999999989,59202
L,299.8,309.6,1447,43.1,12,0,0,0,0,0,0,9.800000000000011,62365.700000000004
L,299.8,309.5,1476,44.4,14,0,0,0,0,0,0,9.699999999999989,65534.4
L,299.8,309.5,1641,27.1,16,0,0,0,0,0,0,9.699999999999989,44471.100000000006
L,299.8,309.5,1545,32.2,18,0,0,0,0,0,0,9.699999999999989,49749.00000000001
M,299.9,309.6,1364,44.4,20,0,0,0,0,0,0,9.700000000000045,60561.6
L,299.8,309.5,1590,28.5,23,0,0,0,0,0,0,9.699999999999989,45315
L,299.8,309.4,1460,37.4,25,0,0,0,0,0,0,9.599999999999966,54604
L,299.8,309.4,1609,32.5,27,0,0,0,0,0,0,9.599999999999966,52292.5
L,299.8,309.4,1633,27.5,29,0,0,0,0,0,0,9.599999999999966,44907.5
L,299.9,309.4,1348,52.8,31,0,0,0,0,0,0,9.5,71174.4
L,299.9,309.4,1322,53.9,33,0,0,0,0,0,0,9.5,71255.8
L,300,309.5,1641,30.1,35,0,0,0,0,0,0,9.5,49394.100000000006
L,300,309.5,1728,26,37,0,0,0,0,0,0,9.5,44928
L,300,309.6,1431,47.7,39,0,0,0,0,0,0,9.600000000000023,68258.7
L,300.1,309.7,1641,30.4,41,0,0,0,0,0,0,9.599999999999966,49886.399999999994
M,300.1,309.6,1622,36.1,43,0,0,0,0,0,0,9.5,58554.200000000004
M,300.1,309.6,1625,38,46,0,0,0,0,0,0,9.5,61750
L,300,309.5,1869,22.7,49,0,0,0,0,0,0,9.5,42426.299999999996
L,300,309.6,1452,46,51,0,0,0,0,0,0,9.600000000000023,66792
L,300,309.6,1618,28.7,53,0,0,0,0,0,0,9.600000000000023,46436.6
L,300,309.4,2010,20,55,0,0,0,0,0,0,9.399999999999977,40200
L,299.9,309.4,1363,60.9,57,0,0,0,0,0,0,9.5,83006.7
L,299.9,309.3,1473,40.4,59,0,0,0,0,0,0,9.400000000000034,59509.2
L,299.9,309.2,1333,50.8,61,0,0,0,0,0,0,9.300000000000011,67716.4
L,299.8,309.2,1760,25.9,63,0,0,0,0,0,0,9.399999999999977,45584
M,299.8,309.2,1372,58.2,65,0,0,0,0,0,0,9.399999999999977,79850.40000000001
M,299.7,309.2,1608,34.4,68,0,0,0,0,0,0,9.5,55315.2
L,299.7,309.2,1326,64.8,71,0,0,0,0,0,0,9.5,85924.8
M,299.6,309.1,1560,37.1,73,0,0,0,0,0,0,9.5,57876
M,299.6,309,1539,36.1,76,0,0,0,0,0,0,9.399999999999977,55557.9
L,299.6,309.1,2266,15.3,79,0,0,0,0,0,0,9.5,34669.8
L,299.6,309.1,1641,35.8,81,0,0,0,0,0,0,9.5,58747.799999999996
L,299.6,309.1,1574,39.2,83,0,0,0,0,0,0,9.5,61700.8
L,299.6,309.1,1407,50.6,85,0,0,0,0,0,0,9.5,71194.2
H,299.7,309.2,1302,55.5,87,0,0,0,0,0,0,9.5,72261
M,299.6,309.2,1651,30.8,92,0,0,0,0,0,0,9.599999999999966,50850.8
M,299.6,309.1,1366,55.2,95,0,0,0,0,0,0,9.5,75403.2
M,299.5,309,1701,28.6,98,0,0,0,0,0,0,9.5,48648.600000000006
L,299.5,309,1498,44.6,101,0,0,0,0,0,0,9.5,66810.8
M,299.5,309.1,1422,45.3,103,0,0,0,0,0,0,9.600000000000023,64416.6
L,299.5,309.1,1357,47.3,106,0,0,0,0,0,0,9.600000000000023,64186.1
L,299.5,309.2,1690,29.2,108,0,0,0,0,0,0,9.699999999999989,49348
L,299.6,309.2,1559,39.1,110,0,0,0,0,0,0,9.599999999999966,60956.9
M,299.6,309.3,1553,32.4,112,0,0,0,0,0,0,9.699999999999989,50317.2
L,299.6,309.3,1558,34.8,115,0,0,0,0,0,0,9.699999999999989,54218.399999999994
L,299.7,309.4,1362,51.9,117,0,0,0,0,0,0,9.699999999999989,70687.8
M,299.8,309.3,1470,42.7,119,0,0,0,0,0,0,9.5,62769.00000000001
L,299.8,309.4,1555,34.8,122,0,0,0,0,0,0,9.599999999999966,54113.99999999999
M,299.8,309.4,1423,42.9,124,0,0,0,0,0,0,9.599999999999966,61046.7
L,299.7,309.3,1434,38.5,127,0,0,0,0,0,0,9.600000000000023,55209
L,299.7,309.3,1779,25.5,129,0,0,0,0,0,0,9.600000000000023,45364.5
L,299.7,309.3,1417,54.6,131,0,0,0,0,0,0,9.600000000000023,77368.2
L,299.6,309.2,1425,45.9,133,0,0,0,0,0,0,9.599999999999966,65407.5
M,299.7,309.2,1597,32.9,135,0,0,0,0,0,0,9.5,52541.299999999996
L,299.7,309.2,1346,57.4,138,0,0,0,0,0,0,9.5,77260.4
L,299.7,309.2,1422,40.4,140,0,0,0,0,0,0,9.5,57448.799999999996
H,299.7,309.2,1572,32.8,142,0,0,0,0,0,0,9.5,51561.6
L,299.7,309.2,1412,45.4,147,0,0,0,0,0,0,9.5,64104.799999999996
M,299.7,309.1,1576,36.4,149,0,0,0,0,0,0,9.400000000000034,57366.399999999994
M,299.7,309.1,1508,41.2,152,0,0,0,0,0,0,9.400000000000034,62129.600000000006
M,299.8,309.1,1496,44.4,155,0,0,0,0,0,0,9.300000000000011,66422.4
L,299.8,309.2,1572,35.4,158,0,0,0,0,0,0,9.399999999999977,55648.799999999996
L,299.6,309,1525,42.8,160,0,0,0,0,0,0,9.399999999999977,65269.99999999999
L,299.6,309,1378,51.9,162,0,0,0,0,0,0,9.399999999999977,71518.2
L,299.6,309.1,1369,51.4,164,0,0,0,0,0,0,9.5,70366.59999999999
L,299.6,309.1,1476,45.3,166,0,0,0,0,0,0,9.5,66862.8
L,299.7,309.2,1620,30,168,0,0,0,0,0,0,9.5,48600
M,299.7,309.1,1603,38.5,170,0,0,0,0,0,0,9.400000000000034,61715.5
L,299.7,309.2,1411,46.1,173,0,0,0,0,0,0,9.5,65047.1
L,299.7,309.2,1616,31.6,175,0,0,0,0,0,0,9.5,51065.600000000006
L,299.7,309.2,1631,35.1,177,0,0,0,0,0,0,9.5,57248.100000000006
M,299.7,309.2,1685,28.9,179,1,0,0,0,0,0,9.5,48696.5
H,299.7,309.2,1456,40.6,182,0,0,0,0,0,0,9.5,59113.6
L,299.7,309.1,1417,50.1,187,0,0,0,0,0,0,9.400000000000034,70991.7
M,299.7,309.1,1851,24.7,189,0,0,0,0,0,0,9.400000000000034,45719.7
L,299.7,309.1,1715,27.8,192,0,0,0,0,0,0,9.400000000000034,47677
H,299.6,309.1,1630,32.3,194,0,0,0,0,0,0,9.5,52648.99999999999
L,299.7,309.2,1478,38.8,199,0,0,0,0,0,0,9.5,57346.399999999994
L,299.7,309.2,1781,29.6,201,0,0,0,0,0,0,9.5,52717.600000000006
L,299.8,309.2,1439,36.1,203,0,0,0,0,0,0,9.399999999999977,51947.9
M,299.7,309.2,1412,45.3,205,0,0,0,0,0,0,9.5,63963.6
L,299.7,309.1,1483,41.1,208,0,0,0,0,0,0,9.400000000000034,60951.3
L,299.8,309.2,1400,42.6,210,0,0,0,0,0,0,9.399999999999977,59640
L,299.8,309.3,1299,65.1,212,1,0,0,0,1,0,9.5,84564.9
L,299.8,309.2,1479,44.4,214,0,0,0,0,0,0,9.399999999999977,65667.59999999999
L,299.8,309.2,1491,47.5,216,0,0,0,0,0,0,9.399999999999977,70822.5
M,299.9,309.3,1389,52.8,0,0,0,0,0,0,0,9.400000000000034,73339.2
M,299.9,309.4,1399,54.8,3,0,0,0,0,0,0,9.5,76665.2
M,299.9,309.4,1889,26,6,0,0,0,0,0,0,9.5,49114
L,300,309.5,1925,21.9,9,0,0,0,0,0,0,9.5,42157.5
L,300,309.5,1675,30.2,11,0,0,0,0,0,0,9.5,50585
M,300,309.6,1477,38.1,13,0,0,0,0,0,0,9.600000000000023,56273.700000000004
L,300,309.6,1364,45.9,16,0,0,0,0,0,0,9.600000000000023,62607.6
L,299.9,309.5,1451,39.4,18,0,0,0,0,0,0,9.600000000000023,57169.4
L,299.9,309.4,1467,41.2,20,0,0,0,0,0,0,9.5,60440.4
L,299.9,309.4,1858,22.5,22,0,0,0,0,0,0,9.5,41805
L,300.1,309.4,1559,39.7,24,0,0,0,0,0,0,9.299999999999955,61892.3
L,300.1,309.4,1560,47.7,26,0,0,0,0,0,0,9.299999999999955,74412
L,300.1,309.4,1453,47.6,28,0,0,0,0,0,0,9.299999999999955,69162.8
L,300.1,309.4,1464,41.7,30,0,0,0,0,0,0,9.299999999999955,61048.8
L,300,309.4,1308,50.2,32,0,0,0,0,0,0,9.399999999999977,65661.6
L,300.1,309.5,1353,50.9,34,0,0,0,0,0,0,9.399999999999977,68867.7
M,300.2,309.6,1556,35.8,36,0,0,0,0,0,0,9.400000000000034,55704.799999999996
L,300.2,309.5,2183,17.8,39,0,0,0,0,0,0,9.300000000000011,38857.4
M,300.2,309.6,1491,41.8,41,0,0,0,0,0,0,9.400000000000034,62323.799999999996
M,300.2,309.6,1528,35.1,44,0,0,0,0,0,0,9.400000000000034,53632.8
L,300.2,309.6,1430,52.7,47,0,0,0,0,0,0,9.400000000000034,75361
L,300.2,309.5,1495,32.6,49,0,0,0,0,0,0,9.300000000000011,48737
M,300.2,309.5,1630,28.3,51,0,0,0,0,0,0,9.300000000000011,46129
M,300.3,309.6,1524,38.4,54,0,0,0,0,0,0,9.300000000000011,58521.6
L,300.3,309.6,1326,52.4,57,0,0,0,0,0,0,9.300000000000011,69482.4
H,300.3,309.5,1438,44,59,0,0,0,0,0,0,9.199999999999989,63272
L,300.4,309.6,1356,45.9,64,0,0,0,0,0,0,9.200000000000045,62240.4
H,300.4,309.6,1416,43.3,66,0,0,0,0,0,0,9.200000000000045,61312.799999999996
L,300.4,309.7,1584,32.6,71,0,0,0,0,0,0,9.300000000000011,51638.4
L,300.3,309.6,1597,31.8,73,0,0,0,0,0,0,9.300000000000011,50784.6
L,300.4,309.6,1553,43.9,75,0,0,0,0,0,0,9.200000000000045,68176.7
M,300.3,309.5,1405,49.4,77,0,0,0,0,0,0,9.199999999999989,69407
L,300.2,309.5,1539,35.3,80,0,0,0,0,0,0,9.300000000000011,54326.7
M,300.3,309.6,1398,53.7,82,0,0,0,0,0,0,9.300000000000011,75072.6
L,300.3,309.6,1568,39.6,85,0,0,0,0,0,0,9.300000000000011,62092.8
L,300.3,309.6,1404,44.6,87,0,0,0,0,0,0,9.300000000000011,62618.4
M,300.2,309.5,1500,45.7,89,0,0,0,0,0,0,9.300000000000011,68550
M,300.2,309.5,1642,28.8,92,0,0,0,0,0,0,9.300000000000011,47289.6
M,300.3,309.6,1509,46.6,95,0,0,0,0,0,0,9.300000000000011,70319.40000000001
L,300.2,309.5,1343,50.2,98,0,0,0,0,0,0,9.300000000000011,67418.6
L,300.1,309.5,1450,40.1,100,0,0,0,0,0,0,9.399999999999977,58145
L,300,309.4,1460,43.5,102,0,0,0,0,0,0,9.399999999999977,63510
L,300,309.3,1364,41.2,104,0,0,0,0,0,0,9.300000000000011,56196.8
M,299.9,309.3,1452,41.9,106,0,0,0,0,0,0,9.400000000000034,60838.799999999996
L,299.9,309.3,1471,41.8,109,0,0,0,0,0,0,9.400000000000034,61487.799999999996
L,299.9,309.2,1598,34.6,111,0,0,0,0,0,0,9.300000000000011,55290.8
L,299.8,309.1,1772,24.8,113,0,0,0,0,0,0,9.300000000000011,43945.6
L,299.9,309.2,1761,25.6,115,0,0,0,0,0,0,9.300000000000011,45081.600000000006
M,300,309.3,1413,40.7,117,0,0,0,0,0,0,9.300000000000011,57509.100000000006
L,300,309.3,1887,22.6,120,0,0,0,0,0,0,9.300000000000011,42646.200000000004
L,300,309.3,1395,56.5,122,0,0,0,0,0,0,9.300000000000011,78817.5
M,300.1,309.4,1569,31.6,124,0,0,0,0,0,0,9.299999999999955,49580.4
L,300.1,309.4,1434,47.3,127,0,0,0,0,0,0,9.299999999999955,67828.2
L,300.2,309.5,1417,41.1,129,0,0,0,0,0,0,9.300000000000011,58238.700000000004
L,300.2,309.5,1729,28.4,131,0,0,0,0,0,0,9.300000000000011,49103.6
L,300.2,309.5,1356,51.1,133,0,0,0,0,0,0,9.300000000000011,69291.6
L,300.2,309.5,1436,48.8,135,0,0,0,0,0,0,9.300000000000011,70076.8
M,300.3,309.6,1419,42.5,137,0,0,0,0,0,0,9.300000000000011,60307.5
L,300.3,309.6,1593,38.1,140,0,0,0,0,0,0,9.300000000000011,60693.3
M,300.3,309.5,1320,62.2,142,0,0,0,0,0,0,9.199999999999989,82104
M,300.3,309.5,1448,42.4,145,0,0,0,0,0,0,9.199999999999989,61395.2
L,300.3,309.4,1470,33.5,148,0,0,0,0,0,0,9.099999999999966,49245
M,300.3,309.4,1612,33.1,150,0,0,0,0,0,0,9.099999999999966,53357.200000000004
L,300.4,309.4,1412,51.6,153,0,0,0,0,0,0,9,72859.2
M,300.4,309.4,1875,23.9,155,0,0,0,0,0,0,9,44812.5
L,300.3,309.3,1612,36,158,0,0,0,0,0,0,9,58032
M,300.4,309.3,1411,41.6,160,0,0,0,0,0,0,8.900000000000034,58697.6
M,300.3,309.2,1490,47.9,163,0,0,0,0,0,0,8.899999999999977,71371
M,300.4,309.3,1467,40.3,166,0,0,0,0,0,0,8.900000000000034,59120.1
L,300.3,309.2,1807,26.4,169,0,0,0,0,0,0,8.899999999999977,47704.799999999996
L,300.3,309.1,1368,46,171,0,0,0,0,0,0,8.800000000000011,62928
L,300.3,309.2,1572,32,173,0,0,0,0,0,0,8.899999999999977,50304
M,300.3,309.1,1458,44.3,175,0,0,0,0,0,0,8.800000000000011,64589.399999999994
L,300.3,309.1,1699,30.3,178,0,0,0,0,0,0,8.800000000000011,51479.700000000004
L,300.3,309.3,1478,39.5,180,0,0,0,0,0,0,9,58381
M,300.4,309.4,1362,42.1,182,0,0,0,0,0,0,9,57340.200000000004
H,300.4,309.4,1487,38.9,185,0,0,0,0,0,0,9,57844.299999999996
L,300.3,309.4,1705,29.4,190,0,0,0,0,0,0,9.099999999999966,50127
L,300.3,309.3,1345,53.5,192,0,0,0,0,0,0,9,71957.5
L,300.3,309.2,1532,40.2,194,0,0,0,0,0,0,8.899999999999977,61586.4
L,300.3,309.2,1650,35.2,196,0,0,0,0,0,0,8.899999999999977,58080.00000000001
L,300.3,309.2,1398,54.4,198,0,0,0,0,0,0,8.899999999999977,76051.2
L,300.3,309.2,1412,44.8,200,0,0,0,0,0,0,8.899999999999977,63257.6
L,300.4,309.3,1525,39.6,202,0,0,0,0,0,0,8.900000000000034,60390
M,300.3,309.3,1391,57.9,204,0,0,0,0,0,0,9,80538.9
L,300.4,309.3,1766,28.2,207,0,0,0,0,0,0,8.900000000000034,49801.2
L,300.4,309.3,1671,35,209,0,0,0,0,0,0,8.900000000000034,58485
L,300.5,309.3,1373,48.8,211,0,0,0,0,0,0,8.800000000000011,67002.4
M,300.5,309.4,1347,50.1,213,0,0,0,0,0,0,8.899999999999977,67484.7
M,300.5,309.3,1539,39.1,216,0,0,0,0,0,0,8.800000000000011,60174.9
L,300.5,309.3,1470,40.8,219,0,0,0,0,0,0,8.800000000000011,59975.99999999999
L,300.5,309.3,1528,37,221,0,0,0,0,0,0,8.800000000000011,56536
H,300.5,309.3,1471,45.2,223,0,0,0,0,0,0,8.800000000000011,66489.2
M,300.4,309.2,1528,37.2,228,0,0,0,0,0,0,8.800000000000011,56841.600000000006
L,300.5,309.3,1417,51.5,231,1,0,0,0,1,0,8.800000000000011,72975.5
L,300.6,309.4,1549,43.4,233,0,0,0,0,0,0,8.799999999999955,67226.59999999999
H,300.6,309.4,1463,49.2,235,0,0,0,0,0,0,8.799999999999955,71979.6
L,300.7,309.5,1479,43.6,240,0,0,0,0,0,0,8.800000000000011,64484.4
L,300.6,309.5,1867,23,242,0,0,0,0,0,0,8.899999999999977,42941
L,300.6,309.4,1471,44.1,244,0,0,0,0,0,0,8.799999999999955,64871.1
H,300.6,309.4,1380,47.6,246,1,1,0,0,0,0,8.799999999999955,65688
H,300.7,309.7,1623,32.7,0,0,0,0,0,0,0,9,53072.100000000006
L,300.8,309.7,1997,20.7,5,0,0,0,0,0,0,8.899999999999977,41337.9
H,300.7,309.6,1390,48.5,7,0,0,0,0,0,0,8.900000000000034,67415
L,300.8,309.7,1418,46.6,12,0,0,0,0,0,0,8.899999999999977,66078.8
L,300.8,309.7,1519,35.8,14,0,0,0,0,0,0,8.899999999999977,54380.2
M,300.8,309.7,1519,39.7,16,0,0,0,0,0,0,8.899999999999977,60304.3
M,300.7,309.6,1536,37.2,19,0,0,0,0,0,0,8.900000000000034,57139.200000000004
L,300.8,309.6,1680,28.7,22,0,0,0,0,0,0,8.800000000000011,48216
H,300.6,309.4,1555,37.9,24,0,0,0,0,0,0,8.799999999999955,58934.5
L,300.6,309.5,1471,49.6,29,0,0,0,0,0,0,8.899999999999977,72961.6
M,300.5,309.4,1877,23.8,31,0,0,0,0,0,0,8.899999999999977,44672.6
M,300.5,309.3,1578,30.5,34,0,0,0,0,0,0,8.800000000000011,48129
M,300.5,309.4,1655,32.1,37,0,0,0,0,0,0,8.899999999999977,53125.5
H,300.5,309.4,1502,34.3,40,0,0,0,0,0,0,8.899999999999977,51518.6
M,300.6,309.4,1367,63.2,45,1,0,0,1,0,0,8.799999999999955,86394.40000000001
L,300.7,309.5,1541,37.2,48,0,0,0,0,0,0,8.800000000000011,57325.200000000004
M,300.6,309.6,1588,37,50,0,0,0,0,0,0,9,58756
L,300.6,309.6,1684,32.8,53,0,0,0,0,0,0,9,55235.2
L,300.6,309.5,1437,40,55,0,0,0,0,0,0,8.899999999999977,57480
L,300.6,309.6,1409,42.4,57,0,0,0,0,0,0,9,59741.6
M,300.5,309.5,1320,49.9,59,0,0,0,0,0,0,9,65868
H,300.5,309.5,1635,34.2,62,0,0,0,0,0,0,9,55917.00000000001
M,300.5,309.5,1691,27.6,67,0,0,0,0,0,0,9,46671.600000000006
M,300.6,309.6,1365,50,70,0,0,0,0,0,0,9,68250
M,300.7,309.7,1523,38.2,73,0,0,0,0,0,0,9,58178.600000000006
L,300.6,309.7,1593,32.4,76,0,0,0,0,0,0,9.099999999999966,51613.2
L,300.6,309.6,1682,30.7,78,0,0,0,0,0,0,9,51637.4
L,300.7,309.6,1329,54.3,80,0,0,0,0,0,0,8.900000000000034,72164.7
M,300.7,309.6,1568,35.2,82,0,0,0,0,0,0,8.900000000000034,55193.600000000006
L,300.7,309.6,1733,24.8,85,0,0,0,0,0,0,8.900000000000034,42978.4
M,300.7,309.6,1473,48.1,87,0,0,0,0,0,0,8.900000000000034,70851.3
M,300.7,309.5,1633,31.3,90,0,0,0,0,0,0,8.800000000000011,51112.9
M,300.6,309.5,1530,40.2,93,0,0,0,0,0,0,8.899999999999977,61506.00000000001
M,300.6,309.5,1550,40.2,96,0,0,0,0,0,0,8.899999999999977,62310.00000000001
L,300.6,309.4,1410,40.6,99,0,0,0,0,0,0,8.799999999999955,57246
L,300.5,309.3,1574,33.5,101,0,0,0,0,0,0,8.800000000000011,52729
L,300.6,309.4,1425,40.3,103,0,0,0,0,0,0,8.799999999999955,57427.49999999999
M,300.6,309.4,1541,35.2,105,0,0,0,0,0,0,8.799999999999955,54243.200000000004
M,300.7,309.5,1733,26.7,108,0,0,0,0,0,0,8.800000000000011,46271.1
L,300.6,309.4,2496,13.5,111,0,0,0,0,0,0,8.799999999999955,33696
L,300.6,309.4,1552,36.4,113,0,0,0,0,0,0,8.799999999999955,56492.799999999996
L,300.6,309.3,1409,38.7,115,0,0,0,0,0,0,8.699999999999989,54528.3
M,300.6,309.4,1581,35.7,117,0,0,0,0,0,0,8.799999999999955,56441.700000000004
L,300.7,309.5,1251,59.9,120,0,0,0,0,0,0,8.800000000000011,74934.9
L,300.7,309.6,1500,44.1,122,0,0,0,0,0,0,8.900000000000034,66150
L,300.6,309.5,1576,38.8,124,0,0,0,0,0,0,8.899999999999977,61148.799999999996
M,300.7,309.5,1352,44,126,0,0,0,0,0,0,8.800000000000011,59488
L,300.7,309.6,1661,30.3,129,0,0,0,0,0,0,8.900000000000034,50328.3
L,300.7,309.6,1541,34.6,131,0,0,0,0,0,0,8.900000000000034,53318.600000000006
H,300.6,309.6,1888,20.5,133,0,0,0,0,0,0,9,38704
L,300.5,309.5,1255,62.1,138,0,0,0,0,0,0,9,77935.5
L,300.6,309.6,1411,41.6,140,0,0,0,0,0,0,9,58697.6
L,300.6,309.5,1516,39,142,0,0,0,0,0,0,8.899999999999977,59124
M,300.6,309.5,1492,34,144,0,0,0,0,0,0,8.899999999999977,50728
L,300.6,309.6,1726,30,147,0,0,0,0,0,0,9,51780
L,300.7,309.7,1598,33.7,149,0,0,0,0,0,0,9,53852.600000000006
L,300.8,309.8,1657,31.1,151,0,0,0,0,0,0,9,51532.700000000004
L,300.8,309.7,1481,38.1,153,0,0,0,0,0,0,8.899999999999977,56426.1
M,300.7,309.7,1397,51.3,155,0,0,0,0,0,0,9,71666.09999999999
L,300.8,309.7,1461,44.3,158,0,0,0,0,0,0,8.899999999999977,64722.299999999996
M,300.7,309.6,1388,51.1,160,0,0,0,0,0,0,8.900000000000034,70926.8
L,300.7,309.7,1507,52.4,163,0,0,0,0,0,0,9,78966.8
M,300.7,309.6,1421,49.8,165,0,0,0,0,0,0,8.900000000000034,70765.8
M,300.8,309.7,1258,54.9,168,0,0,0,0,0,0,8.899999999999977,69064.2
M,300.8,309.7,1482,39,171,0,0,0,0,0,0,8.899999999999977,57798
H,300.7,309.6,1403,51.3,174,0,0,0,0,0,0,8.900000000000034,71973.9
L,300.8,309.7,1373,45.4,179,0,0,0,0,0,0,8.899999999999977,62334.2
L,300.9,309.7,1460,42.1,181,0,0,0,0,0,0,8.800000000000011,61466
M,300.8,309.7,1751,27.9,183,0,0,0,0,0,0,8.899999999999977,48852.899999999994
M,300.8,309.6,1546,42.3,186,0,0,0,0,0,0,8.800000000000011,65395.799999999996
M,300.8,309.7,1680,28.2,189,0,0,0,0,0,0,8.899999999999977,47376
M,300.9,309.7,1394,48.8,192,0,0,0,0,0,0,8.800000000000011,68027.2
L,300.7,309.6,1810,26,195,0,0,0,0,0,0,8.900000000000034,47060
L,300.7,309.5,1479,34.5,197,0,0,0,0,0,0,8.800000000000011,51025.5
L,300.9,309.7,1431,41.4,199,0,0,0,0,0,0,8.800000000000011,59243.4
L,300.9,309.7,2355,14.4,201,0,0,0,0,0,0,8.800000000000011,33912
M,300.7,309.6,1996,19.8,203,1,1,0,0,0,0,8.900000000000034,39520.8
L,300.7,309.5,1461,49.9,0,0,0,0,0,0,0,8.800000000000011,72903.9
H,300.7,309.5,2007,19.7,2,0,0,0,0,0,0,8.800000000000011,39537.9
L,300.7,309.6,1505,34.9,7,0,0,0,0,0,0,8.900000000000034,52524.5
H,300.7,309.6,1925,20.5,9,0,0,0,0,0,0,8.900000000000034,39462.5
M,300.7,309.5,1622,30.5,14,0,0,0,0,0,0,8.800000000000011,49471
L,300.7,309.5,1592,29,17,0,0,0,0,0,0,8.800000000000011,46168
L,300.7,309.5,1850,24.5,19,0,0,0,0,0,0,8.800000000000011,45325
M,300.7,309.5,1470,48.7,21,0,0,0,0,0,0,8.800000000000011,71589
M,300.7,309.5,1445,46.4,24,0,0,0,0,0,0,8.800000000000011,67048
L,300.7,309.5,1685,31.1,27,0,0,0,0,0,0,8.800000000000011,52403.5
H,300.7,309.5,1667,30.5,29,0,0,0,0,0,0,8.800000000000011,50843.5
L,300.7,309.5,1578,35.4,34,0,0,0,0,0,0,8.800000000000011,55861.2
H,300.6,309.4,1691,28,36,0,0,0,0,0,0,8.799999999999955,47348
M,300.7,309.5,1439,43.8,41,0,0,0,0,0,0,8.800000000000011,63028.2
M,300.8,309.6,1404,38.7,44,0,0,0,0,0,0,8.800000000000011,54334.8
L,300.8,309.6,1498,45.8,47,0,0,0,0,0,0,8.800000000000011,68608.4
M,300.8,309.5,1481,44.5,49,0,0,0,0,0,0,8.699999999999989,65904.5
M,300.7,309.4,1589,35,52,0,0,0,0,0,0,8.699999999999989,55615
L,300.7,309.5,1467,44.3,55,0,0,0,0,0,0,8.800000000000011,64988.1
L,300.6,309.4,1654,32.8,57,0,0,0,0,0,0,8.799999999999955,54251.2
L,300.7,309.5,1508,39.9,59,0,0,0,0,0,0,8.800000000000011,60169.2
M,300.7,309.6,1439,43,61,0,0,0,0,0,0,8.900000000000034,61877
L,300.7,309.5,1692,30.3,64,0,0,0,0,0,0,8.800000000000011,51267.6
M,300.7,309.5,1838,24.9,66,0,0,0,0,0,0,8.800000000000011,45766.2
L,300.6,309.3,1601,40.2,69,0,0,0,0,0,0,8.699999999999989,64360.200000000004
L,300.6,309.4,1369,51.6,71,0,0,0,0,0,0,8.799999999999955,70640.40000000001
M,300.6,309.4,1312,45.2,73,0,0,0,0,0,0,8.799999999999955,59302.4
L,300.6,309.4,1468,44.1,76,0,0,0,0,0,0,8.799999999999955,64738.8
M,300.6,309.4,1452,39.4,78,0,0,0,0,0,0,8.799999999999955,57208.799999999996
M,300.7,309.5,1393,43.9,81,0,0,0,0,0,0,8.800000000000011,61152.7
M,300.6,309.4,1432,44.2,84,0,0,0,0,0,0,8.799999999999955,63294.4
M,300.6,309.3,1510,46,87,0,0,0,0,0,0,8.699999999999989,69460
M,300.6,309.4,1521,37.2,90,0,0,0,0,0,0,8.799999999999955,56581.200000000004
H,300.5,309.4,1360,46.2,93,0,0,0,0,0,0,8.899999999999977,62832.00000000001
M,300.5,309.3,1881,25.5,98,0,0,0,0,0,0,8.800000000000011,47965.5
L,300.4,309.3,1413,50.3,101,0,0,0,0,0,0,8.900000000000034,71073.9
H,300.5,309.4,1642,36.2,103,0,0,0,0,0,0,8.899999999999977,59440.4
L,300.5,309.5,1542,38.5,108,0,0,0,0,0,0,9,59367
L,300.4,309.5,1447,39.3,110,0,0,0,0,0,0,9.100000000000023,56867.1
H,300.4,309.4,1530,40.4,112,0,0,0,0,0,0,9,61812
L,300.5,309.5,1795,27.7,117,0,0,0,0,0,0,9,49721.5
L,300.6,309.6,1290,57.4,119,0,0,0,0,0,0,9,74046
L,300.6,309.7,1639,30.4,121,0,0,0,0,0,0,9.099999999999966,49825.6
L,300.7,309.8,1596,31.5,123,0,0,0,0,0,0,9.100000000000023,50274
L,300.6,309.8,1455,48,125,0,0,0,0,0,0,9.199999999999989,69840
M,300.6,309.8,1659,28.9,127,0,0,0,0,0,0,9.199999999999989,47945.1
M,300.6,309.8,1532,42.5,130,0,0,0,0,0,0,9.199999999999989,65110
L,300.6,309.8,1502,42.4,133,0,0,0,0,0,0,9.199999999999989,63684.799999999996
L,300.6,309.8,1688,28.6,135,0,0,0,0,0,0,9.199999999999989,48276.8
M,300.5,309.7,1341,50.9,137,0,0,0,0,0,0,9.199999999999989,68256.9
M,300.5,309.7,1685,29.4,140,0,0,0,0,0,0,9.199999999999989,49539
M,300.5,309.8,1370,55.9,143,0,0,0,0,0,0,9.300000000000011,76583
L,300.5,309.8,1461,52.5,146,0,0,0,0,0,0,9.300000000000011,76702.5
L,300.5,309.8,1550,37.4,148,0,0,0,0,0,0,9.300000000000011,57970
M,300.5,309.8,1508,37.8,150,0,0,0,0,0,0,9.300000000000011,57002.399999999994
L,300.5,309.8,1345,62.7,153,0,0,0,0,0,0,9.300000000000011,84331.5
L,300.5,309.7,1616,34.5,155,0,0,0,0,0,0,9.199999999999989,55752
L,300.5,309.7,1395,61,157,0,0,0,0,0,0,9.199999999999989,85095
H,300.5,309.8,1324,72.8,159,1,0,0,1,0,0,9.300000000000011,96387.2
L,300.5,309.8,1445,43.9,164,0,0,0,0,0,0,9.300000000000011,63435.5
M,300.5,309.8,1555,38.9,166,0,0,0,0,0,0,9.300000000000011,60489.5
M,300.6,309.9,1449,42.4,169,0,0,0,0,0,0,9.299999999999955,61437.6
M,300.5,309.9,1466,53.2,172,0,0,0,0,0,0,9.399999999999977,77991.2
L,300.5,309.9,1503,37.4,175,0,0,0,0,0,0,9.399999999999977,56212.2
L,300.4,309.7,1488,35.7,177,0,0,0,0,0,0,9.300000000000011,53121.600000000006
L,300.4,309.7,1314,50.2,179,0,0,0,0,0,0,9.300000000000011,65962.8
M,300.4,309.7,1547,38,181,0,0,0,0,0,0,9.300000000000011,58786
M,300.4,309.7,1466,39.8,184,0,0,0,0,0,0,9.300000000000011,58346.799999999996
L,300.3,309.6,1537,37.1,187,0,0,0,0,0,0,9.300000000000011,57022.700000000004
M,300.2,309.5,1434,51.5,189,0,0,0,0,0,0,9.300000000000011,73851
L,300.4,309.6,1432,44.7,192,0,0,0,0,0,0,9.200000000000045,64010.4
L,300.5,309.6,1390,48.4,194,0,0,0,0,0,0,9.100000000000023,67276
L,300.5,309.7,1580,42.8,196,0,0,0,0,0,0,9.199999999999989,67624
L,300.5,309.7,1589,30.5,198,0,0,0,0,0,0,9.199999999999989,48464.5
L,300.5,309.8,1441,48.8,200,0,0,0,0,0,0,9.300000000000011,70320.8
L,300.5,309.8,1305,51.7,202,0,0,0,0,0,0,9.300000000000011,67468.5
M,300.5,309.8,1566,35.9,204,0,0,0,0,0,0,9.300000000000011,56219.399999999994
L,300.5,309.8,1379,54.2,207,1,0,0,0,1,0,9.300000000000011,74741.8
L,300.4,309.6,1543,38.1,209,0,0,0,0,0,0,9.200000000000045,58788.3
L,300.5,309.8,1421,49.6,211,0,0,0,0,0,0,9.300000000000011,70481.6
L,300.5,309.6,1760,30.6,213,0,0,0,0,0,0,9.100000000000023,53856
L,300.4,309.5,1711,29.2,215,0,0,0,0,0,0,9.100000000000023,49961.2
L,300.5,309.6,1465,41.6,217,0,0,0,0,0,0,9.100000000000023,60944
L,300.5,309.6,1366,50.2,219,0,0,0,0,0,0,9.100000000000023,68573.2
M,300.4,309.5,1888,21.9,221,0,0,0,0,0,0,9.100000000000023,41347.2
L,300.5,309.5,1777,23.6,0,0,0,0,0,0,0,9,41937.200000000004
L,300.5,309.5,1379,55.6,2,0,0,0,0,0,0,9,76672.40000000001
L,300.4,309.5,1525,51.3,4,0,0,0,0,0,0,9.100000000000023,78232.5
M,300.4,309.6,1563,34,6,0,0,0,0,0,0,9.200000000000045,53142
M,300.5,309.7,1389,43.3,9,0,0,0,0,0,0,9.199999999999989,60143.7
M,300.6,309.8,1447,42.9,12,0,0,0,0,0,0,9.199999999999989,62076.299999999996
M,300.6,309.7,1934,22.8,15,0,0,0,0,0,0,9.099999999999966,44095.200000000004
H,300.6,309.7,1470,43.8,18,0,0,0,0,0,0,9.099999999999966,64385.99999999999
M,300.6,309.7,1428,42.6,23,0,0,0,0,0,0,9.099999999999966,60832.8
L,300.4,309.6,1319,48.1,26,0,0,0,0,0,0,9.200000000000045,63443.9
L,300.5,309.7,1887,24.3,28,0,0,0,0,0,0,9.199999999999989,45854.1
L,300.4,309.5,1349,50.4,30,0,0,0,0,0,0,9.100000000000023,67989.59999999999
M,300.3,309.5,1665,31.4,32,0,0,0,0,0,0,9.199999999999989,52281
L,300.3,309.5,1474,38.7,35,0,0,0,0,0,0,9.199999999999989,57043.8
L,300.4,309.5,1543,38.9,37,0,0,0,0,0,0,9.100000000000023,60022.7
M,300.2,309.4,1459,43.9,39,0,0,0,0,0,0,9.199999999999989,64050.1
L,300.3,309.5,1551,37.9,42,0,0,0,0,0,0,9.199999999999989,58782.899999999994
L,300.2,309.4,1981,21.4,44,0,0,0,0,0,0,9.199999999999989,42393.399999999994
L,300.2,309.4,1526,35.3,46,0,0,0,0,0,0,9.199999999999989,53867.799999999996
M,300.2,309.4,1501,40,48,0,0,0,0,0,0,9.199999999999989,60040
L,300.2,309.4,1558,38.3,51,0,0,0,0,0,0,9.199999999999989,59671.399999999994
L,300.2,309.3,1532,43.2,53,0,0,0,0,0,0,9.100000000000023,66182.40000000001
L,300.1,309.2,1326,55.9,55,0,0,0,0,0,0,9.099999999999966,74123.4
L,300.2,309.2,1431,51.3,57,0,0,0,0,0,0,9,73410.3
L,300.2,309.3,1366,49.3,59,0,0,0,0,0,0,9.100000000000023,67343.8
L,300.1,309.2,1421,42.5,61,0,0,0,0,0,0,9.099999999999966,60392.5
H,300.2,309.3,1506,35.6,63,0,0,0,0,0,0,9.100000000000023,53613.6
H,300.2,309.3,1342,48.7,68,0,0,0,0,0,0,9.100000000000023,65355.4
L,300.1,309.2,1427,37.6,73,0,0,0,0,0,0,9.099999999999966,53655.200000000004
L,300.2,309.2,1667,29.9,75,0,0,0,0,0,0,9,49843.299999999996
L,300.1,309.1,1400,46.7,77,0,0,0,0,0,0,9,65380.00000000001
L,300,309,1709,32.1,79,0,0,0,0,0,0,9,54858.9
M,300,309,1368,45.8,81,0,0,0,0,0,0,9,62654.399999999994
L,300,309.1,1882,23.8,84,0,0,0,0,0,0,9.100000000000023,44791.6
L,300.1,309.1,1353,58.7,86,0,0,0,0,0,0,9,79421.1
L,299.9,309,1553,40,88,0,0,0,0,0,0,9.100000000000023,62120
L,300,309.1,1431,45.4,90,0,0,0,0,0,0,9.100000000000023,64967.4
M,300.1,309.1,1731,30.4,92,0,0,0,0,0,0,9,52622.399999999994
M,300.1,309.2,1687,27.7,95,0,0,0,0,0,1,9.099999999999966,46729.9
M,300.1,309.2,1457,44.3,98,0,0,0,0,0,0,9.099999999999966,64545.1
L,300.1,309.2,1533,37,101,0,0,0,0,0,0,9.099999999999966,56721
H,300,309,1622,31.8,103,0,0,0,0,0,0,9,51579.6
L,300,309.1,1791,28.2,108,0,0,0,0,0,0,9.100000000000023,50506.2
L,300,309.1,1631,28.3,110,0,0,0,0,0,0,9.100000000000023,46157.3
L,300,309,2174,16.9,112,0,0,0,0,0,0,9,36740.6
L,300.1,309,1314,58.2,114,0,0,0,0,0,0,8.899999999999977,76474.8
L,300.1,309.1,1478,46.9,116,0,0,0,0,0,0,9,69318.2
L,300.1,309.2,1783,27.3,118,0,0,0,0,0,0,9.099999999999966,48675.9
M,300.1,309.2,1385,46.1,120,0,0,0,0,0,0,9.099999999999966,63848.5
L,300,309.2,1444,43.6,123,0,0,0,0,0,0,9.199999999999989,62958.4
L,300.1,309.3,1841,23,125,0,0,0,0,0,0,9.199999999999989,42343
M,300.1,309.4,1349,56.2,127,0,0,0,0,0,0,9.299999999999955,75813.8
L,300.1,309.3,1340,56,130,0,0,0,0,0,0,9.199999999999989,75040
M,299.9,309.2,1539,43.2,132,0,0,0,0,0,0,9.300000000000011,66484.8
M,300,309.3,1932,21.8,135,0,0,0,0,0,0,9.300000000000011,42117.6
M,300,309.3,1407,43.9,138,0,0,0,0,0,0,9.300000000000011,61767.299999999996
L,300.1,309.3,1712,28.5,141,0,0,0,0,0,0,9.199999999999989,48792
H,300.1,309.4,1329,55.2,143,0,0,0,0,0,0,9.299999999999955,73360.8
L,300.1,309.2,1441,42.9,148,0,0,0,0,0,0,9.099999999999966,61818.9
L,300,309.2,1610,32.1,150,0,0,0,0,0,0,9.199999999999989,51681
M,300,309.1,1474,45.2,152,0,0,0,0,0,0,9.100000000000023,66624.8
M,300,309.1,1624,30.8,155,0,0,0,0,0,0,9.100000000000023,50019.200000000004
H,300.1,309.3,1520,38.2,158,0,0,0,0,0,0,9.199999999999989,58064.00000000001
H,300.1,309.3,1448,45.8,163,0,0,0,0,0,0,9.199999999999989,66318.4
L,300,309.3,1558,29.7,168,0,0,0,0,0,0,9.300000000000011,46272.6
M,300,309.3,2293,16.3,170,0,0,0,0,0,0,9.300000000000011,37375.9
L,300,309.3,1397,51.2,173,0,0,0,0,0,0,9.300000000000011,71526.40000000001
L,300,309.3,1972,22,175,0,0,0,0,0,0,9.300000000000011,43384
M,299.9,309.2,1574,36.5,177,0,0,0,0,0,0,9.300000000000011,57451
L,299.9,309.2,1560,38.9,180,0,0,0,0,0,0,9.300000000000011,60684
M,299.9,309.2,1353,49.8,182,0,0,0,0,0,0,9.300000000000011,67379.4
M,299.9,309.2,1389,51.2,185,0,0,0,0,0,0,9.300000000000011,71116.8
M,299.9,309.1,1513,43.8,188,0,0,0,0,0,0,9.200000000000045,66269.4
L,299.8,309.1,1578,42.1,191,0,0,0,0,0,0,9.300000000000011,66433.8
H,299.8,309,1467,37.3,193,0,0,0,0,0,0,9.199999999999989,54719.1
L,299.9,309.1,1412,48.3,198,0,0,0,0,0,0,9.200000000000045,68199.59999999999
L,299.8,309.1,1668,30.3,200,0,0,0,0,0,0,9.300000000000011,50540.4
M,299.8,309.2,1678,29.8,202,0,0,0,0,0,0,9.399999999999977,50004.4
L,299.8,309.1,1612,35.4,205,0,0,0,0,0,0,9.300000000000011,57064.799999999996
L,299.8,309.1,1485,39.9,207,0,0,0,0,0,0,9.300000000000011,59251.5
M,299.8,309.1,1456,39.4,209,0,0,0,0,0,0,9.300000000000011,57366.4
L,299.8,309.2,1504,38.7,212,0,0,0,0,0,0,9.399999999999977,58204.8
L,299.9,309.2,1491,44.3,214,0,0,0,0,0,0,9.300000000000011,66051.3
H,299.9,309.2,1525,33.2,0,0,0,0,0,0,0,9.300000000000011,50630.00000000001
L,300,309.2,1759,27.9,5,0,0,0,0,0,0,9.199999999999989,49076.1
M,299.8,309.1,1355,56.7,7,0,0,0,0,0,0,9.300000000000011,76828.5
M,299.9,309.1,1345,56.8,10,0,0,0,0,0,0,9.200000000000045,76396
M,299.9,309.2,1683,30.5,13,0,0,0,0,0,0,9.300000000000011,51331.5
L,299.9,309.2,1658,34.8,16,0,0,0,0,0,0,9.300000000000011,57698.399999999994
L,300,309.2,1566,34.4,18,0,0,0,0,0,0,9.199999999999989,53870.399999999994
M,300.1,309.3,1469,43.9,20,0,0,0,0,0,0,9.199999999999989,64489.1
M,300.2,309.5,1458,46.9,23,0,0,0,0,0,0,9.300000000000011,68380.2
L,300.1,309.4,1858,23.6,26,0,0,0,0,0,0,9.299999999999955,43848.8
H,300.1,309.4,1563,40.8,28,0,0,0,0,0,0,9.299999999999955,63770.399999999994
L,300.1,309.4,2141,17.9,33,0,0,0,0,0,0,9.299999999999955,38323.899999999994
L,300,309.3,1473,46,35,0,0,0,0,0,0,9.300000000000011,67758
H,300,309.4,1498,38.5,37,0,0,0,0,0,0,9.399999999999977,57673
L,300.1,309.4,1568,39.7,42,0,0,0,0,0,0,9.299999999999955,62249.600000000006
L,300.1,309.4,1694,27.4,44,0,0,0,0,0,0,9.299999999999955,46415.6
L,300,309.4,1499,35.7,46,0,0,0,0,0,0,9.399999999999977,53514.3
L,300,309.5,1717,28.3,48,0,0,0,0,0,0,9.5,48591.1
M,300.1,309.5,1462,42.8,50,0,0,0,0,0,0,9.399999999999977,62573.6
L,300.1,309.6,1642,34.5,53,0,0,0,0,0,0,9.5,56649
L,300.1,309.6,1760,25.4,55,0,0,0,0,0,0,9.5,44704
L,300.1,309.5,1660,32.7,57,0,0,0,0,0,0,9.399999999999977,54282.00000000001
L,300.1,309.5,1557,40.6,59,0,0,0,0,0,0,9.399999999999977,63214.200000000004
H,300.2,309.6,1442,49.2,61,0,0,0,0,0,0,9.400000000000034,70946.40000000001
L,300.2,309.6,1359,51.5,66,0,0,0,0,0,0,9.400000000000034,69988.5
L,300.4,309.8,1342,52.5,68,0,0,0,0,0,0,9.400000000000034,70455
L,300.4,309.9,1435,54.8,70,0,0,0,0,0,0,9.5,78638
L,300.4,309.9,1567,36.5,72,0,0,0,0,0,0,9.5,57195.5
L,300.4,309.9,1376,43.5,74,0,0,0,0,0,0,9.5,59856
H,300.4,309.9,1513,38.7,76,0,0,0,0,0,0,9.5,58553.100000000006
H,300.4,309.9,2563,12.8,81,1,0,0,1,0,0,9.5,32806.4
L,300.5,310,1521,45.1,86,0,0,0,0,0,0,9.5,68597.1
L,300.6,310,1658,34.7,88,0,0,0,0,0,0,9.399999999999977,57532.600000000006
H,300.6,310,1419,42.4,90,0,0,0,0,0,0,9.399999999999977,60165.6
M,300.6,310,1478,36.3,95,0,0,0,0,0,0,9.399999999999977,53651.399999999994
M,300.5,310,1415,43.5,98,0,0,0,0,0,0,9.5,61552.5
M,300.5,309.9,1780,26.5,101,0,0,0,0,0,0,9.399999999999977,47170
M,300.4,309.7,1440,42.8,104,0,0,0,0,0,0,9.300000000000011,61631.99999999999
H,300.4,309.8,1448,39.7,107,0,0,0,0,0,0,9.400000000000034,57485.600000000006
H,300.4,309.7,1500,35.2,112,0,0,0,0,0,0,9.300000000000011,52800.00000000001
L,300.4,309.8,1513,32.9,117,0,0,0,0,0,0,9.400000000000034,49777.7
L,300.5,309.8,1428,43.8,119,0,0,0,0,0,0,9.300000000000011,62546.399999999994
M,300.5,309.8,1473,42.3,121,0,0,0,0,0,0,9.300000000000011,62307.899999999994
M,300.5,309.9,1483,49.3,124,0,0,0,0,0,0,9.399999999999977,73111.9
L,300.4,309.7,1534,42.5,127,0,0,0,0,0,0,9.300000000000011,65195
L,300.5,309.8,1367,54,129,0,0,0,0,0,0,9.300000000000011,73818
L,300.4,309.7,1467,36.9,131,0,0,0,0,0,0,9.300000000000011,54132.299999999996
M,300.4,309.7,1488,42.2,133,0,0,0,0,0,0,9.300000000000011,62793.600000000006
L,300.4,309.7,1679,30.1,136,0,0,0,0,0,0,9.300000000000011,50537.9
H,300.4,309.8,1409,47.5,138,0,0,0,0,0,0,9.400000000000034,66927.5
M,300.4,309.7,1367,51.2,143,0,0,0,0,0,0,9.300000000000011,69990.40000000001
L,300.4,309.8,1314,63.1,146,0,0,0,0,0,0,9.400000000000034,82913.40000000001
L,300.5,309.9,1480,40,148,0,0,0,0,0,0,9.399999999999977,59200
L,300.4,309.8,1549,38.9,150,0,0,0,0,0,0,9.400000000000034,60256.1
L,300.4,309.7,1685,31.3,152,0,0,0,0,0,0,9.300000000000011,52740.5
L,300.4,309.6,1536,34.5,154,0,0,0,0,0,0,9.200000000000045,52992
M,300.4,309.7,1539,37.7,156,0,0,0,0,0,0,9.300000000000011,58020.3
L,300.4,309.7,1384,45.1,159,0,0,0,0,0,0,9.300000000000011,62418.4
M,300.4,309.6,1614,30.3,161,0,0,0,0,0,0,9.200000000000045,48904.200000000004
M,300.4,309.6,1675,35.5,164,0,0,0,0,0,0,9.200000000000045,59462.5
M,300.4,309.7,1685,32.3,167,0,0,0,0,0,0,9.300000000000011,54425.49999999999
L,300.4,309.6,1386,56.9,170,0,0,0,0,0,0,9.200000000000045,78863.4
M,300.3,309.6,1488,41.3,172,0,0,0,0,0,0,9.300000000000011,61454.399999999994
L,300.3,309.6,1624,32.6,175,0,0,0,0,0,0,9.300000000000011,52942.4
L,300.3,309.6,1600,34.6,177,0,0,0,0,0,0,9.300000000000011,55360
L,300.3,309.6,1468,44.7,179,0,0,0,0,0,0,9.300000000000011,65619.6
L,300.3,309.6,1435,45.4,181,0,0,0,0,0,0,9.300000000000011,65149
M,300.2,309.5,1564,33.4,183,0,0,0,0,0,0,9.300000000000011,52237.6
M,300.2,309.4,1329,53.6,186,0,0,0,0,0,0,9.199999999999989,71234.40000000001
L,300.1,309.3,1570,36.8,189,0,0,0,0,0,0,9.199999999999989,57775.99999999999
M,300.2,309.4,1433,48.8,191,0,0,0,0,0,0,9.199999999999989,69930.4
L,300.2,309.4,1527,37,194,0,0,0,0,0,0,9.199999999999989,56499
M,300.1,309.3,1443,50.3,196,0,0,0,0,0,0,9.199999999999989,72582.9
L,300.1,309.3,1616,32,199,0,0,0,0,0,0,9.199999999999989,51712
L,300.1,309.3,1654,31,201,0,0,0,0,0,0,9.199999999999989,51274
L,300.1,309.3,1685,27.1,203,0,0,0,0,0,0,9.199999999999989,45663.5
M,300.2,309.4,1456,48.8,205,0,0,0,0,0,0,9.199999999999989,71052.8
M,300.2,309.4,1752,27.8,208,0,0,0,0,0,0,9.199999999999989,48705.6
M,300.1,309.2,1438,51,211,0,0,0,0,0,0,9.099999999999966,73338
L,300.1,309.1,1551,33.7,214,0,0,0,0,0,0,9,52268.700000000004
L,300.1,309.2,1599,30.1,216,0,0,0,0,0,0,9.099999999999966,48129.9
M,300.1,309.2,1732,33.7,218,0,0,0,0,0,0,9.099999999999966,58368.4
M,300.1,309.2,1418,39.8,221,0,0,0,0,0,0,9.099999999999966,56436.399999999994
L,300,309.1,1401,44.5,0,0,0,0,0,0,0,9.100000000000023,62344.5
L,300,309,1454,51.7,2,0,0,0,0,0,0,9,75171.8
M,300,309.2,1635,32.4,4,0,0,0,0,0,0,9.199999999999989,52974
L,300,309.1,1489,40.3,7,0,0,0,0,0,0,9.100000000000023,60006.7
L,300,309.1,1465,40.6,9,0,0,0,0,0,0,9.100000000000023,59479
M,300,309.1,1463,45.7,11,0,0,0,0,0,0,9.100000000000023,66859.1
H,300.1,309.1,1560,35.4,14,0,0,0,0,0,0,9,55224
M,300.1,309.2,1454,44.4,19,0,0,0,0,0,0,9.099999999999966,64557.6
L,300.2,309.1,1479,47,22,0,0,0,0,0,0,8.900000000000034,69513
L,300.2,309.2,1430,43.4,24,0,0,0,0,0,0,9,62062
M,300.1,309.1,1533,38,26,0,0,0,0,0,0,9,58254
L,300.1,309,1404,54.8,29,0,0,0,0,0,0,8.899999999999977,76939.2
M,300.1,308.9,1548,38.4,31,0,0,0,0,0,0,8.799999999999955,59443.2
M,300.1,309,1612,33,34,0,0,0,0,0,0,8.899999999999977,53196
M,300.2,309,1642,31.2,37,0,0,0,0,0,0,8.800000000000011,51230.4
M,300.2,309.1,1406,42.2,40,0,0,0,0,0,0,8.900000000000034,59333.200000000004
L,300.3,309.2,1587,31.4,43,0,0,0,0,0,0,8.899999999999977,49831.799999999996
M,300.3,309.2,1364,47.6,45,0,0,0,0,0,0,8.899999999999977,64926.4
L,300.3,309.2,1462,51.4,48,0,0,0,0,0,0,8.899999999999977,75146.8
L,300.3,309.2,1649,32.4,50,0,0,0,0,0,0,8.899999999999977,53427.6
L,300.4,309.2,1752,29,52,0,0,0,0,0,0,8.800000000000011,50808
H,300.4,309.3,1396,51.2,54,0,0,0,0,0,0,8.900000000000034,71475.2
M,300.5,309.4,2179,16.3,59,0,0,0,0,0,0,8.899999999999977,35517.700000000004
L,300.5,309.5,1653,27.6,62,0,0,0,0,0,0,9,45622.8
L,300.6,309.5,2025,21.4,64,0,0,0,0,0,0,8.899999999999977,43335
L,300.6,309.6,1426,53.6,66,0,0,0,0,0,0,9,76433.6
M,300.6,309.6,1503,38.4,68,0,0,0,0,0,0,9,57715.2
M,300.7,309.6,1525,36.5,71,0,0,0,0,0,0,8.900000000000034,55662.5
L,300.6,309.6,1423,49.1,74,0,0,0,0,0,0,9,69869.3
M,300.7,309.7,1435,44.7,76,0,0,0,0,0,0,9,64144.50000000001
H,300.6,309.5,1495,36.5,79,0,0,0,0,0,0,8.899999999999977,54567.5
M,300.6,309.5,1557,33.8,84,0,0,0,0,0,0,8.899999999999977,52626.6
L,300.6,309.4,1474,40.7,87,0,0,0,0,0,0,8.799999999999955,59991.8
L,300.5,309.3,1465,46,89,0,0,0,0,0,0,8.800000000000011,67390
M,300.5,309.3,1589,34.9,91,0,0,0,0,0,0,8.800000000000011,55456.1
L,300.5,309.3,1475,46.8,94,0,0,0,0,0,0,8.800000000000011,69030
L,300.6,309.4,1442,43.2,96,0,0,0,0,0,0,8.799999999999955,62294.4
L,300.6,309.4,1556,36,98,0,0,0,0,0,0,8.799999999999955,56016
L,300.7,309.3,1425,45.3,100,0,0,0,0,0,0,8.600000000000023,64552.49999999999
L,300.7,309.3,1580,38.3,102,0,0,0,0,0,0,8.600000000000023,60513.99999999999
H,300.8,309.4,1474,40.7,104,0,0,0,0,0,0,8.599999999999966,59991.8
L,300.8,309.4,1489,38.4,109,0,0,0,0,0,0,8.599999999999966,57177.6
L,300.8,309.4,1946,20.5,111,0,0,0,0,0,0,8.599999999999966,39893
M,300.8,309.4,1342,62.4,113,1,0,1,0,0,0,8.599999999999966,83740.8
M,300.9,309.5,1758,26.8,116,0,0,0,0,0,0,8.600000000000023,47114.4
M,300.9,309.4,1724,25.6,119,0,0,0,0,0,0,8.5,44134.4
L,301,309.5,1430,48.5,122,0,0,0,0,0,0,8.5,69355
L,300.9,309.5,1612,35.2,124,0,0,0,0,0,0,8.600000000000023,56742.4
H,300.9,309.5,1469,43.4,126,0,0,0,0,0,0,8.600000000000023,63754.6
L,300.9,309.6,1384,42.4,131,0,0,0,0,0,0,8.700000000000045,58681.6
L,301,309.6,1724,28.1,133,0,0,0,0,0,0,8.600000000000023,48444.4
M,301,309.6,1397,48,135,0,0,0,0,0,0,8.600000000000023,67056
M,301,309.6,1588,32.7,138,0,0,0,0,0,0,8.600000000000023,51927.600000000006
L,301,309.7,1468,42,141,0,0,0,0,0,0,8.699999999999989,61656
M,301,309.8,1594,31.1,143,0,0,0,0,0,0,8.800000000000011,49573.4
M,301,309.7,1511,39.3,146,0,0,0,0,0,0,8.699999999999989,59382.299999999996
L,301.1,309.8,1493,38.9,149,0,0,0,0,0,0,8.699999999999989,58077.7
H,301.2,309.8,1709,27,151,0,0,0,0,0,0,8.600000000000023,46143
L,301.1,309.6,1501,36.1,156,0,0,0,0,0,0,8.5,54186.1
L,301.1,309.7,1668,30.8,158,0,0,0,0,0,0,8.599999999999966,51374.4
L,301.1,309.6,1502,48.9,160,0,0,0,0,0,0,8.5,73447.8
M,301,309.7,1288,58.4,162,0,0,0,0,0,0,8.699999999999989,75219.2
L,301,309.7,1491,42.9,165,0,0,0,0,0,0,8.699999999999989,63963.9
L,301.1,309.8,1519,39.6,167,0,0,0,0,0,0,8.699999999999989,60152.4
L,301.2,309.9,1984,19.7,169,0,0,0,0,0,0,8.699999999999989,39084.799999999996
L,301.2,309.9,1643,32.9,171,0,0,0,0,0,0,8.699999999999989,54054.7
M,301.2,310,1625,31.6,173,0,0,0,0,0,0,8.800000000000011,51350
M,301.3,310,2068,17.8,176,0,0,0,0,0,0,8.699999999999989,36810.4
H,301.3,310.1,1469,39.7,179,0,0,0,0,0,0,8.800000000000011,58319.3
L,301.3,310.1,1558,36.3,184,0,0,0,0,0,0,8.800000000000011,56555.399999999994
L,301.3,310,1344,54.8,186,0,0,0,0,0,0,8.699999999999989,73651.2
H,301.3,310.1,1455,44.1,188,0,0,0,0,0,0,8.800000000000011,64165.5
L,301.3,310.1,1355,53.6,193,0,0,0,0,0,0,8.800000000000011,72628
L,301.3,310.1,1269,56.8,195,1,0,0,0,1,0,8.800000000000011,72079.2
L,301.3,310,1550,41.5,197,0,0,0,0,0,0,8.699999999999989,64325
M,301.3,310.1,1525,37.8,199,0,0,0,0,0,0,8.800000000000011,57644.99999999999
M,301.3,310,1696,32.4,202,0,0,0,0,0,0,8.699999999999989,54950.399999999994
L,301.4,310.1,1937,21.8,205,0,0,0,0,0,0,8.700000000000045,42226.6
M,301.4,310,1689,32.1,207,0,0,0,0,0,0,8.600000000000023,54216.9
M,301.3,310,1593,30.8,210,0,0,0,0,0,0,8.699999999999989,49064.4
M,301.3,309.9,1565,36,213,0,0,0,0,0,0,8.599999999999966,56340
L,301.3,310,1665,31.4,0,0,0,0,0,0,0,8.699999999999989,52281
H,301.3,310,1532,36.3,2,0,0,0,0,0,0,8.699999999999989,55611.6
L,301.3,310,1438,40.9,7,0,0,0,0,0,0,8.699999999999989,58814.2
L,301.3,310.1,1531,41.6,9,0,0,0,0,0,0,8.800000000000011,63689.6
L,301.3,310,1506,40.8,11,0,0,0,0,0,0,8.699999999999989,61444.799999999996
L,301.2,309.9,1382,52.4,13,0,0,0,0,0,0,8.699999999999989,72416.8
M,301.2,309.9,1456,50.8,15,0,0,0,0,0,0,8.699999999999989,73964.8
M,301.2,310,1445,45.6,18,0,0,0,0,0,0,8.800000000000011,65892
L,301.2,309.9,1515,40.9,21,0,0,0,0,0,0,8.699999999999989,61963.5
L,301.2,309.9,1449,45.5,23,0,0,0,0,0,0,8.699999999999989,65929.5
H,301.2,309.9,1362,50.7,25,0,0,0,0,0,0,8.699999999999989,69053.40000000001
L,301.2,309.9,1687,29.7,30,0,0,0,0,0,0,8.699999999999989,50103.9
L,301.2,310,1618,37.6,32,0,0,0,0,0,0,8.800000000000011,60836.8
M,301.2,310.1,1558,32.6,34,0,0,0,0,0,0,8.900000000000034,50790.8
L,301.3,310.1,1662,31,37,0,0,0,0,0,0,8.800000000000011,51522
M,301.2,310.1,1295,56.6,39,0,0,0,0,0,0,8.900000000000034,73297
L,301.2,310.2,1385,42.3,42,0,0,0,0,0,0,9,58585.49999999999
M,301.2,310.1,1479,45.5,44,0,0,0,0,0,0,8.900000000000034,67294.5
L,301.3,310.3,1400,44.3,47,0,0,0,0,0,0,9,62019.99999999999
M,301.2,310.3,1357,54.5,49,0,0,0,0,0,0,9.100000000000023,73956.5
L,301.1,310.2,1657,34.1,52,0,0,0,0,0,0,9.099999999999966,56503.700000000004
L,301.1,310.2,1496,43.4,54,0,0,0,0,0,0,9.099999999999966,64926.4
M,301.2,310.3,1379,43.2,56,0,0,0,0,0,0,9.100000000000023,59572.8
L,301.2,310.3,1548,38.6,59,0,0,0,0,0,0,9.100000000000023,59752.8
L,301.2,310.3,1499,38.1,61,0,0,0,0,0,0,9.100000000000023,57111.9
L,301.3,310.5,1390,45.8,63,0,0,0,0,0,0,9.199999999999989,63661.99999999999
H,301.3,310.4,1538,38.4,65,0,0,0,0,0,0,9.099999999999966,59059.2
L,301.3,310.5,1365,47.7,70,0,0,0,0,0,0,9.199999999999989,65110.50000000001
L,301.3,310.5,1503,48.6,72,0,0,0,0,0,0,9.199999999999989,73045.8
L,301.2,310.4,1390,49.9,74,0,0,0,0,0,0,9.199999999999989,69361
L,301.2,310.3,1497,45.7,76,0,0,0,0,0,0,9.100000000000023,68412.90000000001
M,301.3,310.4,1577,48.3,78,0,0,0,0,0,0,9.099999999999966,76169.09999999999
L,301.4,310.5,1432,54.3,81,0,0,0,0,0,0,9.100000000000023,77757.59999999999
M,301.4,310.5,1563,39.9,83,0,0,0,0,0,0,9.100000000000023,62363.7
L,301.4,310.4,1433,43.4,86,0,0,0,0,0,0,9,62192.2
L,301.3,310.4,1384,50.1,88,0,0,0,0,0,0,9.099999999999966,69338.40000000001
L,301.3,310.4,1346,46.7,90,0,0,0,0,0,0,9.099999999999966,62858.200000000004
L,301.3,310.4,1459,44.7,92,0,0,0,0,0,0,9.099999999999966,65217.3
L,301.4,310.4,1639,28.9,94,0,0,0,0,0,0,9,47367.1
L,301.4,310.4,1737,31.9,96,0,0,0,0,0,0,9,55410.299999999996
L,301.4,310.5,1489,43.5,98,0,0,0,0,0,0,9.100000000000023,64771.5
M,301.5,310.6,1492,43,100,0,0,0,0,0,0,9.100000000000023,64156
M,301.4,310.5,1217,60.6,103,0,0,0,0,0,0,9.100000000000023,73750.2
L,301.5,310.5,1636,28.7,106,0,0,0,0,0,0,9,46953.2
L,301.4,310.4,1436,49.7,108,0,0,0,0,0,0,9,71369.2
L,301.4,310.4,1689,30.6,110,0,0,0,0,0,0,9,51683.4
L,301.5,310.5,2289,16.4,112,0,0,0,0,0,0,9,37539.6
L,301.5,310.6,1522,41,114,0,0,0,0,0,0,9.100000000000023,62402
L,301.5,310.5,1351,52.9,116,0,0,0,0,0,0,9,71467.9
L,301.5,310.5,1589,36.7,118,0,0,0,0,0,0,9,58316.3
L,301.5,310.6,1578,34.1,120,0,0,0,0,0,0,9.100000000000023,53809.8
L,301.5,310.6,1587,33.7,122,0,0,0,0,0,0,9.100000000000023,53481.9
L,301.5,310.6,1962,20.2,124,0,0,0,0,0,0,9.100000000000023,39632.4
M,301.5,310.6,2432,14.2,126,0,0,0,0,0,0,9.100000000000023,34534.4
L,301.6,310.6,1418,43.9,129,0,0,0,0,0,0,9,62250.2
L,301.6,310.7,1683,29.7,131,0,0,0,0,0,0,9.099999999999966,49985.1
L,301.7,310.8,1385,50.7,133,0,0,0,0,0,0,9.100000000000023,70219.5
L,301.7,310.8,1559,44.5,135,0,0,0,0,0,0,9.100000000000023,69375.5
M,301.7,310.8,1671,31.6,137,0,0,0,0,0,0,9.100000000000023,52803.600000000006
M,301.6,310.8,1343,49.5,140,0,0,0,0,0,0,9.199999999999989,66478.5
M,301.6,310.8,1548,34.2,143,0,0,0,0,0,0,9.199999999999989,52941.600000000006
L,301.7,310.9,1705,31.2,146,0,0,0,0,0,0,9.199999999999989,53196
L,301.6,310.8,1535,35.4,148,0,0,0,0,0,0,9.199999999999989,54339
L,301.6,310.8,1564,34.1,150,0,0,0,0,0,0,9.199999999999989,53332.4
M,301.6,310.9,1510,40.9,152,0,0,0,0,0,0,9.299999999999955,61759
L,301.6,310.9,1492,45.2,155,0,0,0,0,0,0,9.299999999999955,67438.40000000001
M,301.5,310.8,1452,44.1,157,0,0,0,0,0,0,9.300000000000011,64033.200000000004
H,301.4,310.7,1329,52,160,0,0,0,0,0,0,9.300000000000011,69108
L,301.5,310.8,1382,52.4,165,0,0,0,0,0,0,9.300000000000011,72416.8
M,301.5,310.8,1628,36.4,167,0,0,0,0,0,0,9.300000000000011,59259.2
L,301.4,310.7,1706,27.9,170,0,0,0,0,0,0,9.300000000000011,47597.399999999994
L,301.3,310.7,1594,34.1,172,0,0,0,0,0,0,9.399999999999977,54355.4
L,301.3,310.7,1761,24.3,174,0,0,0,0,0,0,9.399999999999977,42792.3
L,301.3,310.6,1529,41.8,176,0,0,0,0,0,0,9.300000000000011,63912.2
M,301.3,310.7,1532,40.7,178,0,0,0,0,0,0,9.399999999999977,62352.4
L,301.4,310.7,1673,27.8,181,0,0,0,0,0,0,9.300000000000011,46509.4
L,301.4,310.8,1285,62.6,183,1,0,0,0,1,0,9.400000000000034,80441
L,301.4,310.8,1680,31.4,185,0,0,0,0,0,0,9.400000000000034,52752
L,301.4,310.8,1610,34.6,187,0,0,0,0,0,0,9.400000000000034,55706
L,301.6,310.9,1632,31.6,189,0,0,0,0,0,0,9.299999999999955,51571.200000000004
L,301.6,310.9,1559,40.2,191,0,0,0,0,0,0,9.299999999999955,62671.8
L,301.5,310.8,1367,49,193,0,0,0,0,0,0,9.300000000000011,66983
L,301.6,310.8,1355,57.8,195,1,0,0,0,1,0,9.199999999999989,78319
H,301.6,310.7,1414,51.7,197,0,0,0,0,0,0,9.099999999999966,73103.8
L,301.5,310.6,1522,36.6,202,0,0,0,0,0,0,9.100000000000023,55705.200000000004
L,301.5,310.6,1525,41.9,204,0,0,0,0,0,0,9.100000000000023,63897.5
L,301.5,310.6,1394,46.5,206,0,0,0,0,0,0,9.100000000000023,64821
L,301.5,310.6,1519,40.7,208,0,0,0,0,0,0,9.100000000000023,61823.3
L,301.4,310.6,1445,43.9,210,0,0,0,0,0,0,9.200000000000045,63435.5
L,301.4,310.6,1555,43.3,212,0,0,0,0,0,0,9.200000000000045,67331.5
L,301.4,310.5,1633,39.5,0,0,0,0,0,0,0,9.100000000000023,64503.5
M,301.4,310.6,1630,30.3,2,0,0,0,0,0,0,9.200000000000045,49389
M,301.4,310.7,1692,32.3,5,0,0,0,0,0,0,9.300000000000011,54651.6
H,301.5,310.7,1790,26.2,8,0,0,0,0,0,0,9.199999999999989,46898
L,301.5,310.8,1350,58.5,13,0,0,0,0,0,0,9.300000000000011,78975
L,301.5,310.9,2760,8,15,1,0,0,1,0,0,9.399999999999977,22080
L,301.4,310.7,1584,32.2,17,0,0,0,0,0,0,9.300000000000011,51004.8
L,301.4,310.7,1989,21.8,19,0,0,0,0,0,0,9.300000000000011,43360.200000000004
L,301.4,310.8,1431,44.3,21,0,0,0,0,0,0,9.400000000000034,63393.299999999996
L,301.4,310.7,1568,35.2,23,0,0,0,0,0,0,9.300000000000011,55193.600000000006
L,301.4,310.7,1376,50.6,25,0,0,0,0,0,0,9.300000000000011,69625.6
M,301.4,310.6,1459,46.9,27,0,0,0,0,0,0,9.200000000000045,68427.09999999999
M,301.5,310.8,1385,47.5,30,0,0,0,0,0,0,9.300000000000011,65787.5
H,301.5,310.8,1591,29.6,33,0,0,0,0,0,0,9.300000000000011,47093.600000000006
L,301.5,310.7,1568,33.1,38,0,0,0,0,0,0,9.199999999999989,51900.8
M,301.4,310.7,1459,37.7,40,0,0,0,0,0,0,9.300000000000011,55004.3
L,301.4,310.7,1590,36.3,43,0,0,0,0,0,0,9.300000000000011,57716.99999999999
L,301.3,310.6,1376,47.6,45,0,0,0,0,0,0,9.300000000000011,65497.6
L,301.3,310.6,1510,38.5,47,0,0,0,0,0,0,9.300000000000011,58135
H,301.4,310.6,1674,33.6,49,0,0,0,0,0,0,9.200000000000045,56246.4
L,301.3,310.6,1426,40.7,54,0,0,0,0,0,0,9.300000000000011,58038.200000000004
L,301.5,310.7,1466,43.6,56,0,0,0,0,0,0,9.199999999999989,63917.6
H,301.5,310.8,1474,38.7,58,0,0,0,0,0,0,9.300000000000011,57043.8
M,301.6,310.8,1290,65.3,63,0,0,0,0,0,0,9.199999999999989,84237
M,301.7,310.9,1435,48,66,0,0,0,0,0,0,9.199999999999989,68880
M,301.5,310.7,1416,53.2,69,0,0,0,0,0,0,9.199999999999989,75331.2
H,301.5,310.7,1599,40.4,72,0,0,0,0,0,0,9.199999999999989,64599.6
L,301.5,310.7,1466,47.3,77,0,0,0,0,0,0,9.199999999999989,69341.8
L,301.5,310.7,1408,47.3,79,0,0,0,0,0,0,9.199999999999989,66598.4
L,301.5,310.6,1490,48.1,81,0,0,0,0,0,0,9.100000000000023,71669
L,301.5,310.6,1405,42.3,83,0,0,0,0,0,0,9.100000000000023,59431.49999999999
L,301.4,310.5,1647,33.3,85,0,0,0,0,0,0,9.100000000000023,54845.1
M,301.4,310.6,1459,35,87,0,0,0,0,0,0,9.200000000000045,51065
L,301.4,310.6,1648,30.7,90,0,0,0,0,0,0,9.200000000000045,50593.6
L,301.4,310.7,1675,30.7,92,0,0,0,0,0,0,9.300000000000011,51422.5
L,301.4,310.7,1605,34.2,94,0,0,0,0,0,0,9.300000000000011,54891.00000000001
H,301.4,310.7,1536,44.4,96,0,0,0,0,0,0,9.300000000000011,68198.4
M,301.4,310.7,1617,34.3,101,0,0,0,0,0,0,9.300000000000011,55463.1
L,301.4,310.6,1347,53.3,104,0,0,0,0,0,0,9.200000000000045,71795.09999999999
L,301.3,310.5,1337,52.7,106,0,0,0,0,0,0,9.199999999999989,70459.90000000001
L,301.3,310.4,1695,30.9,108,0,0,0,0,0,0,9.099999999999966,52375.5
M,301.3,310.4,1635,32.5,110,0,0,0,0,0,0,9.099999999999966,53137.5
L,301.2,310.4,1470,44,113,0,0,0,0,0,0,9.199999999999989,64680
L,301.2,310.4,1381,49.8,115,0,0,0,0,0,0,9.199999999999989,68773.8
M,301.2,310.4,1382,41.6,117,0,0,0,0,0,0,9.199999999999989,57491.200000000004
M,301.2,310.4,1697,30,120,0,0,0,0,0,0,9.199999999999989,50910
L,301.2,310.3,1451,39.7,123,0,0,0,0,0,0,9.100000000000023,57604.700000000004
L,301.3,310.3,1419,55.7,125,0,0,0,0,0,0,9,79038.3
L,301.3,310.3,1313,55.6,127,0,0,0,0,0,0,9,73002.8
L,301.3,310.3,1560,36.3,129,0,0,0,0,0,0,9,56627.99999999999
L,301.3,310.3,1555,41.2,131,0,0,0,0,0,0,9,64066.00000000001
L,301.4,310.4,1579,36.9,133,0,0,0,0,0,0,9,58265.1
L,301.5,310.5,1435,44.6,135,0,0,0,0,0,0,9,64001
L,301.6,310.6,1621,33.7,137,0,0,0,0,0,0,9,54627.700000000004
H,301.6,310.6,1555,40.4,139,0,0,0,0,0,0,9,62822
L,301.5,310.5,1611,33.8,144,0,0,0,0,0,0,9,54451.799999999996
L,301.6,310.6,1834,23.5,146,0,0,0,0,0,0,9,43099
M,301.5,310.5,1612,29.8,148,0,0,0,0,0,0,9,48037.6
L,301.5,310.4,1629,34.1,151,0,0,0,0,0,0,8.899999999999977,55548.9
L,301.4,310.4,1496,35.2,153,0,0,0,0,0,0,9,52659.200000000004
L,301.5,310.5,1593,32.9,155,0,0,0,0,0,0,9,52409.7
M,301.5,310.5,1623,33.5,157,0,0,0,0,0,0,9,54370.5
L,301.5,310.5,1380,48.7,160,0,0,0,0,0,0,9,67206
L,301.6,310.6,1562,34.4,162,0,0,0,0,0,0,9,53732.799999999996
L,301.6,310.6,1391,49.4,164,0,0,0,0,0,0,9,68715.4
H,301.5,310.5,1551,34.3,166,0,0,0,0,0,0,9,53199.299999999996
H,301.6,310.6,1821,26.2,171,0,0,0,0,0,0,9,47710.2
L,301.6,310.7,1429,43.6,176,0,0,0,0,0,0,9.099999999999966,62304.4
M,301.6,310.7,2012,20.7,178,0,0,0,0,0,0,9.099999999999966,41648.4
M,301.6,310.6,1924,23.6,181,0,0,0,0,0,0,9,45406.4
M,301.5,310.5,1412,44.1,184,0,0,0,0,0,0,9,62269.200000000004
L,301.5,310.5,1389,54.9,187,0,0,0,0,0,0,9,76256.09999999999
L,301.5,310.5,1466,48.1,189,0,0,0,0,0,0,9,70514.6
L,301.5,310.5,2297,15.8,191,0,0,0,0,0,0,9,36292.6
L,301.4,310.4,1471,37.5,193,0,0,0,0,0,0,9,55162.5
L,301.4,310.3,1492,41.4,195,0,0,0,0,0,0,8.900000000000034,61768.799999999996
L,301.3,310.3,1460,41.5,197,0,0,0,0,0,0,9,60590
L,301.4,310.4,1559,39.4,199,0,0,0,0,0,0,9,61424.6
M,301.4,310.5,1495,52.5,201,0,0,0,0,0,0,9.100000000000023,78487.5
L,301.5,310.5,1535,39,204,0,0,0,0,0,0,9,59865
L,301.5,310.6,1381,50.7,206,0,0,0,0,0,0,9.100000000000023,70016.7
M,301.6,310.6,1599,36.1,208,0,0,0,0,0,0,9,57723.9
H,301.6,310.6,1400,49.5,211,0,0,0,0,0,0,9,69300
L,301.7,310.6,1624,34.5,216,0,0,0,0,0,0,8.900000000000034,56028
L,301.6,310.6,1478,36.6,218,0,0,0,0,0,0,9,54094.8
L,301.7,310.7,1605,33.3,220,0,0,0,0,0,0,9,53446.49999999999
L,301.6,310.6,1506,43.4,222,0,0,0,0,0,0,9,65360.4
L,301.6,310.6,1455,43.9,0,0,0,0,0,0,0,9,63874.5
H,301.6,310.5,1602,32.3,2,0,0,0,0,0,1,8.899999999999977,51744.6
L,301.5,310.4,1425,54.4,7,0,0,0,0,0,0,8.899999999999977,77520
L,301.5,310.4,1918,21.8,9,0,0,0,0,0,0,8.899999999999977,41812.4
H,301.4,310.3,1611,41.5,11,0,0,0,0,0,0,8.900000000000034,66856.5
H,301.4,310.4,1610,38.6,16,0,0,0,0,0,0,9,62146
M,301.5,310.4,2639,12,21,1,0,0,1,0,0,8.899999999999977,31668
L,301.5,310.4,1329,46.6,24,0,0,0,0,0,0,8.899999999999977,61931.4
L,301.5,310.4,1270,54.2,26,0,0,0,0,0,0,8.899999999999977,68834
L,301.5,310.3,1415,41.6,28,0,0,0,0,0,0,8.800000000000011,58864
H,301.6,310.4,1330,49.5,30,0,0,0,0,0,0,8.799999999999955,65835
H,301.6,310.5,1786,27.1,35,0,0,0,0,0,0,8.899999999999977,48400.600000000006
L,301.6,310.5,1809,25.5,40,0,0,0,0,0,0,8.899999999999977,46129.5
L,301.7,310.6,1303,59.7,42,0,0,0,0,0,0,8.900000000000034,77789.1
M,301.8,310.7,1383,45.7,44,0,0,0,0,0,0,8.899999999999977,63203.100000000006
L,301.7,310.6,1447,56.9,47,0,0,0,0,0,0,8.900000000000034,82334.3
L,301.8,310.7,1461,44.2,49,0,0,0,0,0,0,8.899999999999977,64576.200000000004
L,301.8,310.7,2092,18.6,51,0,0,0,0,0,0,8.899999999999977,38911.200000000004
M,301.8,310.7,1429,47.9,53,0,0,0,0,0,0,8.899999999999977,68449.09999999999
L,301.8,310.8,1736,26.5,56,0,0,0,0,0,0,9,46004
L,301.8,310.7,1441,49.3,58,0,0,0,0,0,0,8.899999999999977,71041.3
L,301.8,310.7,1523,43.3,60,0,0,0,0,0,0,8.899999999999977,65945.9
M,301.8,310.8,1691,33.4,62,0,0,0,0,0,0,9,56479.399999999994
M,301.9,310.8,1557,35.3,65,0,0,0,0,0,0,8.900000000000034,54962.1
L,301.8,310.7,1644,33.4,68,0,0,0,0,0,0,8.899999999999977,54909.6
L,301.8,310.6,1522,43.8,70,0,0,0,0,0,0,8.800000000000011,66663.59999999999
L,301.8,310.7,1547,41.7,72,0,0,0,0,0,0,8.899999999999977,64509.9
L,301.8,310.7,1597,30.8,74,0,0,0,0,0,0,8.899999999999977,49187.6
M,301.8,310.8,1619,31,76,0,0,0,0,0,0,9,50189
L,301.9,310.8,1400,58.2,79,0,0,0,0,0,0,8.900000000000034,81480
L,302,310.9,1663,31.5,81,0,0,0,0,0,0,8.899999999999977,52384.5
L,301.9,310.8,1540,37.6,83,0,0,0,0,0,0,8.900000000000034,57904
H,301.9,310.8,1455,42.7,85,0,0,0,0,0,0,8.900000000000034,62128.50000000001
L,301.9,310.8,1519,39,90,0,0,0,0,0,0,8.900000000000034,59241
L,301.9,310.8,1427,47.7,92,0,0,0,0,0,0,8.900000000000034,68067.90000000001
L,301.9,310.8,1650,29.8,94,0,0,0,0,0,0,8.900000000000034,49170
M,301.8,310.8,1508,38.8,96,0,0,0,0,0,0,9,58510.399999999994
L,301.9,310.9,1379,54.8,99,0,0,0,0,0,0,9,75569.2
L,301.9,310.9,1542,36.7,101,0,0,0,0,0,0,9,56591.4
M,301.9,310.9,1763,28.4,103,0,0,0,0,0,0,9,50069.2
H,301.9,310.9,1590,34.3,106,0,0,0,0,0,0,9,54536.99999999999
H,301.9,311,1336,63.6,111,0,0,0,0,0,0,9.100000000000023,84969.6
M,301.9,311,1638,35.4,116,0,0,0,0,0,0,9.100000000000023,57985.2
L,301.9,311,1356,45.7,119,0,0,0,0,0,0,9.100000000000023,61969.200000000004
M,301.9,311,1384,47.4,121,0,0,0,0,0,0,9.100000000000023,65601.59999999999
L,301.9,310.9,1309,48,124,0,0,0,0,0,0,9,62832
L,301.9,311,1642,33.1,126,0,0,0,0,0,0,9.100000000000023,54350.200000000004
L,301.9,311,1289,54.9,128,0,0,0,0,0,0,9.100000000000023,70766.09999999999
L,301.9,311,1353,43.8,130,0,0,0,0,0,0,9.100000000000023,59261.399999999994
H,301.9,311,1871,26,132,0,0,0,0,0,0,9.100000000000023,48646
H,301.9,311,1291,63.6,137,0,0,0,0,0,0,9.100000000000023,82107.6
M,301.8,310.9,1346,44.6,142,0,0,0,0,0,0,9.099999999999966,60031.6
L,301.7,310.8,1493,47.6,145,0,0,0,0,0,0,9.100000000000023,71066.8
M,301.7,310.8,1524,41.3,147,0,0,0,0,0,0,9.100000000000023,62941.2
L,301.6,310.8,1726,26.7,150,0,0,0,0,0,0,9.199999999999989,46084.2
H,301.6,310.8,1435,47.2,152,0,0,0,0,0,0,9.199999999999989,67732
M,301.7,310.8,1502,34.4,157,0,0,0,0,0,0,9.100000000000023,51668.799999999996
L,301.7,310.9,1608,33,160,0,0,0,0,0,0,9.199999999999989,53064
L,301.8,311,1771,27.2,162,0,0,0,0,0,0,9.199999999999989,48171.2
L,301.7,311,1474,42.6,164,0,0,0,0,0,0,9.300000000000011,62792.4
L,301.8,311,1322,53,166,0,0,0,0,0,0,9.199999999999989,70066
M,301.8,311,1393,49.5,168,0,0,0,0,0,0,9.199999999999989,68953.5
M,301.9,311.1,1417,52.5,171,0,0,0,0,0,0,9.200000000000045,74392.5
H,301.9,311,1430,49.8,174,0,0,0,0,0,0,9.100000000000023,71214
M,301.9,311.1,1605,40,179,0,0,0,0,0,0,9.200000000000045,64200
L,302,311.1,1402,47.8,182,0,0,0,0,0,0,9.100000000000023,67015.59999999999
L,302,311,1550,35.2,184,0,0,0,0,0,0,9,54560.00000000001
L,301.9,311,1376,44.9,186,0,0,0,0,0,0,9.100000000000023,61782.4
M,301.9,310.9,1569,32.5,188,0,0,0,0,0,0,9,50992.5
L,301.9,311,1669,32.2,191,0,0,0,0,0,0,9.100000000000023,53741.8
L,301.9,311,1541,38.9,193,0,0,0,0,0,0,9.100000000000023,59944.899999999994
L,301.8,311,1651,32.5,195,0,0,0,0,0,0,9.199999999999989,53657.5
L,301.8,310.9,1521,39.3,197,0,0,0,0,0,0,9.099999999999966,59775.299999999996
M,301.8,310.8,1365,48.2,199,0,0,0,0,0,0,9,65793
L,301.8,310.9,1609,31.7,202,0,0,0,0,0,0,9.099999999999966,51005.299999999996
H,301.8,310.8,1470,37.6,204,0,0,0,0,0,0,9,55272
M,301.9,310.9,1573,38.9,209,0,0,0,0,0,0,9,61189.7
L,302,310.9,1378,53.1,212,1,0,0,0,1,0,8.899999999999977,73171.8
L,301.9,310.9,1567,39,214,1,1,0,0,0,0,9,61113
M,301.9,310.9,1441,43.7,0,0,0,0,0,0,0,9,62971.700000000004
M,301.9,310.9,1641,33.2,3,0,0,0,0,0,0,9,54481.200000000004
L,301.9,310.9,1486,40.3,6,0,0,0,0,0,0,9,59885.799999999996
L,302,311,1563,36.2,8,0,0,0,0,0,0,9,56580.600000000006
M,302,311.1,1769,26,10,0,0,0,0,0,0,9.100000000000023,45994
H,301.9,311,1672,29.9,13,0,0,0,0,0,0,9.100000000000023,49992.799999999996
L,302,311,1632,34.2,18,0,0,0,0,0,0,9,55814.4
M,302,311,1980,21.5,20,0,0,0,0,0,0,9,42570
L,302,311.1,1635,36,23,0,0,0,0,0,0,9.100000000000023,58860
L,302,311,1686,32.5,25,0,0,0,0,0,0,9,54795
L,301.9,310.9,1574,31.4,27,0,0,0,0,0,0,9,49423.6
L,301.8,310.8,1546,43.4,29,0,0,0,0,0,0,9,67096.4
L,301.8,310.9,1899,24.7,31,0,0,0,0,0,0,9.099999999999966,46905.299999999996
L,301.8,310.9,1449,36.5,33,0,0,0,0,0,0,9.099999999999966,52888.5
M,301.9,310.9,1483,37,35,0,0,0,0,0,0,9,54871
L,301.8,310.8,1576,38.6,38,0,0,0,0,0,0,9,60833.600000000006
M,301.9,310.9,1317,51.9,40,0,0,0,0,0,0,9,68352.3
M,301.9,311,1467,48.1,43,0,0,0,0,0,0,9.100000000000023,70562.7
L,301.9,310.9,1616,34.5,46,0,0,0,0,0,0,9,55752
M,301.8,310.9,1299,60.4,48,0,0,0,0,0,0,9.099999999999966,78459.59999999999
M,301.9,311,1432,41.5,51,0,0,0,0,0,0,9.100000000000023,59428
L,301.9,310.9,1799,24.2,54,0,0,0,0,0,0,9,43535.799999999996
M,301.8,310.9,1358,52.3,56,0,0,0,0,0,0,9.099999999999966,71023.4
M,301.8,310.8,1618,37.8,59,0,0,0,0,0,0,9,61160.399999999994
L,301.9,310.8,1525,43.2,62,0,0,0,0,0,0,8.900000000000034,65880
L,301.8,310.7,1551,37.7,64,0,0,0,0,0,0,8.899999999999977,58472.700000000004
L,301.9,310.8,1735,31.5,66,0,0,0,0,0,0,8.900000000000034,54652.5
M,301.8,310.7,1309,43.3,68,0,0,0,0,0,0,8.899999999999977,56679.7
L,301.7,310.6,1743,26.2,71,0,0,0,0,0,0,8.900000000000034,45666.6
M,301.7,310.7,1659,29.9,73,0,0,0,0,0,0,9,49604.1
L,301.8,310.7,1680,32.4,76,0,0,0,0,0,0,8.899999999999977,54432
L,301.7,310.6,1486,38.5,78,0,0,0,0,0,0,8.900000000000034,57211
L,301.7,310.6,1471,43.8,80,0,0,0,0,0,0,8.900000000000034,64429.799999999996
M,301.8,310.7,1465,35.8,82,0,0,0,0,0,0,8.899999999999977,52446.99999999999
M,301.7,310.6,1492,42.2,85,0,0,0,0,0,0,8.900000000000034,62962.4
M,301.8,310.7,1420,52,88,0,0,0,0,0,0,8.899999999999977,73840
L,301.8,310.6,1295,62.3,91,0,0,0,0,0,0,8.800000000000011,80678.5
L,301.8,310.5,1548,34.1,93,0,0,0,0,0,0,8.699999999999989,52786.8
L,301.8,310.6,1372,54.7,95,0,0,0,0,0,0,8.800000000000011,75048.40000000001
M,301.8,310.6,1552,35.9,97,0,0,0,0,0,0,8.800000000000011,55716.799999999996
H,301.8,310.6,1441,46.3,100,0,0,0,0,0,0,8.800000000000011,66718.3
M,301.7,310.6,1691,27.7,105,0,0,0,0,0,0,8.900000000000034,46840.7
L,301.8,310.6,1451,50.7,108,0,0,0,0,0,0,8.800000000000011,73565.7
L,301.8,310.6,1452,48.4,110,0,0,0,0,0,0,8.800000000000011,70276.8
L,301.7,310.6,1406,46,112,0,0,0,0,0,0,8.900000000000034,64676
L,301.7,310.5,1567,39.1,114,0,0,0,0,0,0,8.800000000000011,61269.700000000004
L,301.6,310.4,1599,41.7,116,0,0,0,0,0,0,8.799999999999955,66678.3
M,301.6,310.4,1455,39,118,0,0,0,0,0,0,8.799999999999955,56745
M,301.7,310.5,1625,35.9,121,0,0,0,0,0,0,8.800000000000011,58337.5
L,301.8,310.6,2672,11.8,124,1,0,0,1,0,0,8.800000000000011,31529.600000000002
L,301.8,310.6,1650,31.9,126,0,0,0,0,0,0,8.800000000000011,52635
M,301.8,310.6,1459,40.2,128,0,0,0,0,0,0,8.800000000000011,58651.8
L,301.8,310.6,1395,50.5,131,0,0,0,0,0,0,8.800000000000011,70447.5
L,301.8,310.7,1751,29.3,133,0,0,0,0,0,0,8.899999999999977,51304.3
L,301.8,310.6,1192,68.9,135,0,0,0,0,0,0,8.800000000000011,82128.8
L,301.9,310.7,1947,25,137,0,0,0,0,0,0,8.800000000000011,48675
L,301.8,310.5,1593,34.9,139,0,0,0,0,0,0,8.699999999999989,55595.7
H,301.8,310.5,1478,38.6,141,0,0,0,0,0,0,8.699999999999989,57050.8
M,301.7,310.6,1505,44.5,146,0,0,0,0,0,0,8.900000000000034,66972.5
L,301.7,310.5,2465,13.7,149,0,0,0,0,0,0,8.800000000000011,33770.5
L,301.8,310.6,1403,46.8,151,0,0,0,0,0,0,8.800000000000011,65660.4
M,301.7,310.5,1458,41.4,153,0,0,0,0,0,0,8.800000000000011,60361.2
H,301.6,310.4,1369,45.4,156,0,0,0,0,0,0,8.799999999999955,62152.6
M,301.6,310.4,1377,44.9,161,0,0,0,0,0,0,8.799999999999955,61827.299999999996
M,301.6,310.4,1452,45.7,164,0,0,0,0,0,0,8.799999999999955,66356.40000000001
L,301.6,310.4,1517,41.1,167,0,0,0,0,0,0,8.799999999999955,62348.700000000004
L,301.7,310.5,1354,50,169,0,0,0,0,0,0,8.800000000000011,67700
M,301.7,310.5,1724,33,171,0,0,0,0,0,0,8.800000000000011,56892
L,301.7,310.5,1399,53.2,174,0,0,0,0,0,0,8.800000000000011,74426.8
H,301.7,310.5,1388,50.5,176,0,0,0,0,0,0,8.800000000000011,70094
L,301.7,310.5,1523,34.7,181,0,0,0,0,0,0,8.800000000000011,52848.100000000006
L,301.7,310.5,1377,43.1,183,0,0,0,0,0,0,8.800000000000011,59348.700000000004
M,301.7,310.6,1417,45.2,185,0,0,0,0,0,0,8.900000000000034,64048.4
L,301.7,310.7,1542,40,188,0,0,0,0,0,0,9,61680
L,301.8,310.8,1557,33.3,190,0,0,0,0,0,0,9,51848.1
L,301.7,310.7,1641,31.9,192,0,0,0,0,0,0,9,52347.899999999994
L,301.7,310.7,1318,55,194,0,0,0,0,0,0,9,72490
L,301.6,310.7,1638,33.8,196,0,0,0,0,0,0,9.099999999999966,55364.399999999994
M,301.7,310.8,1954,21.6,198,0,0,0,0,0,0,9.100000000000023,42206.4
M,301.7,310.9,1644,32.5,201,0,0,0,0,0,0,9.199999999999989,53430
M,301.7,310.8,1594,32.4,204,0,0,0,0,0,0,9.100000000000023,51645.6
L,301.7,310.9,1405,46.4,207,1,1,0,0,0,1,9.199999999999989,65192
L,301.7,310.8,1622,37.8,0,0,0,0,0,0,0,9.100000000000023,61311.6
L,301.7,310.9,1557,39.4,2,0,0,0,0,0,0,9.199999999999989,61345.799999999996
L,301.8,311,1606,33.3,4,0,0,0,0,0,0,9.199999999999989,53479.799999999996
M,301.8,311.1,1647,31.6,6,0,0,0,0,0,0,9.300000000000011,52045.200000000004
M,301.8,311.1,1413,42.2,9,0,0,0,0,0,0,9.300000000000011,59628.600000000006
L,301.8,311,1529,41.6,12,0,0,0,0,0,0,9.199999999999989,63606.4
L,301.9,311.1,1448,46.3,14,0,0,0,0,0,0,9.200000000000045,67042.4
L,301.9,311.2,1435,44.2,16,0,0,0,0,0,0,9.300000000000011,63427.00000000001
H,301.9,311.2,1474,41.8,18,0,0,0,0,0,0,9.300000000000011,61613.2
L,301.9,311.2,1657,29.1,23,0,0,0,0,0,0,9.300000000000011,48218.700000000004
L,302,311.3,1509,39.9,25,0,0,0,0,0,0,9.300000000000011,60209.1
M,302,311.3,1530,36.4,27,0,0,0,0,0,0,9.300000000000011,55692
M,302,311.4,1587,35.9,30,0,0,0,0,0,0,9.399999999999977,56973.299999999996
M,302.1,311.4,1467,43.4,33,0,0,0,0,0,0,9.299999999999955,63667.799999999996
M,302.2,311.5,1360,53,36,0,0,0,0,0,0,9.300000000000011,72080
L,302.2,311.5,1588,30.6,39,0,0,0,0,0,0,9.300000000000011,48592.8
L,302.2,311.4,1609,32.1,41,0,0,0,0,0,0,9.199999999999989,51648.9
L,302.1,311.3,1415,44.1,43,0,0,0,0,0,0,9.199999999999989,62401.5
L,302,311.2,1845,27.3,45,0,0,0,0,0,0,9.199999999999989,50368.5
M,302.1,311.4,1419,36.2,47,0,0,0,0,0,0,9.299999999999955,51367.8
L,302.1,311.3,1634,30.6,50,0,0,0,0,0,0,9.199999999999989,50000.4
M,302.2,311.3,1521,40.6,52,0,0,0,0,0,0,9.100000000000023,61752.6
L,302.2,311.4,1499,37.7,55,0,0,0,0,0,0,9.199999999999989,56512.3
M,302.1,311.2,1616,35.1,57,0,0,0,0,0,0,9.099999999999966,56721.600000000006
L,302.2,311.4,1449,46.5,60,0,0,0,0,0,0,9.199999999999989,67378.5
M,302.2,311.4,1626,31.6,62,0,0,0,0,0,0,9.199999999999989,51381.600000000006
M,302.3,311.5,1445,44.8,65,0,0,0,0,0,0,9.199999999999989,64735.99999999999
L,302.4,311.6,1622,35,68,0,0,0,0,0,0,9.200000000000045,56770
H,302.4,311.6,1544,39.1,70,0,0,0,0,0,0,9.200000000000045,60370.4
L,302.3,311.6,1488,41.8,75,0,0,0,0,0,0,9.300000000000011,62198.399999999994
L,302.3,311.6,1309,57.6,77,0,0,0,0,0,0,9.300000000000011,75398.40000000001
L,302.3,311.6,1784,26.4,79,0,0,0,0,0,0,9.300000000000011,47097.6
L,302.2,311.5,1548,32.4,81,0,0,0,0,0,0,9.300000000000011,50155.2
L,302.2,311.5,1413,43.5,83,0,0,0,0,0,0,9.300000000000011,61465.5
M,302.2,311.5,1863,25.7,85,0,0,0,0,0,0,9.300000000000011,47879.1
L,302.2,311.5,1427,43.8,88,0,0,0,0,0,0,9.300000000000011,62502.6
M,302.2,311.5,1443,47,90,0,0,0,0,0,0,9.300000000000011,67821
L,302.2,311.5,1481,40.4,93,0,0,0,0,0,0,9.300000000000011,59832.4
L,302.1,311.4,1446,39.7,95,0,0,0,0,0,0,9.299999999999955,57406.200000000004
L,302.1,311.5,1444,44.9,97,0,0,0,0,0,0,9.399999999999977,64835.6
M,302.1,311.5,1341,50.8,99,0,0,0,0,0,0,9.399999999999977,68122.8
L,302.1,311.4,1518,37.4,102,0,0,0,0,0,0,9.299999999999955,56773.2
L,302.1,311.4,1603,35.9,104,0,0,0,0,0,0,9.299999999999955,57547.7
L,302.1,311.4,1686,30.9,106,0,0,0,0,0,0,9.299999999999955,52097.399999999994
M,302.1,311.5,1383,53.6,108,0,0,0,0,0,0,9.399999999999977,74128.8
L,302.1,311.5,1477,45.4,111,0,0,0,0,0,0,9.399999999999977,67055.8
M,302.2,311.5,1449,44.5,113,0,0,0,0,0,0,9.300000000000011,64480.5
M,302.2,311.5,1734,25,116,0,0,0,0,0,0,9.300000000000011,43350
L,302.3,311.6,1398,49.1,119,0,0,0,0,0,0,9.300000000000011,68641.8
M,302.3,311.7,1639,36.6,121,0,0,0,0,0,0,9.399999999999977,59987.4
M,302.3,311.7,1517,37.6,124,0,0,0,0,0,0,9.399999999999977,57039.200000000004
M,302.3,311.7,1442,41.7,127,0,0,0,0,0,0,9.399999999999977,60131.4
M,302.3,311.7,1685,30.8,130,0,0,0,0,0,0,9.399999999999977,51898
M,302.4,311.8,1358,50.6,133,0,0,0,0,0,0,9.400000000000034,68714.8
M,302.3,311.6,1608,39.9,136,0,0,0,0,0,0,9.300000000000011,64159.2
L,302.3,311.6,1665,34.3,139,0,0,0,0,0,0,9.300000000000011,57109.49999999999
L,302.3,311.7,1510,38.7,141,0,0,0,0,0,0,9.399999999999977,58437.00000000001
L,302.4,311.8,1465,40.2,143,0,0,0,0,0,0,9.400000000000034,58893.00000000001
L,302.3,311.7,1701,27.5,145,0,0,0,0,0,0,9.399999999999977,46777.5
M,302.3,311.7,1486,39.6,147,0,0,0,0,0,0,9.399999999999977,58845.6
L,302.3,311.6,1658,32.3,150,0,0,0,0,0,0,9.300000000000011,53553.399999999994
H,302.3,311.7,1449,44.5,152,0,0,0,0,0,0,9.399999999999977,64480.5
L,302.2,311.5,1346,52.4,157,0,0,0,0,0,0,9.300000000000011,70530.4
M,302.1,311.5,1866,23.1,159,0,0,0,0,0,0,9.399999999999977,43104.600000000006
M,302.2,311.5,1562,38,162,0,0,0,0,0,0,9.300000000000011,59356
M,302.3,311.7,1368,53.6,165,0,0,0,0,0,0,9.399999999999977,73324.8
L,302.2,311.5,1567,33.1,168,0,0,0,0,0,0,9.300000000000011,51867.700000000004
L,302.2,311.5,1725,34,170,0,0,0,0,0,0,9.300000000000011,58650
L,302.2,311.5,1744,31.2,172,0,0,0,0,0,0,9.300000000000011,54412.799999999996
M,302.1,311.3,1453,45.1,174,0,0,0,0,0,0,9.199999999999989,65530.3
L,302.1,311.2,1550,34.8,177,0,0,0,0,0,0,9.099999999999966,53939.99999999999
M,302,311.2,1558,39.1,179,0,0,0,0,0,0,9.199999999999989,60917.8
L,302,311.2,1270,65.3,182,1,0,0,0,1,0,9.199999999999989,82931
M,301.9,311.1,1380,51.6,184,0,0,0,0,0,0,9.200000000000045,71208
L,302,311.1,1406,50.5,187,0,0,0,0,0,0,9.100000000000023,71003
M,302,311.2,1625,30.7,189,0,0,0,0,0,0,9.199999999999989,49887.5
L,302,311.2,1420,45.8,192,0,0,0,0,0,0,9.199999999999989,65035.99999999999
L,302.1,311.4,1889,22.7,194,0,0,0,0,0,0,9.299999999999955,42880.299999999996
L,302.1,311.3,1477,43.6,196,0,0,0,0,0,0,9.199999999999989,64397.200000000004
L,302.1,311.2,1460,46.9,198,0,0,0,0,0,0,9.099999999999966,68474
L,302.1,311.3,1758,24.4,200,0,0,0,0,0,0,9.199999999999989,42895.2
L,302.1,311.3,1521,31.5,202,0,0,0,0,0,0,9.199999999999989,47911.5
M,302.1,311.3,1511,45,204,0,0,0,0,0,0,9.199999999999989,67995
L,302.2,311.3,1530,37.3,207,1,1,0,0,0,0,9.100000000000023,57068.99999999999
L,302.1,311.2,1454,46.8,0,0,0,0,0,0,0,9.099999999999966,68047.2
L,302.2,311.2,1928,23.1,2,0,0,0,0,0,0,9,44536.8
H,302.2,311.3,1758,26.4,4,0,0,0,0,0,0,9.100000000000023,46411.2
L,302.2,311.2,1649,33.2,9,0,0,0,0,0,0,9,54746.8
L,302.1,311.2,1447,50.3,11,0,0,0,0,0,0,9.099999999999966,72784.09999999999
L,302.1,311.2,1417,48,13,0,0,0,0,0,0,9.099999999999966,68016
L,302,311.2,1434,44.9,15,0,0,0,0,0,0,9.199999999999989,64386.6
M,302,311.2,1418,49.5,17,0,0,0,0,0,0,9.199999999999989,70191
M,302,311.2,1400,49.5,20,0,0,0,0,0,0,9.199999999999989,69300
M,302,311.3,1725,27.7,23,0,0,0,0,0,0,9.300000000000011,47782.5
L,302,311.3,1567,41.1,26,0,0,0,0,0,0,9.300000000000011,64403.700000000004
M,302.1,311.3,1497,38.4,28,0,0,0,0,0,0,9.199999999999989,57484.799999999996
L,302.1,311.4,1549,44.6,31,0,0,0,0,0,0,9.299999999999955,69085.40000000001
L,302.2,311.4,1754,26.9,33,0,0,0,0,0,0,9.199999999999989,47182.6
L,302.2,311.5,1489,38.3,35,0,0,0,0,0,0,9.300000000000011,57028.7
L,302.2,311.5,1543,38.5,37,0,0,0,0,0,0,9.300000000000011,59405.5
L,302.3,311.5,1543,33.1,39,0,0,0,0,0,0,9.199999999999989,51073.3
L,302.3,311.5,1565,35.6,41,0,0,0,0,0,0,9.199999999999989,55714
M,302.3,311.4,1855,23.9,43,0,0,0,0,0,0,9.099999999999966,44334.5
M,302.4,311.4,1475,45.2,46,0,0,0,0,0,0,9,66670
L,302.3,311.4,1609,32.3,49,0,0,0,0,0,0,9.099999999999966,51970.7
H,302.3,311.4,1443,44.1,51,0,0,0,0,0,0,9.099999999999966,63636.3
L,302.4,311.4,1450,44.1,56,0,0,0,0,0,0,9,63945
L,302.4,311.5,1590,39.9,58,0,0,0,0,0,0,9.100000000000023,63441
M,302.4,311.4,1508,41.2,60,0,0,0,0,0,0,9,62129.600000000006
M,302.2,311.2,1544,43.6,63,0,0,0,0,0,0,9,67318.40000000001
L,302.2,311.2,1451,41.8,66,0,0,0,0,0,0,9,60651.799999999996
L,302.3,311.2,1758,24.4,68,0,0,0,0,0,0,8.899999999999977,42895.2
M,302.3,311.2,1507,47.7,70,0,0,0,0,0,0,8.899999999999977,71883.90000000001
H,302.3,311.1,1543,37.5,73,0,0,0,0,0,0,8.800000000000011,57862.5
M,302.3,311.2,1505,36.7,78,0,0,0,0,0,0,8.899999999999977,55233.50000000001
L,302.3,311.2,1786,24.3,81,0,0,0,0,0,0,8.899999999999977,43399.8
L,302.3,311.3,1457,44.5,83,0,0,0,0,0,0,9,64836.5
M,302.4,311.3,1312,61.5,85,0,0,0,0,0,0,8.900000000000034,80688
M,302.3,311.2,1405,47.7,88,0,0,0,0,0,0,8.899999999999977,67018.5
M,302.2,311.2,1377,43,91,0,0,0,0,0,0,9,59211
M,302.2,311.2,1347,49.8,94,0,0,0,0,0,0,9,67080.59999999999
L,302.2,311.1,1470,39.6,97,0,0,0,0,0,0,8.900000000000034,58212
M,302.2,311.2,1873,24,99,0,0,0,0,0,0,9,44952
M,302.2,311.1,1434,58.6,102,0,0,0,0,0,0,8.900000000000034,84032.40000000001
H,302.2,311.1,1628,30.6,105,0,0,0,0,0,0,8.900000000000034,49816.8
L,302.2,311.1,1351,48.6,110,0,0,0,0,0,0,8.900000000000034,65658.6
M,302.3,311.2,1454,43.8,112,0,0,0,0,0,0,8.899999999999977,63685.2
M,302.2,311.2,1663,29.6,115,0,0,0,0,0,0,9,49224.8
L,302.3,311.2,1401,49.7,118,0,0,0,0,0,0,8.899999999999977,69629.7
L,302.4,311.3,1503,38.2,120,0,0,0,0,0,0,8.900000000000034,57414.600000000006
L,302.4,311.4,1564,35,122,0,0,0,0,0,0,9,54740
L,302.5,311.4,1759,24.6,124,0,0,0,0,0,0,8.899999999999977,43271.4
L,302.5,311.4,1409,53.1,126,0,0,0,0,0,0,8.899999999999977,74817.90000000001
L,302.6,311.4,1738,25.8,128,0,0,0,0,0,0,8.799999999999955,44840.4
H,302.5,311.3,1393,47.5,130,0,0,0,0,0,0,8.800000000000011,66167.5
L,302.5,311.1,1499,38.8,135,0,0,0,0,0,0,8.600000000000023,58161.2
L,302.5,311.1,1493,39,137,0,0,0,0,0,0,8.600000000000023,58227
L,302.4,311.1,1652,33.9,139,0,0,0,0,0,0,8.700000000000045,56002.799999999996
L,302.3,311.1,1589,29.9,141,0,0,0,0,0,0,8.800000000000011,47511.1
L,302.4,311.1,1520,42.2,143,0,0,0,0,0,0,8.700000000000045,64144.00000000001
H,302.3,311.1,1455,40.3,145,0,0,0,0,0,0,8.800000000000011,58636.49999999999
L,302.2,311,1463,46.8,150,0,0,0,0,0,0,8.800000000000011,68468.4
L,302.3,311,1442,43.7,152,0,0,0,0,0,0,8.699999999999989,63015.4
L,302.3,311,1329,51.5,154,0,0,0,0,0,0,8.699999999999989,68443.5
L,302.3,311.1,1546,33.1,156,0,0,0,0,0,0,8.800000000000011,51172.600000000006
M,302.2,311.1,1516,33.7,158,0,0,0,0,0,0,8.900000000000034,51089.200000000004
M,302.2,311,1476,47.4,161,0,0,0,0,0,0,8.800000000000011,69962.4
L,302.3,311,1412,47,164,0,0,0,0,0,0,8.699999999999989,66364
L,302.3,310.9,1377,46.8,166,1,0,1,0,0,0,8.599999999999966,64443.6
M,302.4,311,1490,37.1,168,0,0,0,0,0,0,8.600000000000023,55279
M,302.3,311,1526,37.7,171,0,0,0,0,0,0,8.699999999999989,57530.200000000004
L,302.3,311,1428,47.9,174,0,0,0,0,0,0,8.699999999999989,68401.2
L,302.4,311,1329,54.6,176,0,0,0,0,0,0,8.600000000000023,72563.40000000001
M,302.4,311.1,1443,51.8,178,0,0,0,0,0,0,8.700000000000045,74747.4
L,302.3,311.1,1373,53,181,0,0,0,0,0,0,8.800000000000011,72769
L,302.3,311.1,1630,35.6,183,0,0,0,0,0,0,8.800000000000011,58028
L,302.2,311,1555,34.2,185,0,0,0,0,0,0,8.800000000000011,53181.00000000001
M,302.2,311,1436,47,187,0,0,0,0,0,0,8.800000000000011,67492
L,302.3,311,1609,31,190,0,0,0,0,0,0,8.699999999999989,49879
M,302.3,311,1384,49.7,192,0,0,0,0,0,0,8.699999999999989,68784.8
L,302.4,311.1,1448,44.8,195,0,0,0,0,0,0,8.700000000000045,64870.399999999994
M,302.4,311.1,1887,22.4,197,0,0,0,0,0,0,8.700000000000045,42268.799999999996
M,302.4,311.1,1480,45.7,200,0,0,0,0,0,0,8.700000000000045,67636
H,302.5,311.1,1850,23.3,203,0,0,0,0,0,0,8.600000000000023,43105
L,302.5,311.1,1538,36.8,208,0,0,0,0,0,0,8.600000000000023,56598.399999999994
M,302.4,311.1,1721,30.1,210,0,0,0,0,0,0,8.700000000000045,51802.100000000006
M,302.4,311.1,1366,54.4,0,0,0,0,0,0,0,8.700000000000045,74310.4
L,302.3,311,1657,31.1,3,0,0,0,0,0,0,8.699999999999989,51532.700000000004
L,302.4,311.1,1446,42.9,5,0,0,0,0,0,0,8.700000000000045,62033.4
L,302.3,310.8,1465,43.8,7,0,0,0,0,0,0,8.5,64166.99999999999
L,302.2,310.8,1827,23.8,9,0,0,0,0,0,0,8.600000000000023,43482.6
H,302.2,310.8,1397,47.6,11,0,0,0,0,0,0,8.600000000000023,66497.2
L,302.2,310.8,1744,29.7,16,0,0,0,0,0,0,8.600000000000023,51796.799999999996
L,302.3,310.9,1545,36.7,18,0,0,0,0,0,0,8.599999999999966,56701.50000000001
L,302.3,310.9,1587,36.6,20,0,0,0,0,0,0,8.599999999999966,58084.200000000004
L,302.3,310.8,1377,47.3,22,1,0,1,0,0,0,8.5,65132.1
L,302.3,310.8,1511,48.1,24,0,0,0,0,0,0,8.5,72679.1
L,302.3,310.8,1650,32.4,26,0,0,0,0,0,0,8.5,53460
L,302.3,310.9,1412,48.9,28,0,0,0,0,0,0,8.599999999999966,69046.8
L,302.3,311,1528,43.1,30,0,0,0,0,0,0,8.699999999999989,65856.8
L,302.3,310.9,1459,35,32,0,0,0,0,0,0,8.599999999999966,51065
L,302.3,310.9,1379,49.3,34,1,0,1,0,0,0,8.599999999999966,67984.7
M,302.2,310.8,1356,48.3,36,0,0,0,0,0,0,8.600000000000023,65494.799999999996
M,302.1,310.8,1409,41.3,39,0,0,0,0,0,0,8.699999999999989,58191.7
M,302.1,310.8,1504,37.5,42,0,0,0,0,0,0,8.699999999999989,56400
L,302.1,310.8,1622,36.8,45,0,0,0,0,0,0,8.699999999999989,59689.6
L,302.1,310.8,1786,25.7,47,0,0,0,0,0,0,8.699999999999989,45900.2
L,302.2,310.9,1506,34,49,0,0,0,0,0,0,8.699999999999989,51204
M,302.1,310.9,1916,23.1,51,0,0,0,0,0,0,8.799999999999955,44259.600000000006
M,302.2,310.9,1771,27.6,54,0,0,0,0,0,0,8.699999999999989,48879.600000000006
M,302.2,310.9,1488,44.2,57,0,0,0,0,0,0,8.699999999999989,65769.6
L,302.2,310.9,1531,37.5,60,0,0,0,0,0,0,8.699999999999989,57412.5
L,302.3,310.9,1529,33.4,62,0,0,0,0,0,0,8.599999999999966,51068.6
M,302.4,311,1580,36.5,64,0,0,0,0,0,0,8.600000000000023,57670
M,302.3,310.9,1360,44,67,1,0,1,0,0,0,8.599999999999966,59840
M,302.3,311,1546,35.5,70,0,0,0,0,0,0,8.699999999999989,54883
M,302.3,310.9,1762,24.5,73,0,0,0,0,0,0,8.599999999999966,43169
L,302.2,310.8,1350,56.6,76,0,0,0,0,0,0,8.600000000000023,76410
M,302.2,310.8,1562,38.1,78,0,0,0,0,0,0,8.600000000000023,59512.200000000004
M,302.1,310.7,1608,30.3,81,0,0,0,0,0,0,8.599999999999966,48722.4
L,302,310.6,1392,50,84,0,0,0,0,0,0,8.600000000000023,69600
L,302,310.6,1467,44.9,86,0,0,0,0,0,0,8.600000000000023,65868.3
M,302.1,310.6,1326,59.1,88,1,0,1,0,0,0,8.5,78366.6
L,302.2,310.7,1769,24.9,91,0,0,0,0,0,0,8.5,44048.1
L,302.1,310.6,1459,47.6,93,0,0,0,0,0,0,8.5,69448.40000000001
M,302.1,310.6,1421,52,95,0,0,0,0,0,0,8.5,73892
L,302.1,310.7,1491,42.8,98,0,0,0,0,0,0,8.599999999999966,63814.799999999996
L,302.2,310.7,1567,36.4,100,0,0,0,0,0,0,8.5,57038.799999999996
L,302.3,310.8,1421,41.4,102,0,0,0,0,0,0,8.5,58829.4
L,302.3,310.9,1596,33.5,104,0,0,0,0,0,0,8.599999999999966,53466
M,302.4,311,1464,44.2,106,0,0,0,0,0,0,8.600000000000023,64708.8
M,302.3,310.9,1581,36.1,109,0,0,0,0,0,0,8.599999999999966,57074.100000000006
L,302.3,310.9,1620,30.3,112,0,0,0,0,0,0,8.599999999999966,49086
H,302.2,310.7,1413,48.9,114,0,0,0,0,0,0,8.5,69095.7
H,302.3,310.8,1438,43.8,119,0,0,0,0,0,0,8.5,62984.399999999994
M,302.4,310.9,1469,41.6,124,0,0,0,0,0,0,8.5,61110.4
M,302.3,310.8,1762,27.8,127,0,0,0,0,0,0,8.5,48983.6
H,302.3,310.9,1366,48.4,130,1,0,1,0,0,0,8.599999999999966,66114.4
L,302.3,310.9,1891,22.7,135,0,0,0,0,0,0,8.599999999999966,42925.7
M,302.3,310.9,1742,29.7,137,0,0,0,0,0,0,8.599999999999966,51737.4
M,302.2,310.9,1465,43.5,140,0,0,0,0,0,0,8.699999999999989,63727.5
M,302.3,311,1541,36.6,143,0,0,0,0,0,0,8.699999999999989,56400.600000000006
M,302.3,311.1,1295,57.1,146,0,0,0,0,0,0,8.800000000000011,73944.5
M,302.3,311.1,1435,43.1,149,0,0,0,0,0,0,8.800000000000011,61848.5
L,302.4,311.2,1466,43.9,152,0,0,0,0,0,0,8.800000000000011,64357.4
L,302.4,311.2,1450,47.9,154,0,0,0,0,0,0,8.800000000000011,69455
L,302.4,311.1,1880,24.5,156,0,0,0,0,0,0,8.700000000000045,46060
M,302.3,311,1578,33.5,158,0,0,0,0,0,0,8.699999999999989,52863
L,302.4,311,1610,33.1,161,0,0,0,0,0,0,8.600000000000023,53291
L,302.4,311.1,1565,42.8,163,0,0,0,0,0,0,8.700000000000045,66982
L,302.5,311.2,1545,40.1,165,0,0,0,0,0,0,8.699999999999989,61954.5
L,302.5,311.2,1227,60.1,167,0,0,0,0,0,0,8.699999999999989,73742.7
L,302.4,311.1,1484,45.9,169,0,0,0,0,0,0,8.700000000000045,68115.59999999999
L,302.3,311,1591,32.7,171,0,0,0,0,0,0,8.699999999999989,52025.700000000004
L,302.3,310.9,1403,47.2,173,0,0,0,0,0,0,8.599999999999966,66221.6
M,302.3,311,1450,45.7,175,0,0,0,0,0,0,8.699999999999989,66265
L,302.3,310.9,1720,28.1,178,0,0,0,0,0,0,8.599999999999966,48332
L,302.3,311,1561,37.2,180,0,0,0,0,0,0,8.699999999999989,58069.200000000004
M,302.3,311,1421,41.3,182,0,0,0,0,0,0,8.699999999999989,58687.299999999996
H,302.2,310.9,1415,48.4,185,0,0,0,0,0,0,8.699999999999989,68486
L,302.3,310.9,2034,19.7,190,0,0,0,0,0,0,8.599999999999966,40069.799999999996
L,302.4,311,1486,40.4,192,0,0,0,0,0,0,8.600000000000023,60034.4
L,302.4,311,1338,67.6,194,1,0,0,1,1,0,8.600000000000023,90448.79999999999
H,302.4,311.1,1578,32.3,196,0,0,0,0,0,0,8.700000000000045,50969.399999999994
M,302.4,311.2,1330,58.6,201,0,0,0,0,0,0,8.800000000000011,77938
H,302.4,311.2,1506,40.8,204,0,0,0,0,0,0,8.800000000000011,61444.799999999996
L,302.5,311.4,1559,37.6,209,0,0,0,0,0,0,8.899999999999977,58618.4
L,302.6,311.5,1599,37,211,0,0,0,0,0,0,8.899999999999977,59163
L,302.6,311.5,1427,38.9,213,0,0,0,0,0,0,8.899999999999977,55510.299999999996
M,302.5,311.5,1481,41.1,215,0,0,0,0,0,0,9,60869.1
H,302.5,311.5,1496,43.8,218,0,0,0,0,0,0,9,65524.799999999996
L,302.5,311.4,1674,27,223,0,0,0,0,0,0,8.899999999999977,45198
M,302.5,311.4,1629,31.7,225,0,0,0,0,0,0,8.899999999999977,51639.299999999996
H,302.6,311.5,1629,34.4,228,1,1,0,0,0,0,8.899999999999977,56037.6
L,302.6,311.6,1311,53.2,0,0,0,0,0,0,0,9,69745.2
M,302.7,311.6,2709,9.7,2,1,0,0,1,0,0,8.900000000000034,26277.3
M,302.7,311.7,1759,29.9,5,0,0,0,0,0,0,9,52594.1
L,302.7,311.7,1480,45.2,8,0,0,0,0,0,0,9,66896
L,302.7,311.8,1461,46.1,10,0,0,0,0,0,0,9.100000000000023,67352.1
M,302.7,311.8,1728,30,12,0,0,0,0,0,0,9.100000000000023,51840
L,302.7,311.9,1389,46.5,15,0,0,0,0,0,0,9.199999999999989,64588.5
L,302.6,311.8,1638,35.1,17,0,0,0,0,0,0,9.199999999999989,57493.8
L,302.6,311.7,1254,54.1,19,0,0,0,0,0,0,9.099999999999966,67841.40000000001
L,302.6,311.8,1427,50.1,21,0,0,0,0,0,0,9.199999999999989,71492.7
L,302.6,311.8,1627,31.8,23,0,0,0,0,0,0,9.199999999999989,51738.6
H,302.6,311.7,1471,48.3,25,0,0,0,0,0,0,9.099999999999966,71049.3
L,302.6,311.7,1773,27.1,30,0,0,0,0,0,0,9.099999999999966,48048.3
M,302.6,311.7,1430,51.7,32,0,0,0,0,0,0,9.099999999999966,73931
L,302.5,311.6,1595,29.5,35,0,0,0,0,0,0,9.100000000000023,47052.5
L,302.5,311.5,1521,44.1,37,0,0,0,0,0,0,9,67076.1
L,302.5,311.6,1419,43.7,39,0,0,0,0,0,0,9.100000000000023,62010.3
M,302.4,311.4,1534,40.1,41,0,0,0,0,0,0,9,61513.4
H,302.5,311.5,1626,36,44,0,0,0,0,0,0,9,58536
L,302.5,311.5,1677,29.2,49,0,0,0,0,0,0,9,48968.4
L,302.4,311.3,1392,50.5,51,0,0,0,0,0,0,8.900000000000034,70296
L,302.4,311.2,1448,50.5,53,0,0,0,0,0,0,8.800000000000011,73124
L,302.3,311.2,1903,22.9,55,0,0,0,0,0,0,8.899999999999977,43578.7
L,302.4,311.2,1404,52,57,0,0,0,0,0,0,8.800000000000011,73008
L,302.3,311.2,1386,53.5,59,0,0,0,0,0,0,8.899999999999977,74151
L,302.2,311.1,1418,47,61,0,0,0,0,0,0,8.900000000000034,66646
M,302.3,311.1,1338,53.3,63,0,0,0,0,0,0,8.800000000000011,71315.4
L,302.3,311.2,1549,40.6,66,0,0,0,0,0,0,8.899999999999977,62889.4
M,302.3,311.2,1432,42.7,68,0,0,0,0,0,0,8.899999999999977,61146.4
M,302.3,311.2,1546,40,71,0,0,0,0,0,0,8.899999999999977,61840
M,302.2,311.2,1627,33.2,74,0,0,0,0,0,0,9,54016.4
M,302.2,311.1,1640,32.8,77,0,0,0,0,0,0,8.900000000000034,53791.99999999999
M,302.1,311.1,1423,36.8,80,0,0,0,0,0,0,9,52366.399999999994
M,302.1,311,1711,28.7,83,0,0,0,0,0,0,8.899999999999977,49105.7
M,302.1,311.1,1450,51.6,86,0,0,0,0,0,0,9,74820
H,302.2,311.1,1553,34.1,89,0,0,0,0,0,0,8.900000000000034,52957.3
L,302.2,311.1,1630,34.6,94,0,0,0,0,0,0,8.900000000000034,56398
H,302.2,311.1,1476,39.6,96,0,0,0,0,0,0,8.900000000000034,58449.6
H,302.2,311.1,1426,50.6,101,0,0,0,0,0,0,8.900000000000034,72155.6
M,302.2,311.2,1561,34.9,106,0,0,0,0,0,0,9,54478.899999999994
L,302.3,311.2,1297,62.5,109,0,0,0,0,0,0,8.899999999999977,81062.5
M,302.3,311.2,1842,23.9,111,0,0,0,0,0,0,8.899999999999977,44023.799999999996
L,302.3,311.2,1633,36.4,114,0,0,0,0,0,0,8.899999999999977,59441.2
H,302.3,311.3,1744,30.3,116,0,0,0,0,0,0,9,52843.200000000004
L,302.4,311.4,1831,26.9,121,0,0,0,0,0,0,9,49253.899999999994
M,302.3,311.3,1339,50.8,123,0,0,0,0,0,0,9,68021.2
L,302.4,311.4,1475,40.4,126,0,0,0,0,0,0,9,59590
M,302.4,311.4,1675,29.6,128,0,0,0,0,0,0,9,49580
L,302.5,311.5,1493,35.1,131,0,0,0,0,0,0,9,52404.3
L,302.5,311.5,1700,29.5,133,0,0,0,0,0,0,9,50150
L,302.6,311.6,1453,37,135,0,0,0,0,0,0,9,53761
L,302.6,311.7,1542,34.1,137,0,0,0,0,0,0,9.099999999999966,52582.200000000004
M,302.5,311.5,1358,52.7,139,0,0,0,0,0,0,9,71566.6
H,302.5,311.5,1655,32.3,142,0,0,0,0,0,0,9,53456.49999999999
L,302.6,311.5,1885,27.5,147,0,0,0,0,0,0,8.899999999999977,51837.5
L,302.7,311.5,1494,41.4,149,0,0,0,0,0,0,8.800000000000011,61851.6
M,302.6,311.4,1757,29.5,151,0,0,0,0,0,0,8.799999999999955,51831.5
M,302.6,311.4,1718,31.2,154,0,0,0,0,0,0,8.799999999999955,53601.6
M,302.5,311.4,1636,35,157,0,0,0,0,0,0,8.899999999999977,57260
L,302.6,311.6,1638,29.6,160,0,0,0,0,0,0,9,48484.8
L,302.6,311.5,1609,36,162,0,0,0,0,0,0,8.899999999999977,57924
H,302.7,311.5,1556,35,164,0,0,0,0,0,0,8.800000000000011,54460
L,302.6,311.5,1442,59.8,169,1,0,0,1,0,0,8.899999999999977,86231.59999999999
M,302.7,311.6,1501,38.8,171,0,0,0,0,0,0,8.900000000000034,58238.799999999996
M,302.6,311.6,2041,19.2,174,0,0,0,0,0,0,9,39187.2
M,302.7,311.7,1784,25.1,177,0,0,0,0,0,0,9,44778.4
L,302.6,311.6,1953,22.4,180,0,0,0,0,0,0,9,43747.2
L,302.6,311.6,1576,34.7,182,0,0,0,0,0,0,9,54687.200000000004
M,302.6,311.6,1518,39,184,0,0,0,0,0,0,9,59202
M,302.6,311.6,1227,68.2,187,1,0,0,0,1,0,9,83681.40000000001
L,302.5,311.5,1985,18.8,190,0,0,0,0,0,0,9,37318
L,302.5,311.5,1802,26.4,192,0,0,0,0,0,0,9,47572.799999999996
L,302.5,311.5,1603,32.4,194,0,0,0,0,0,0,9,51937.2
L,302.5,311.6,1400,54,196,0,0,0,0,0,0,9.100000000000023,75600
L,302.3,311.5,1395,54.2,198,0,0,0,0,0,0,9.199999999999989,75609
L,302.2,311.4,1987,19.9,200,0,0,0,0,0,0,9.199999999999989,39541.299999999996
M,302.2,311.4,1398,47.2,202,0,0,0,0,0,0,9.199999999999989,65985.6
L,302.3,311.4,1333,66.7,205,1,0,0,1,1,0,9.099999999999966,88911.1
L,302.2,311.2,1381,49.4,207,0,0,0,0,0,0,9,68221.4
L,302.2,311.3,1570,36.1,0,0,0,0,0,0,0,9.100000000000023,56677
M,302.2,311.3,1658,31,2,0,0,0,0,0,0,9.100000000000023,51398
H,302.2,311.3,1749,29.2,5,0,0,0,0,0,0,9.100000000000023,51070.799999999996
M,302.2,311.3,1510,37.1,10,0,0,0,0,0,0,9.100000000000023,56021
L,302.3,311.5,1384,50.8,13,0,0,0,0,0,0,9.199999999999989,70307.2
L,302.3,311.4,1570,37.2,15,0,0,0,0,0,0,9.099999999999966,58404.00000000001
M,302.3,311.4,1571,32.7,17,0,0,0,0,0,0,9.099999999999966,51371.700000000004
L,302.3,311.4,1476,37.3,20,0,0,0,0,0,0,9.099999999999966,55054.799999999996
M,302.3,311.4,1484,39.5,22,0,0,0,0,0,0,9.099999999999966,58618
M,302.3,311.4,1909,23.2,25,0,0,0,0,0,0,9.099999999999966,44288.799999999996
L,302.3,311.5,1448,49.6,28,0,0,0,0,0,0,9.199999999999989,71820.8
M,302.3,311.4,1500,40.2,30,0,0,0,0,0,0,9.099999999999966,60300.00000000001
L,302.2,311.4,1510,44.9,33,0,0,0,0,0,0,9.199999999999989,67799
L,302.2,311.3,1378,55.5,35,0,0,0,0,0,0,9.100000000000023,76479
M,302.2,311.4,1538,37.4,37,0,0,0,0,0,0,9.199999999999989,57521.2
L,302.2,311.4,1390,48.1,40,0,0,0,0,0,0,9.199999999999989,66859
M,302.2,311.4,1642,32.1,42,0,0,0,0,0,0,9.199999999999989,52708.200000000004
L,302.4,311.5,1785,24.8,45,0,0,0,0,0,0,9.100000000000023,44268
H,302.3,311.5,1526,38.2,47,0,0,0,0,0,0,9.199999999999989,58293.200000000004
M,302.3,311.6,1668,33.2,52,0,0,0,0,0,0,9.300000000000011,55377.600000000006
L,302.3,311.5,1507,37.5,55,0,0,0,0,0,0,9.199999999999989,56512.5
L,302.3,311.5,1530,37.8,57,0,0,0,0,0,0,9.199999999999989,57833.99999999999
M,302.3,311.4,1479,45.6,59,0,0,0,0,0,0,9.099999999999966,67442.40000000001
M,302.3,311.4,1418,41.3,62,0,0,0,0,0,0,9.099999999999966,58563.399999999994
L,302.3,311.4,1504,38.7,65,0,0,0,0,0,0,9.099999999999966,58204.8
M,302.3,311.4,1345,47.6,67,0,0,0,0,0,0,9.099999999999966,64022
H,302.2,311.4,1625,35.4,70,0,0,0,0,0,0,9.199999999999989,57525
L,302.3,311.4,1511,34.7,75,0,0,0,0,0,0,9.099999999999966,52431.700000000004
L,302.3,311.4,1535,41.8,77,0,0,0,0,0,0,9.099999999999966,64162.99999999999
L,302.4,311.5,1505,37.9,79,0,0,0,0,0,0,9.100000000000023,57039.5
H,302.4,311.5,1540,43.7,81,0,0,0,0,0,0,9.100000000000023,67298
H,302.3,311.4,1372,46,86,0,0,0,0,0,0,9.099999999999966,63112
M,302.2,311.3,1510,36.6,91,0,0,0,0,0,0,9.100000000000023,55266
L,302.2,311.3,1382,46.4,94,0,0,0,0,0,0,9.100000000000023,64124.799999999996
L,302.3,311.3,1439,41.8,96,0,0,0,0,0,0,9,60150.2
M,302.2,311.3,1375,47,98,0,0,0,0,0,0,9.100000000000023,64625
M,302.2,311.3,1931,21.9,101,0,0,0,0,0,0,9.100000000000023,42288.899999999994
L,302.2,311.3,1475,48.6,104,0,0,0,0,0,0,9.100000000000023,71685
L,302.2,311.3,1389,46.9,106,0,0,0,0,0,0,9.100000000000023,65144.1
L,302.3,311.3,1652,32.8,108,0,0,0,0,0,0,9,54185.6
L,302.3,311.2,1386,50.3,110,0,0,0,0,0,0,8.899999999999977,69715.8
M,302.2,311.3,1577,29.8,112,0,0,0,0,0,0,9.100000000000023,46994.6
M,302.3,311.3,1444,43.1,115,0,0,0,0,0,0,9,62236.4
L,302.2,311.3,1554,40.2,118,0,0,0,0,0,0,9.100000000000023,62470.8
L,302.2,311.3,1602,32.8,120,0,0,0,0,0,0,9.100000000000023,52545.6
H,302.2,311.2,1692,28.2,122,0,0,0,0,0,0,9,47714.4
L,302.3,311.3,1682,34.4,127,0,0,0,0,0,0,9,57860.799999999996
L,302.3,311.3,1614,34.1,129,0,0,0,0,0,0,9,55037.4
L,302.3,311.3,1324,47.8,131,0,0,0,0,0,0,9,63287.2
L,302.3,311.4,1434,40.3,133,0,0,0,0,0,0,9.099999999999966,57790.2
L,302.3,311.3,1621,31.6,135,0,0,0,0,0,0,9,51223.600000000006
M,302.3,311.3,1625,33.1,137,0,0,0,0,0,0,9,53787.5
L,302.2,311.1,1394,53.7,140,0,0,0,0,0,0,8.900000000000034,74857.8
L,302.1,311,1586,35.1,142,0,0,0,0,0,0,8.899999999999977,55668.600000000006
L,302,311,1420,45.9,144,0,0,0,0,0,0,9,65178
L,302.1,311.2,1422,50.3,146,0,0,0,0,0,0,9.099999999999966,71526.59999999999
H,302.1,311.2,1598,37.9,148,0,0,0,0,0,0,9.099999999999966,60564.2
L,302.1,311.2,1454,59.2,153,1,0,0,1,0,0,9.099999999999966,86076.8
L,302.1,311.2,1519,39.3,155,0,0,0,0,0,0,9.099999999999966,59696.7
L,302,311.1,1373,55.7,157,0,0,0,0,0,0,9.100000000000023,76476.1
M,302,311.1,1406,48.8,159,0,0,0,0,0,0,9.100000000000023,68612.8
L,302.1,311.2,1492,45,162,0,0,0,0,0,0,9.099999999999966,67140
L,302.1,311.2,1369,50.8,164,0,0,0,0,0,0,9.099999999999966,69545.2
M,302.2,311.2,1471,41.9,166,0,0,0,0,0,0,9,61634.9
L,302.2,311.2,1630,36,169,0,0,0,0,0,0,9,58680
M,302.1,311.1,1605,37.6,171,0,0,0,0,0,0,9,60348
L,302.2,311.1,1447,52.1,174,0,0,0,0,0,0,8.900000000000034,75388.7
M,302.2,311.2,1360,52.8,176,0,0,0,0,0,0,9,71808
M,302.2,311.1,1728,34,179,0,0,0,0,0,0,8.900000000000034,58752
L,302.1,311,1740,30.8,182,0,0,0,0,0,0,8.899999999999977,53592
L,302.1,310.9,1477,41.4,184,0,0,0,0,0,0,8.799999999999955,61147.799999999996
L,302.1,310.9,1658,30.3,186,0,0,0,0,0,0,8.799999999999955,50237.4
L,302,310.8,1902,23.4,188,0,0,0,0,0,0,8.800000000000011,44506.799999999996
M,302,310.8,1783,23.1,190,0,0,0,0,0,0,8.800000000000011,41187.3
M,302,310.9,1558,45.3,193,0,0,0,0,0,0,8.899999999999977,70577.4
L,302.1,311,1351,49.5,196,0,0,0,0,0,0,8.899999999999977,66874.5
H,302.1,310.9,1452,42.5,198,0,0,0,0,0,0,8.799999999999955,61710
L,302.1,310.9,1666,30.7,203,0,0,0,0,0,0,8.799999999999955,51146.2
L,302.1,311,1364,50,205,0,0,0,0,0,0,8.899999999999977,68200
M,302.1,311,1351,60.3,207,1,0,0,0,1,0,8.899999999999977,81465.3
H,302.1,311,1729,26.1,210,0,0,0,0,0,0,8.899999999999977,45126.9
M,302.1,311,1574,34.1,215,0,0,0,0,0,0,8.899999999999977,53673.4
L,302,311,1566,37.8,218,0,0,0,0,0,0,9,59194.799999999996
L,302,310.9,1455,43.2,220,0,0,0,0,0,0,8.899999999999977,62856.00000000001
H,302,310.9,1679,29,222,0,0,0,0,0,0,8.899999999999977,48691
L,302,310.8,2143,17.3,227,0,0,0,0,0,0,8.800000000000011,37073.9
L,302,310.8,1447,42.7,229,0,0,0,0,0,0,8.800000000000011,61786.9
L,302,310.8,1383,50.3,231,1,0,0,0,1,0,8.800000000000011,69564.9
L,302.1,310.8,1772,27.1,233,0,0,0,0,0,0,8.699999999999989,48021.200000000004
L,302,310.8,1615,29,235,1,1,0,0,0,0,8.800000000000011,46835
L,302,310.8,1454,36.6,0,0,0,0,0,0,0,8.800000000000011,53216.4
L,302,310.8,1445,49.1,2,0,0,0,0,0,0,8.800000000000011,70949.5
M,302,310.8,1609,35.2,4,0,0,0,0,0,0,8.800000000000011,56636.8
L,302,310.9,1546,34.4,7,0,0,0,0,0,0,8.899999999999977,53182.399999999994
L,301.9,310.8,1567,39.3,9,0,0,0,0,0,0,8.900000000000034,61583.1
L,302,310.8,1767,27.4,11,0,0,0,0,0,0,8.800000000000011,48415.799999999996
L,302,310.9,1539,34.2,13,0,0,0,0,0,0,8.899999999999977,52633.8
L,302,310.9,1564,39,15,0,0,0,0,0,0,8.899999999999977,60996
M,302,310.8,1445,46.3,17,0,0,0,0,0,0,8.800000000000011,66903.5
M,301.9,310.9,1419,47.7,20,1,0,0,0,0,0,9,67686.3
M,301.8,310.9,1881,20.9,23,0,0,0,0,0,0,9.099999999999966,39312.899999999994
M,301.9,310.9,1421,46.2,26,0,0,0,0,0,0,9,65650.2
L,301.9,311,1455,46,29,0,0,0,0,0,0,9.100000000000023,66930
L,301.9,311,2691,12.1,31,1,0,0,1,0,0,9.100000000000023,32561.1
L,301.8,310.8,1505,41.2,33,0,0,0,0,0,0,9,62006.00000000001
L,301.8,310.8,1456,46.6,35,0,0,0,0,0,0,9,67849.6
L,301.8,310.8,1383,46.4,37,0,0,0,0,0,0,9,64171.2
M,301.9,310.8,1563,39.2,39,0,0,0,0,0,0,8.900000000000034,61269.600000000006
M,301.9,310.9,2305,16.1,42,0,0,0,0,0,0,9,37110.5
M,301.9,310.9,1456,43.6,45,0,0,0,0,0,0,9,63481.6
L,302,311,1865,22.7,48,0,0,0,0,0,0,9,42335.5
L,301.9,310.9,1597,36.9,50,0,0,0,0,0,0,9,58929.299999999996
L,302,310.9,1495,38.6,52,0,0,0,0,0,0,8.899999999999977,57707
M,302,310.9,1456,47.2,54,0,0,0,0,0,0,8.899999999999977,68723.2
L,301.9,310.8,1465,44.3,57,0,0,0,0,0,0,8.900000000000034,64899.49999999999
M,302,310.9,1352,55.5,59,0,0,0,0,0,0,8.899999999999977,75036
L,301.9,310.8,1906,21.7,62,0,0,0,0,0,0,8.900000000000034,41360.2
L,302,310.9,1446,44,64,0,0,0,0,0,0,8.899999999999977,63624
L,302,310.8,1948,19.7,66,0,0,0,0,0,0,8.800000000000011,38375.6
L,301.9,310.7,1480,47.1,68,0,0,0,0,0,0,8.800000000000011,69708
M,301.9,310.7,1511,37.6,70,0,0,0,0,0,0,8.800000000000011,56813.6
M,301.9,310.7,1472,47,73,0,0,0,0,0,0,8.800000000000011,69184
L,301.9,310.7,1429,51,76,0,0,0,0,0,0,8.800000000000011,72879
L,301.9,310.7,1405,48.8,78,0,0,0,0,0,0,8.800000000000011,68564
M,301.9,310.7,1405,47.9,80,0,0,0,0,0,0,8.800000000000011,67299.5
L,302,310.7,1348,58.1,83,0,0,0,0,0,0,8.699999999999989,78318.8
L,301.9,310.6,1331,68.6,85,1,0,0,1,0,0,8.700000000000045,91306.59999999999
L,301.9,310.6,1610,33.4,87,0,0,0,0,0,0,8.700000000000045,53774
M,301.9,310.6,1412,46.5,89,0,0,0,0,0,0,8.700000000000045,65658
L,302,310.7,1453,42.7,92,0,0,0,0,0,0,8.699999999999989,62043.100000000006
L,302,310.6,1583,38.9,94,0,0,0,0,0,0,8.600000000000023,61578.7
M,302,310.6,1539,37.4,96,0,0,0,0,0,0,8.600000000000023,57558.6
L,302,310.5,1635,39.8,99,0,0,0,0,0,0,8.5,65072.99999999999
H,302.1,310.7,1294,62.4,101,1,0,1,0,0,0,8.599999999999966,80745.59999999999
L,302,310.5,1978,22,106,0,0,0,0,0,0,8.5,43516
L,302,310.4,1357,58,108,1,0,1,0,0,0,8.399999999999977,78706
L,302,310.4,1336,58.2,110,1,0,1,0,0,0,8.399999999999977,77755.2
L,302,310.4,1568,39.2,112,0,0,0,0,0,0,8.399999999999977,61465.600000000006
M,302,310.4,1567,36.4,114,0,0,0,0,0,0,8.399999999999977,57038.799999999996
L,302,310.4,1611,35.6,117,0,0,0,0,0,0,8.399999999999977,57351.600000000006
H,302,310.5,1841,23.6,119,0,0,0,0,0,0,8.5,43447.600000000006
L,302,310.5,1567,36.1,124,0,0,0,0,0,0,8.5,56568.700000000004
L,301.9,310.4,1376,54.9,126,1,0,1,0,0,0,8.5,75542.4
L,301.9,310.5,1477,42.4,128,0,0,0,0,0,0,8.600000000000023,62624.799999999996
M,301.9,310.5,1590,40.3,130,0,0,0,0,0,0,8.600000000000023,64076.99999999999
L,302,310.5,2197,15.8,133,0,0,0,0,0,0,8.5,34712.6
M,302,310.4,1595,32.9,135,0,0,0,0,0,0,8.399999999999977,52475.5
H,302,310.5,1812,24.4,138,0,0,0,0,0,0,8.5,44212.799999999996
M,302,310.5,1573,32.1,143,0,0,0,0,0,0,8.5,50493.3
L,302,310.5,1651,30.9,146,0,0,0,0,0,0,8.5,51015.899999999994
H,302,310.5,1459,43.2,148,0,0,0,0,0,0,8.5,63028.8
L,301.9,310.4,1370,51.7,153,1,0,1,0,0,0,8.5,70829
L,301.9,310.4,1518,34.1,155,0,0,0,0,0,0,8.5,51763.8
L,302,310.3,1648,29.6,157,0,0,0,0,0,0,8.300000000000011,48780.8
L,302,310.4,1464,47.2,159,0,0,0,0,0,0,8.399999999999977,69100.8
L,302,310.4,1895,23.2,161,0,0,0,0,0,0,8.399999999999977,43964
L,301.9,310.4,1884,23.4,163,0,0,0,0,0,0,8.5,44085.6
L,302,310.4,1450,46.6,165,0,0,0,0,0,0,8.399999999999977,67570
L,302,310.4,1448,43.4,167,0,0,0,0,0,0,8.399999999999977,62843.2
L,302.1,310.5,1389,49.6,169,0,0,0,0,0,0,8.399999999999977,68894.40000000001
L,302,310.6,1583,35.2,171,0,0,0,0,0,0,8.600000000000023,55721.600000000006
L,301.9,310.5,1425,51.1,173,0,0,0,0,0,0,8.600000000000023,72817.5
L,302,310.5,1809,27.1,175,0,0,0,0,0,0,8.5,49023.9
L,301.9,310.5,1892,21.8,177,0,0,0,0,0,0,8.600000000000023,41245.6
M,301.9,310.6,1475,47.8,179,0,0,0,0,0,0,8.700000000000045,70505
L,302,310.6,1361,46.7,182,0,0,0,0,0,0,8.600000000000023,63558.700000000004
M,302,310.6,1563,41,184,0,0,0,0,0,0,8.600000000000023,64083
H,301.9,310.5,1472,39.7,187,0,0,0,0,0,0,8.600000000000023,58438.4
L,302,310.6,1325,55.3,192,0,0,0,0,0,0,8.600000000000023,73272.5
L,302,310.6,1358,53.1,194,0,0,0,0,0,0,8.600000000000023,72109.8
H,302,310.6,1346,54.7,196,0,0,0,0,0,0,8.600000000000023,73626.2
M,302,310.5,1381,58.4,201,0,0,0,0,0,0,8.5,80650.4
L,301.9,310.5,1340,55.7,204,1,0,0,0,1,0,8.600000000000023,74638
L,302,310.6,1366,47.7,206,0,0,0,0,0,0,8.600000000000023,65158.200000000004
L,302.1,310.7,1325,45.1,208,1,0,1,0,0,0,8.599999999999966,59757.5
M,302.1,310.7,1376,46.3,210,1,0,1,0,0,0,8.599999999999966,63708.799999999996
M,302.1,310.7,1364,47.8,213,1,0,1,0,0,0,8.599999999999966,65199.2
L,302.2,310.6,1462,43.6,0,0,0,0,0,0,0,8.400000000000034,63743.200000000004
M,302.1,310.6,1517,38.9,2,0,0,0,0,0,0,8.5,59011.299999999996
L,302.1,310.6,1385,53.6,5,0,0,0,0,0,0,8.5,74236
L,302.1,310.6,1439,40,7,0,0,0,0,0,0,8.5,57560
M,302,310.6,1623,34.3,9,0,0,0,0,0,0,8.600000000000023,55668.899999999994
H,302,310.6,1438,43.2,12,0,0,0,0,0,0,8.600000000000023,62121.600000000006
L,301.9,310.4,1708,24.8,17,0,0,0,0,0,0,8.5,42358.4
M,301.8,310.3,1666,32.7,19,0,0,0,0,0,0,8.5,54478.200000000004
L,301.9,310.4,1286,62.8,22,1,0,1,0,0,0,8.5,80760.8
L,301.9,310.3,1485,46.3,24,0,0,0,0,0,0,8.400000000000034,68755.5
M,301.8,310.3,1409,52.5,26,0,0,0,0,0,0,8.5,73972.5
L,301.8,310.3,1765,27.3,29,0,0,0,0,0,0,8.5,48184.5
L,301.8,310.3,1688,28.8,31,0,0,0,0,0,0,8.5,48614.4
M,301.7,310.3,1787,26.7,33,0,0,0,0,0,0,8.600000000000023,47712.9
L,301.7,310.1,1487,48,36,0,0,0,0,0,0,8.400000000000034,71376
L,301.7,310.1,1384,50.5,38,0,0,0,0,0,0,8.400000000000034,69892
L,301.7,310.2,1311,57.4,40,1,0,1,0,0,0,8.5,75251.4
H,301.7,310.2,1620,30.8,42,0,0,0,0,0,0,8.5,49896
L,301.7,310.2,1331,61.2,47,1,0,1,0,0,0,8.5,81457.2
H,301.7,310.1,1462,38.3,49,0,0,0,0,0,0,8.400000000000034,55994.6
L,301.7,310.1,1424,50.2,54,0,0,0,0,0,0,8.400000000000034,71484.8
L,301.7,310.1,1500,39.6,56,0,0,0,0,0,0,8.400000000000034,59400
L,301.8,310.1,1738,28,58,0,0,0,0,0,0,8.300000000000011,48664
M,301.8,310.3,1465,46.5,60,0,0,0,0,0,0,8.5,68122.5
L,301.8,310.3,1482,41.4,63,0,0,0,0,0,0,8.5,61354.799999999996
L,301.9,310.3,1398,44,65,0,0,0,0,0,0,8.400000000000034,61512
L,301.9,310.3,1972,21.3,67,0,0,0,0,0,0,8.400000000000034,42003.6
L,301.9,310.4,1603,37.6,69,0,0,0,0,0,0,8.5,60272.8
L,301.9,310.4,1610,34.8,71,0,0,0,0,0,0,8.5,56027.99999999999
M,301.9,310.4,1373,48,73,1,0,1,0,0,0,8.5,65904
M,302,310.5,1425,44.7,76,0,0,0,0,0,0,8.5,63697.50000000001
M,302,310.4,1212,55.6,79,1,0,1,0,0,0,8.399999999999977,67387.2
M,302,310.4,1828,26.3,82,0,0,0,0,0,0,8.399999999999977,48076.4
L,302,310.5,1370,44.4,85,1,0,1,0,0,0,8.5,60828
M,302,310.5,1823,25.1,87,0,0,0,0,0,0,8.5,45757.3
L,302,310.5,1263,60.6,90,1,0,1,0,0,0,8.5,76537.8
L,301.9,310.4,1889,21.5,92,0,0,0,0,0,0,8.5,40613.5
M,302,310.5,1639,32.9,94,0,0,0,0,0,0,8.5,53923.1
M,302,310.4,1608,33.1,97,0,0,0,0,0,0,8.399999999999977,53224.8
H,301.9,310.3,1653,32.4,100,0,0,0,0,0,0,8.400000000000034,53557.2
L,302,310.4,1591,29.8,105,0,0,0,0,0,0,8.399999999999977,47411.8
L,302.1,310.5,1696,30.9,107,0,0,0,0,0,0,8.399999999999977,52406.399999999994
L,302.2,310.6,1346,47.5,109,1,0,1,0,0,0,8.400000000000034,63935
M,302.2,310.5,1507,40.4,111,0,0,0,0,0,0,8.300000000000011,60882.799999999996
H,302.3,310.6,1525,48.7,114,0,0,0,0,0,0,8.300000000000011,74267.5
M,302.3,310.7,1559,33.9,119,0,0,0,0,0,0,8.399999999999977,52850.1
L,302.2,310.6,1632,30.5,122,0,0,0,0,0,0,8.400000000000034,49776
L,302.1,310.5,1559,36,124,0,0,0,0,0,0,8.399999999999977,56124
M,302.2,310.6,1355,51.5,126,1,0,1,0,0,0,8.400000000000034,69782.5
M,302.2,310.5,1832,23.7,129,0,0,0,0,0,0,8.300000000000011,43418.4
L,302.2,310.6,1386,50,132,0,0,0,0,0,0,8.400000000000034,69300
M,302.2,310.6,1346,49.2,134,1,0,1,0,0,0,8.400000000000034,66223.2
L,302.3,310.7,1499,37.8,137,0,0,0,0,0,0,8.399999999999977,56662.2
L,302.3,310.7,1612,33.4,139,0,0,0,0,0,0,8.399999999999977,53840.799999999996
M,302.3,310.7,1544,39.7,141,0,0,0,0,0,0,8.399999999999977,61296.8
L,302.5,310.9,1477,39.2,144,0,0,0,0,0,0,8.399999999999977,57898.4
L,302.5,310.9,1624,34.4,146,0,0,0,0,0,0,8.399999999999977,55865.6
L,302.4,310.9,1349,46.1,148,1,0,1,0,0,0,8.5,62188.9
L,302.4,310.8,1686,28.8,150,0,0,0,0,0,0,8.400000000000034,48556.8
M,302.4,310.7,1521,40.4,152,0,0,0,0,0,0,8.300000000000011,61448.4
L,302.4,310.7,1362,54.8,155,1,0,1,0,0,0,8.300000000000011,74637.59999999999
L,302.3,310.7,1402,50.9,157,0,0,0,0,0,0,8.399999999999977,71361.8
L,302.2,310.6,1334,53.2,159,1,0,1,0,0,0,8.400000000000034,70968.8
L,302.2,310.6,1348,48.4,161,1,0,1,0,0,0,8.400000000000034,65243.2
M,302.2,310.6,1570,34.6,163,0,0,0,0,0,0,8.400000000000034,54322
M,302.2,310.7,1601,33,166,0,0,0,0,0,0,8.5,52833
M,302.3,310.8,1611,31.8,169,0,0,0,0,0,0,8.5,51229.8
L,302.4,310.9,1560,31.8,172,0,0,0,0,0,0,8.5,49608
H,302.4,310.9,1444,40.7,174,0,0,0,0,0,0,8.5,58770.8
L,302.4,311,1317,59.4,179,0,0,0,0,0,0,8.600000000000023,78229.8
M,302.5,311,1463,43.1,181,0,0,0,0,0,0,8.5,63055.3
L,302.4,311.1,1634,34.2,184,0,0,0,0,0,0,8.700000000000045,55882.8
L,302.4,311,1423,46.2,186,0,0,0,0,0,0,8.600000000000023,65742.6
L,302.5,311,1548,38.4,188,0,0,0,0,0,0,8.5,59443.2
M,302.5,311,1563,35.6,190,0,0,0,0,0,0,8.5,55642.8
L,302.4,311,1573,36.5,193,0,0,0,0,0,0,8.600000000000023,57414.5
M,302.4,311.1,1432,44.5,195,0,0,0,0,0,0,8.700000000000045,63724
M,302.5,311.1,1638,32,198,0,0,0,0,0,0,8.600000000000023,52416
L,302.5,311.1,1571,34.2,201,0,0,0,0,0,0,8.600000000000023,53728.200000000004
L,302.4,311,2211,15.4,203,0,0,0,0,0,0,8.600000000000023,34049.4
L,302.4,311,1555,40.6,205,0,0,0,0,0,0,8.600000000000023,63133
M,302.3,310.9,1558,31.9,207,0,0,0,0,0,0,8.599999999999966,49700.2
M,302.3,310.9,1523,43.2,210,0,0,0,0,0,0,8.599999999999966,65793.6
L,302.3,310.8,1723,26.3,213,0,0,0,0,0,0,8.5,45314.9
M,302.3,310.8,1721,28.4,215,0,0,0,0,0,0,8.5,48876.399999999994
M,302.3,310.9,1710,30.4,218,1,1,0,0,0,0,8.599999999999966,51984
M,302.3,310.9,1627,32.3,0,0,0,0,0,0,0,8.599999999999966,52552.1
M,302.2,310.8,1422,47,3,0,0,0,0,0,0,8.600000000000023,66834
L,302.1,310.8,1565,35.3,6,0,0,0,0,0,0,8.699999999999989,55244.49999999999
L,302.1,310.7,1314,52.8,8,1,0,1,0,0,0,8.599999999999966,69379.2
M,302,310.6,1392,60.5,10,0,0,0,0,0,0,8.600000000000023,84216
L,302.1,310.7,1465,40.7,13,0,0,0,0,0,0,8.599999999999966,59625.50000000001
L,301.9,310.6,1573,36.6,15,0,0,0,0,0,0,8.700000000000045,57571.8
M,302,310.7,2157,17.8,17,0,0,0,0,0,0,8.699999999999989,38394.6
L,301.9,310.7,1370,50.3,20,0,0,0,0,0,0,8.800000000000011,68911
L,301.9,310.6,1462,38.8,22,0,0,0,0,0,0,8.700000000000045,56725.6
M,302,310.6,1479,40.5,24,0,0,0,0,0,0,8.600000000000023,59899.5
L,301.9,310.7,1717,26.8,27,0,0,0,0,0,0,8.800000000000011,46015.6
M,301.9,310.6,1260,65.9,29,0,0,0,0,0,0,8.700000000000045,83034
L,301.9,310.6,1467,39.3,32,0,0,0,0,0,0,8.700000000000045,57653.1
M,302,310.6,1535,38.6,34,0,0,0,0,0,0,8.600000000000023,59251
L,302,310.7,1657,31.9,37,0,0,0,0,0,0,8.699999999999989,52858.299999999996
L,302,310.7,1698,28.1,39,0,0,0,0,0,0,8.699999999999989,47713.8
L,302.1,310.7,1359,49.3,41,1,0,1,0,0,0,8.599999999999966,66998.7
L,302.1,310.8,1596,37.1,43,0,0,0,0,0,0,8.699999999999989,59211.600000000006
L,302.2,310.8,1383,46.9,45,0,0,0,0,0,0,8.600000000000023,64862.7
L,302.2,310.8,2203,16.6,47,0,0,0,0,0,0,8.600000000000023,36569.8
M,302.2,310.8,1408,46.8,49,0,0,0,0,0,0,8.600000000000023,65894.4
L,302.2,310.8,1673,32.9,52,0,0,0,0,0,0,8.600000000000023,55041.7
L,302.2,310.8,1340,47.8,54,0,0,0,0,0,0,8.600000000000023,64051.99999999999
L,302.2,310.9,1452,42.3,56,0,0,0,0,0,0,8.699999999999989,61419.6
M,302.2,310.9,1302,53.4,58,0,0,0,0,0,0,8.699999999999989,69526.8
H,302.2,310.9,1522,35.9,61,0,0,0,0,0,0,8.699999999999989,54639.799999999996
L,302.2,310.8,1438,41.4,66,0,0,0,0,0,0,8.600000000000023,59533.2
L,302.2,310.9,1604,40.5,68,0,0,0,0,0,0,8.699999999999989,64962
L,302.2,311,1832,23.2,70,0,0,0,0,0,0,8.800000000000011,42502.4
M,302.3,311,1521,34.8,72,0,0,0,0,0,0,8.699999999999989,52930.799999999996
L,302.3,311,1446,37.6,75,0,0,0,0,0,0,8.699999999999989,54369.6
L,302.4,311.1,1905,20.9,77,0,0,0,0,0,0,8.700000000000045,39814.5
L,302.4,311,1475,47.9,79,0,0,0,0,0,0,8.600000000000023,70652.5
L,302.4,311,1462,48.5,81,0,0,0,0,0,0,8.600000000000023,70907
M,302.4,310.9,1435,42.3,83,0,0,0,0,0,0,8.5,60700.49999999999
L,302.4,310.9,1469,39.6,86,0,0,0,0,0,0,8.5,58172.4
M,302.6,311.1,1520,43,88,0,0,0,0,0,0,8.5,65360
L,302.6,311,1537,35.5,91,0,0,0,0,0,0,8.399999999999977,54563.5
L,302.6,311,1369,60,93,1,0,1,0,0,0,8.399999999999977,82140
L,302.6,311,1506,37.2,95,0,0,0,0,0,0,8.399999999999977,56023.200000000004
L,302.5,310.9,1330,56.9,97,1,0,1,0,0,0,8.399999999999977,75677
L,302.6,311,1660,38,99,0,0,0,0,0,0,8.399999999999977,63080
H,302.5,310.9,1356,55.5,101,1,0,1,0,0,0,8.399999999999977,75258
H,302.6,311,1438,51,106,0,0,0,0,0,0,8.399999999999977,73338
M,302.6,311,1329,48.6,111,1,0,1,0,0,0,8.399999999999977,64589.4
L,302.6,311,1284,68,114,1,0,1,1,0,0,8.399999999999977,87312
M,302.5,311,1387,52.1,116,0,0,0,0,0,0,8.5,72262.7
M,302.6,311,1591,33.9,119,0,0,0,0,0,0,8.399999999999977,53934.899999999994
M,302.6,311,1589,39,122,0,0,0,0,0,0,8.399999999999977,61971
M,302.7,311.1,1297,60.7,125,1,0,1,0,0,0,8.400000000000034,78727.90000000001
L,302.7,311.2,1545,35.1,128,0,0,0,0,0,0,8.5,54229.5
H,302.7,311.1,1418,43.4,130,0,0,0,0,0,0,8.400000000000034,61541.2
L,302.7,311.1,1730,28.1,135,0,0,0,0,0,0,8.400000000000034,48613
L,302.6,311,2001,20.7,137,0,0,0,0,0,0,8.399999999999977,41420.7
L,302.6,311,1620,36.2,139,0,0,0,0,0,0,8.399999999999977,58644.00000000001
M,302.6,311,1542,39.7,141,0,0,0,0,0,0,8.399999999999977,61217.4
L,302.6,311,1424,38,144,0,0,0,0,0,0,8.399999999999977,54112
L,302.7,311.1,1440,39.5,146,0,0,0,0,0,0,8.400000000000034,56880
L,302.6,311,1520,42.8,148,0,0,0,0,0,0,8.399999999999977,65055.99999999999
L,302.7,311,1694,29.8,150,0,0,0,0,0,0,8.300000000000011,50481.200000000004
L,302.6,311,1610,39.2,152,0,0,0,0,0,0,8.399999999999977,63112.00000000001
L,302.6,310.9,1331,52,154,1,0,1,0,0,0,8.299999999999955,69212
L,302.6,310.8,1470,41.2,156,0,0,0,0,0,0,8.199999999999989,60564.00000000001
L,302.5,310.8,1577,36.9,158,0,0,0,0,0,0,8.300000000000011,58191.299999999996
L,302.6,310.8,1486,36.4,160,0,0,0,0,0,0,8.199999999999989,54090.4
L,302.4,310.6,1445,40.3,162,0,0,0,0,0,0,8.200000000000045,58233.49999999999
M,302.4,310.5,1500,36.7,164,0,0,0,0,0,0,8.100000000000023,55050.00000000001
M,302.2,310.4,1456,47.5,167,0,0,0,0,0,0,8.199999999999989,69160
L,302.2,310.4,1743,28.1,170,0,0,0,0,0,0,8.199999999999989,48978.3
L,302,310.1,1409,50.4,172,0,0,0,0,0,0,8.100000000000023,71013.59999999999
L,302,310.1,1361,45.4,174,1,0,1,0,0,0,8.100000000000023,61789.4
L,302.1,310.1,1753,28.9,176,0,0,0,0,0,0,8,50661.7
L,302,310,1832,22.9,178,0,0,0,0,0,0,8,41952.799999999996
L,301.9,309.9,1374,48.5,180,1,0,1,0,0,0,8,66639
M,301.8,309.9,1334,61,182,1,0,1,0,0,0,8.099999999999966,81374
L,301.8,310,1493,40.3,185,0,0,0,0,0,0,8.199999999999989,60167.899999999994
L,301.7,309.9,1317,49,187,1,0,1,0,0,0,8.199999999999989,64533
M,301.7,309.9,1434,47.9,189,0,0,0,0,0,0,8.199999999999989,68688.59999999999
M,301.7,309.9,1457,39.2,192,0,0,0,0,0,0,8.199999999999989,57114.4
M,301.7,310,1391,50.6,195,0,0,0,0,0,0,8.300000000000011,70384.6
M,301.8,310,1781,23.9,198,0,0,0,0,0,0,8.199999999999989,42565.899999999994
L,301.8,310,1642,32.6,201,0,0,0,0,0,0,8.199999999999989,53529.200000000004
L,301.8,310,2032,19,203,0,0,0,0,0,0,8.199999999999989,38608
M,301.8,310.1,2372,13.9,205,1,0,0,1,0,0,8.300000000000011,32970.8
L,301.8,310,1393,44.9,208,0,0,0,0,0,0,8.199999999999989,62545.7
M,301.7,310.1,1743,27.3,210,0,0,0,0,0,0,8.400000000000034,47583.9
L,301.8,310.2,1457,40.4,213,0,0,0,0,0,0,8.399999999999977,58862.799999999996
L,301.8,310.2,2825,5.8,215,1,0,0,1,0,0,8.399999999999977,16385
M,301.8,310.2,1609,34.2,217,0,0,0,0,0,0,8.399999999999977,55027.8
M,301.8,310.2,1437,42.3,0,0,0,0,0,0,0,8.399999999999977,60785.1
L,301.7,310.1,1402,50.1,3,0,0,0,0,0,0,8.400000000000034,70240.2
M,301.7,310.1,1644,34.6,5,0,0,0,0,0,0,8.400000000000034,56882.4
L,301.7,310.2,1471,51.1,8,0,0,0,0,0,0,8.5,75168.1
L,301.7,310.1,2695,12.6,10,0,0,0,0,0,0,8.400000000000034,33957
L,301.7,310.2,1435,48.1,12,0,0,0,0,0,0,8.5,69023.5
L,301.6,310.1,1694,26.3,14,0,0,0,0,0,0,8.5,44552.200000000004
L,301.6,310.1,1687,26.6,16,0,0,0,0,0,0,8.5,44874.200000000004
L,301.6,310,1869,22.9,18,0,0,0,0,0,0,8.399999999999977,42800.1
L,301.4,309.9,1259,63.9,20,1,0,1,0,0,0,8.5,80450.09999999999
H,301.4,309.9,1460,47.2,22,0,0,0,0,0,0,8.5,68912
M,301.3,309.9,1501,39.5,27,0,0,0,0,0,0,8.599999999999966,59289.5
L,301.4,310,1776,25.6,30,0,0,0,0,0,0,8.600000000000023,45465.600000000006
M,301.5,310.1,1468,40.8,32,0,0,0,0,0,0,8.600000000000023,59894.399999999994
L,301.5,310.1,1430,46.5,35,0,0,0,0,0,0,8.600000000000023,66495
L,301.4,310.1,1502,46.6,37,0,0,0,0,0,0,8.700000000000045,69993.2
H,301.4,310.1,1623,32.3,39,0,0,0,0,0,0,8.700000000000045,52422.899999999994
M,301.4,310,1651,29.8,44,0,0,0,0,0,0,8.600000000000023,49199.8
L,301.5,310.1,1639,33.4,47,0,0,0,0,0,0,8.600000000000023,54742.6
M,301.5,310,1417,44.6,49,0,0,0,0,0,0,8.5,63198.200000000004
L,301.5,310.1,1541,42.2,52,0,0,0,0,0,0,8.600000000000023,65030.200000000004
M,301.6,310.2,1411,45.1,54,0,0,0,0,0,0,8.599999999999966,63636.1
L,301.7,310.3,1397,44.6,57,0,0,0,0,0,0,8.600000000000023,62306.200000000004
L,301.7,310.2,1686,28.9,59,0,0,0,0,0,0,8.5,48725.399999999994
M,301.7,310.1,1431,44,61,0,0,0,0,0,0,8.400000000000034,62964
L,301.8,310.3,1341,50.5,64,1,0,1,0,0,0,8.5,67720.5
L,301.7,310.2,1486,43,66,0,0,0,0,0,0,8.5,63898
L,301.6,310.2,1384,57.1,68,0,0,0,0,0,0,8.599999999999966,79026.40000000001
L,301.6,310.1,1362,55.8,70,1,0,1,0,0,0,8.5,75999.59999999999
H,301.7,310.1,1660,29.3,72,0,0,0,0,0,0,8.400000000000034,48638
L,301.6,310.1,1326,48.2,77,1,0,1,0,0,0,8.5,63913.200000000004
L,301.6,310,1566,30.3,79,0,0,0,0,0,0,8.399999999999977,47449.8
L,301.5,309.8,1549,38.5,81,0,0,0,0,0,0,8.300000000000011,59636.5
M,301.6,309.9,1746,31.1,83,0,0,0,0,0,0,8.299999999999955,54300.600000000006
M,301.7,309.9,1452,41.5,86,0,0,0,0,0,0,8.199999999999989,60258
L,301.6,309.8,1588,33.9,89,0,0,0,0,0,0,8.199999999999989,53833.2
L,301.6,309.8,1472,42.5,91,0,0,0,0,0,0,8.199999999999989,62560
L,301.7,309.9,1607,37.7,93,0,0,0,0,0,0,8.199999999999989,60583.9
H,301.6,309.9,1423,53.6,95,0,0,0,0,0,0,8.299999999999955,76272.8
L,301.6,309.9,1440,43.4,100,0,0,0,0,0,0,8.299999999999955,62496
L,301.6,309.9,1397,43.7,102,0,0,0,0,0,0,8.299999999999955,61048.9
L,301.7,309.9,1524,46.6,104,0,0,0,0,0,0,8.199999999999989,71018.40000000001
M,301.7,309.9,1533,40.9,106,0,0,0,0,0,0,8.199999999999989,62699.7
L,301.7,309.8,1398,46,109,0,0,0,0,0,0,8.100000000000023,64308
M,301.7,309.8,1284,68.2,111,1,0,1,1,0,0,8.100000000000023,87568.8
L,301.7,309.8,1491,39.3,114,0,0,0,0,0,0,8.100000000000023,58596.299999999996
H,301.8,309.9,1418,51.3,116,0,0,0,0,0,0,8.099999999999966,72743.4
M,301.8,309.8,1546,39.8,121,0,0,0,0,0,0,8,61530.799999999996
L,301.8,309.7,1598,30.4,124,0,0,0,0,0,0,7.899999999999977,48579.2
H,301.9,309.8,1724,27.5,126,0,0,0,0,0,0,7.900000000000034,47410
L,301.9,309.8,1507,44.7,131,0,0,0,0,0,0,7.900000000000034,67362.90000000001
L,301.9,309.7,1595,31.4,133,0,0,0,0,0,0,7.800000000000011,50083
M,301.9,309.7,1568,37.5,135,0,0,0,0,0,0,7.800000000000011,58800
L,301.8,309.6,1432,43.7,138,0,0,0,0,0,0,7.800000000000011,62578.4
L,301.9,309.7,1424,42.8,140,0,0,0,0,0,0,7.800000000000011,60947.2
M,302,309.7,1386,62.7,142,1,0,0,1,0,0,7.699999999999989,86902.2
L,302,309.8,1456,58.1,145,0,0,0,0,0,0,7.800000000000011,84593.6
H,302,309.8,1280,57.3,147,1,0,1,0,0,0,7.800000000000011,73344
L,302,309.8,1649,31,152,0,0,0,0,0,0,7.800000000000011,51119
L,302,309.9,1407,52.8,154,0,0,0,0,0,0,7.899999999999977,74289.59999999999
H,302,309.9,1606,34.5,156,0,0,0,0,0,0,7.899999999999977,55407
M,302.1,310,1531,38,161,0,0,0,0,0,0,7.899999999999977,58178
L,302.1,310.1,1543,35.8,164,0,0,0,0,0,0,8,55239.399999999994
M,302.1,310.1,1379,48.2,166,1,0,1,0,0,0,8,66467.8
L,302.1,310.1,1447,46.6,169,0,0,0,0,0,0,8,67430.2
H,302.1,310.1,1844,24.6,171,0,0,0,0,0,0,8,45362.4
H,302.1,310.1,1615,29.9,176,0,0,0,0,0,0,8,48288.5
L,302,310,1449,48.8,181,0,0,0,0,0,0,8,70711.2
L,302,309.9,1388,51.4,183,0,0,0,0,0,0,7.899999999999977,71343.2
H,302,309.9,1447,42.8,185,0,0,0,0,0,0,7.899999999999977,61931.6
L,302,310,1664,28.6,190,0,0,0,0,0,0,8,47590.4
H,302,309.9,1735,27.2,192,0,0,0,0,0,0,7.899999999999977,47192
L,302,309.9,1308,57.6,197,1,0,1,0,1,0,7.899999999999977,75340.8
L,302,309.8,1480,40,199,0,0,0,0,0,0,7.800000000000011,59200
M,301.9,309.6,1439,41.7,201,0,0,0,0,0,0,7.7000000000000455,60006.3
M,301.9,309.7,1533,35.9,204,0,0,0,0,0,0,7.800000000000011,55034.7
L,302,309.7,1551,34.8,207,0,0,0,0,0,0,7.699999999999989,53974.799999999996
L,302,309.7,1414,36.3,209,0,0,0,0,0,0,7.699999999999989,51328.2
M,301.9,309.6,1551,34.6,211,0,0,0,0,0,0,7.7000000000000455,53664.600000000006
M,301.8,309.6,1436,49,214,0,0,0,0,0,0,7.800000000000011,70364
M,301.9,309.6,1385,45.8,217,0,0,0,0,0,0,7.7000000000000455,63432.99999999999
M,301.8,309.5,1732,30.1,220,0,0,0,0,0,0,7.699999999999989,52133.200000000004
L,301.9,309.6,1410,49,223,0,0,0,0,0,0,7.7000000000000455,69090
L,301.9,309.6,1446,43.2,225,0,0,0,0,0,0,7.7000000000000455,62467.200000000004
L,301.8,309.5,1525,39.6,227,0,0,0,0,0,0,7.699999999999989,60390
L,301.7,309.5,1298,65.5,229,1,0,1,0,1,0,7.800000000000011,85019
L,301.8,309.6,1443,42.7,231,0,0,0,0,0,0,7.800000000000011,61616.100000000006
L,301.8,309.7,1442,45.3,233,1,1,0,0,0,0,7.899999999999977,65322.6
L,301.9,309.7,1719,31.9,0,0,0,0,0,0,0,7.800000000000011,54836.1
L,302,309.8,1532,39.4,2,0,0,0,0,0,0,7.800000000000011,60360.799999999996
L,302,309.8,1701,27.2,4,0,0,0,0,0,0,7.800000000000011,46267.2
M,302.1,310,1355,45.1,6,1,0,1,0,0,0,7.899999999999977,61110.5
M,302.2,310.1,1421,45.4,9,0,0,0,0,0,0,7.900000000000034,64513.4
M,302.2,310.1,1368,51.6,12,1,0,1,0,0,0,7.900000000000034,70588.8
L,302.2,310.1,1458,45.1,15,0,0,0,0,0,0,7.900000000000034,65755.8
M,302.2,310.1,1572,34.6,17,0,0,0,0,0,0,7.900000000000034,54391.200000000004
L,302.2,310,1483,48.7,20,0,0,0,0,0,0,7.800000000000011,72222.1
L,302.3,310.1,1513,40.4,22,0,0,0,0,0,0,7.800000000000011,61125.2
H,302.3,310.1,1383,42.9,24,0,0,0,0,0,0,7.800000000000011,59330.7
L,302.4,310.2,1539,37.7,29,0,0,0,0,0,0,7.800000000000011,58020.3
M,302.3,310.1,1563,37.8,31,0,0,0,0,0,0,7.800000000000011,59081.399999999994
L,302.3,310.1,1653,29.7,34,0,0,0,0,0,0,7.800000000000011,49094.1
L,302.3,310.1,1353,50.9,36,1,0,1,0,0,0,7.800000000000011,68867.7
H,302.2,310,1468,43.6,38,0,0,0,0,0,0,7.800000000000011,64004.8
H,302.3,310.2,1506,33.8,43,0,0,0,0,0,0,7.899999999999977,50902.799999999996
L,302.3,310.1,1388,49.9,48,0,0,0,0,0,0,7.800000000000011,69261.2
M,302.4,310.2,1485,45.9,50,0,0,0,0,0,0,7.800000000000011,68161.5
L,302.4,310.2,1331,45.5,53,1,0,1,0,0,0,7.800000000000011,60560.5
L,302.5,310.3,1326,58.5,55,1,0,1,0,0,0,7.800000000000011,77571
L,302.3,310.2,1394,55.4,57,0,0,0,0,0,0,7.899999999999977,77227.59999999999
L,302.4,310.1,2009,18.9,59,0,0,0,0,0,0,7.7000000000000455,37970.1
M,302.4,310.1,1358,54.6,61,1,0,1,0,0,0,7.7000000000000455,74146.8
L,302.5,310.2,1586,32.2,64,0,0,0,0,0,0,7.699999999999989,51069.200000000004
L,302.5,310.3,1688,31.6,66,0,0,0,0,0,0,7.800000000000011,53340.8
L,302.6,310.5,1450,43.2,68,0,0,0,0,0,0,7.899999999999977,62640.00000000001
M,302.7,310.5,1398,47.3,70,0,0,0,0,0,0,7.800000000000011,66125.4
L,302.7,310.5,1520,39.3,73,0,0,0,0,0,0,7.800000000000011,59735.99999999999
L,302.6,310.4,1514,42.7,75,0,0,0,0,0,0,7.7999999999999545,64647.8
M,302.6,310.4,1532,36.1,77,0,0,0,0,0,0,7.7999999999999545,55305.200000000004
L,302.6,310.4,1365,66.8,80,1,0,1,1,0,0,7.7999999999999545,91182
L,302.6,310.3,1642,33.2,82,0,0,0,0,0,0,7.699999999999989,54514.4
M,302.6,310.2,2676,10.8,84,1,0,0,1,0,0,7.599999999999966,28900.800000000003
H,302.6,310.2,1873,21.3,87,0,0,0,0,0,0,7.599999999999966,39894.9
L,302.6,310.2,1325,62.4,92,1,0,1,0,0,0,7.599999999999966,82680
M,302.6,310.2,2157,17.2,94,0,0,0,0,0,0,7.599999999999966,37100.4
M,302.6,310.2,1563,39,97,0,0,0,0,0,0,7.599999999999966,60957
M,302.6,310.2,1631,31,100,0,0,0,0,0,0,7.599999999999966,50561
L,302.5,310.2,1547,36.9,103,0,0,0,0,0,0,7.699999999999989,57084.299999999996
L,302.6,310.3,1479,40.4,105,0,0,0,0,0,0,7.699999999999989,59751.6
M,302.4,310.1,1379,48.9,107,1,0,1,0,0,0,7.7000000000000455,67433.09999999999
L,302.4,310.1,1906,21.2,110,0,0,0,0,0,0,7.7000000000000455,40407.2
M,302.3,310.1,1731,33.4,112,0,0,0,0,0,0,7.800000000000011,57815.399999999994
H,302.3,310.1,1688,30.4,115,0,0,0,0,0,0,7.800000000000011,51315.2
H,302.3,310.2,1443,54.6,120,0,0,0,0,0,0,7.899999999999977,78787.8
L,302.4,310.2,1445,46.4,125,0,0,0,0,0,0,7.800000000000011,67048
H,302.4,310.2,1435,44.9,127,0,0,0,0,0,0,7.800000000000011,64431.5
L,302.4,310.1,1556,32.9,132,0,0,0,0,0,0,7.7000000000000455,51192.399999999994
L,302.3,310.1,1321,52.7,134,1,0,1,0,0,0,7.800000000000011,69616.7
M,302.4,310.1,1577,35.8,136,0,0,0,0,0,0,7.7000000000000455,56456.6
L,302.4,310.2,1578,31.2,139,0,0,0,0,0,0,7.800000000000011,49233.6
L,302.4,310.1,1418,52.3,141,0,0,0,0,0,0,7.7000000000000455,74161.4
M,302.4,310.2,1392,55.8,143,0,0,0,0,0,0,7.800000000000011,77673.59999999999
L,302.5,310.3,1446,44,146,0,0,0,0,0,0,7.800000000000011,63624
L,302.5,310.2,1329,50.6,148,1,0,1,0,0,0,7.699999999999989,67247.40000000001
L,302.5,310.2,1563,34.8,150,0,0,0,0,0,0,7.699999999999989,54392.399999999994
L,302.5,310.3,1405,57.4,152,0,0,0,0,0,0,7.800000000000011,80647
L,302.4,310.2,2224,16,154,0,0,0,0,0,0,7.800000000000011,35584
L,302.5,310.2,1716,29.9,156,0,0,0,0,0,0,7.699999999999989,51308.399999999994
L,302.5,310.3,1584,35.5,158,0,0,0,0,0,0,7.800000000000011,56232
M,302.5,310.3,1488,41.8,160,0,0,0,0,0,0,7.800000000000011,62198.399999999994
L,302.4,310.3,1374,51.2,163,1,0,1,0,0,0,7.900000000000034,70348.8
M,302.4,310.3,1378,54.3,165,1,0,1,0,0,0,7.900000000000034,74825.4
L,302.5,310.3,1551,37.3,168,0,0,0,0,0,0,7.800000000000011,57852.299999999996
L,302.5,310.3,1549,40.9,170,0,0,0,0,0,0,7.800000000000011,63354.1
M,302.5,310.3,1447,39.2,172,0,0,0,0,0,0,7.800000000000011,56722.4
L,302.4,310.2,1400,53.7,175,0,0,0,0,0,0,7.800000000000011,75180
L,302.4,310.1,1401,48.8,177,0,0,0,0,0,0,7.7000000000000455,68368.8
H,302.4,310.1,1597,28.9,179,0,0,0,0,0,0,7.7000000000000455,46153.299999999996
L,302.3,310.1,1487,46,184,0,0,0,0,0,0,7.800000000000011,68402
M,302.5,310.3,1710,27.3,186,0,0,0,0,0,0,7.800000000000011,46683
L,302.6,310.4,1478,47.7,189,0,0,0,0,0,0,7.7999999999999545,70500.6
L,302.6,310.4,1743,26.3,191,0,0,0,0,0,0,7.7999999999999545,45840.9
L,302.6,310.5,1596,32.8,193,0,0,0,0,0,0,7.899999999999977,52348.799999999996
L,302.7,310.5,1642,30.8,195,0,0,0,0,0,0,7.800000000000011,50573.6
L,302.7,310.5,1263,67.8,197,1,0,1,0,1,0,7.800000000000011,85631.4
L,302.8,310.6,2016,19.9,199,0,0,0,0,0,0,7.800000000000011,40118.399999999994
L,302.8,310.6,1671,30.5,201,0,0,0,0,0,0,7.800000000000011,50965.5
L,302.8,310.6,1404,43.2,203,0,0,0,0,0,0,7.800000000000011,60652.8
L,302.8,310.6,1470,41.1,205,0,0,0,0,0,0,7.800000000000011,60417
L,302.8,310.6,1617,37.9,207,0,0,0,0,0,0,7.800000000000011,61284.299999999996
L,302.7,310.5,1725,29,209,0,0,0,0,0,0,7.800000000000011,50025
L,302.7,310.5,1446,40.9,211,1,1,0,0,0,0,7.800000000000011,59141.4
L,302.7,310.6,1564,34.3,0,0,0,0,0,0,0,7.900000000000034,53645.2
L,302.8,310.6,1670,29.1,2,0,0,0,0,0,0,7.800000000000011,48597
L,302.7,310.6,1501,48.7,4,0,0,0,0,0,0,7.900000000000034,73098.7
L,302.7,310.5,1551,35.9,6,0,0,0,0,0,0,7.800000000000011,55680.899999999994
L,302.7,310.5,1563,35,8,0,0,0,0,0,0,7.800000000000011,54705
L,302.7,310.5,1351,41.8,10,1,0,1,0,0,0,7.800000000000011,56471.799999999996
L,302.6,310.4,1415,52.1,12,0,0,0,0,0,0,7.7999999999999545,73721.5
L,302.6,310.3,1647,34.2,14,0,0,0,0,0,0,7.699999999999989,56327.4
L,302.5,310.2,1477,41.6,16,0,0,0,0,0,0,7.699999999999989,61443.200000000004
L,302.6,310.2,1923,21.5,18,0,0,0,0,0,0,7.599999999999966,41344.5
H,302.7,310.4,1305,55.2,20,1,0,1,0,0,0,7.699999999999989,72036
M,302.6,310.4,1544,35.1,25,0,0,0,0,0,0,7.7999999999999545,54194.4
H,302.7,310.5,1568,36.9,28,0,0,0,0,0,0,7.800000000000011,57859.2
L,302.7,310.4,1489,42.7,33,0,0,0,0,0,0,7.699999999999989,63580.3
M,302.6,310.4,1451,43.1,35,0,0,0,0,0,0,7.7999999999999545,62538.1
L,302.7,310.4,1542,35.7,38,0,0,0,0,0,0,7.699999999999989,55049.4
M,302.6,310.5,1965,20.2,40,0,0,0,0,0,0,7.899999999999977,39693
L,302.5,310.5,1436,36.5,43,0,0,0,0,0,0,8,52414
M,302.5,310.4,1509,37.6,45,0,0,0,0,0,0,7.899999999999977,56738.4
L,302.5,310.4,1487,40.2,48,0,0,0,0,0,0,7.899999999999977,59777.4
L,302.5,310.4,1967,20.3,50,0,0,0,0,0,0,7.899999999999977,39930.1
H,302.6,310.4,1409,53.3,52,0,0,0,0,0,0,7.7999999999999545,75099.7
M,302.6,310.5,1420,56.4,57,0,0,0,0,0,0,7.899999999999977,80088
L,302.7,310.5,1511,37.7,60,0,0,0,0,0,0,7.800000000000011,56964.700000000004
H,302.6,310.4,1649,30.1,62,0,0,0,0,0,0,7.7999999999999545,49634.9
L,302.6,310.4,1359,57.2,67,1,0,1,0,0,0,7.7999999999999545,77734.8
M,302.5,310.4,1605,36,69,0,0,0,0,0,0,7.899999999999977,57780
L,302.5,310.3,1523,36,72,0,0,0,0,0,0,7.800000000000011,54828
H,302.6,310.4,1614,36,74,0,0,0,0,0,0,7.7999999999999545,58104
H,302.6,310.3,1721,27.4,79,0,0,0,0,0,0,7.699999999999989,47155.399999999994
L,302.6,310.4,1638,36.2,84,0,0,0,0,0,0,7.7999999999999545,59295.600000000006
L,302.5,310.2,1307,54,86,1,0,1,0,0,0,7.699999999999989,70578
L,302.4,310.2,1642,28.3,88,0,0,0,0,0,0,7.800000000000011,46468.6
M,302.5,310.2,1751,30.5,90,0,0,0,0,0,0,7.699999999999989,53405.5
L,302.4,310.1,1645,31.6,93,0,0,0,0,0,0,7.7000000000000455,51982
L,302.4,310.1,1426,46.8,95,0,0,0,0,0,0,7.7000000000000455,66736.8
M,302.4,310.1,1520,36.6,97,0,0,0,0,0,0,7.7000000000000455,55632
L,302.4,310.1,1709,31.8,100,0,0,0,0,0,0,7.7000000000000455,54346.200000000004
L,302.4,310,1426,46.6,102,0,0,0,0,0,0,7.600000000000023,66451.6
L,302.4,310.1,1429,43.7,104,0,0,0,0,0,0,7.7000000000000455,62447.3
L,302.4,310.2,1346,62.4,106,1,0,1,0,0,0,7.800000000000011,83990.4
L,302.5,310.2,1454,43,108,0,0,0,0,0,0,7.699999999999989,62522
M,302.5,310.3,1411,49.5,110,0,0,0,0,0,0,7.800000000000011,69844.5
L,302.4,310.3,1900,24.4,113,0,0,0,0,0,0,7.900000000000034,46360
L,302.4,310.3,1479,36.2,115,0,0,0,0,0,0,7.900000000000034,53539.8
L,302.5,310.4,1415,48.2,117,0,0,0,0,0,0,7.899999999999977,68203
L,302.5,310.3,1539,39,119,0,0,0,0,0,0,7.800000000000011,60021
L,302.4,310.3,1520,31.6,121,0,0,0,0,0,0,7.900000000000034,48032
L,302.4,310.3,1480,45.8,123,0,0,0,0,0,0,7.900000000000034,67784
L,302.4,310.4,1666,29.7,125,0,0,0,0,0,0,8,49480.2
L,302.4,310.4,1456,47.6,127,0,0,0,0,0,0,8,69305.6
L,302.4,310.4,1865,23.9,129,0,0,0,0,0,0,8,44573.5
M,302.5,310.5,1918,21.6,131,0,0,0,0,0,0,8,41428.8
L,302.5,310.4,1488,48.4,134,0,0,0,0,0,0,7.899999999999977,72019.2
M,302.5,310.5,1527,38.8,136,0,0,0,0,0,0,8,59247.6
M,302.4,310.4,1463,42.2,139,0,0,0,0,0,0,8,61738.600000000006
L,302.4,310.4,1521,38.5,142,0,0,0,0,0,0,8,58558.5
M,302.4,310.5,1372,45.7,144,1,0,1,0,0,0,8.100000000000023,62700.4
L,302.5,310.5,1507,39.5,147,0,0,0,0,0,0,8,59526.5
M,302.4,310.4,1586,34.3,149,0,0,0,0,0,0,8,54399.799999999996
L,302.5,310.4,1487,42,152,0,0,0,0,0,0,7.899999999999977,62454
L,302.5,310.5,1520,41.2,154,0,0,0,0,0,0,8,62624.00000000001
H,302.5,310.4,1422,41.9,156,0,0,0,0,0,0,7.899999999999977,59581.799999999996
M,302.4,310.3,1375,52.5,161,1,0,1,0,0,0,7.900000000000034,72187.5
L,302.4,310.2,1633,28,164,0,0,0,0,0,0,7.800000000000011,45724
L,302.4,310.2,1503,36.2,166,0,0,0,0,0,0,7.800000000000011,54408.600000000006
L,302.4,310.2,1351,45.1,168,1,0,1,0,0,0,7.800000000000011,60930.1
L,302.3,310.2,1548,35.3,170,0,0,0,0,0,0,7.899999999999977,54644.399999999994
L,302.4,310.3,1923,23.3,172,0,0,0,0,0,0,7.900000000000034,44805.9
L,302.5,310.3,1592,32.6,174,0,0,0,0,0,0,7.800000000000011,51899.200000000004
M,302.5,310.4,1580,35.6,176,0,0,0,0,0,0,7.899999999999977,56248
L,302.5,310.4,1427,46.8,179,0,0,0,0,0,0,7.899999999999977,66783.59999999999
M,302.5,310.4,1581,32.7,181,0,0,0,0,0,0,7.899999999999977,51698.700000000004
M,302.6,310.5,1542,39.9,184,0,0,0,0,0,0,7.899999999999977,61525.799999999996
L,302.5,310.4,1349,55.1,187,1,0,1,0,0,0,7.899999999999977,74329.90000000001
L,302.5,310.5,1463,43,189,0,0,0,0,0,0,8,62909
M,302.5,310.4,1429,43.2,191,0,0,0,0,0,0,7.899999999999977,61732.8
M,302.5,310.4,1451,53.6,194,0,0,0,0,0,0,7.899999999999977,77773.6
L,302.6,310.5,1511,37.2,197,0,0,0,0,0,0,7.899999999999977,56209.200000000004
L,302.6,310.6,1549,37.5,199,0,0,0,0,0,0,8,58087.5
M,302.5,310.5,1507,40.2,201,0,0,0,0,0,0,8,60581.4
M,302.6,310.5,1524,33.7,204,0,0,0,0,0,0,7.899999999999977,51358.8
M,302.7,310.5,1880,22.7,207,0,0,0,0,0,0,7.800000000000011,42676
L,302.6,310.5,1461,45.4,0,0,0,0,0,0,0,7.899999999999977,66329.4
L,302.6,310.5,1748,28.2,2,0,0,0,0,0,0,7.899999999999977,49293.6
L,302.7,310.6,1690,26.7,4,0,0,0,0,0,0,7.900000000000034,45123
M,302.7,310.6,1349,51.2,6,1,0,1,0,0,0,7.900000000000034,69068.8
L,302.7,310.6,1686,26.3,9,0,0,0,0,0,0,7.900000000000034,44341.8
L,302.7,310.7,1369,47.5,11,1,0,1,0,0,0,8,65027.5
L,302.7,310.7,1433,43.7,13,0,0,0,0,0,0,8,62622.100000000006
L,302.7,310.7,1597,41.9,15,0,0,0,0,0,0,8,66914.3
L,302.9,310.8,1610,32.2,17,0,0,0,0,0,0,7.900000000000034,51842.00000000001
L,302.7,310.7,1398,57.7,19,0,0,0,0,0,0,8,80664.6
L,302.7,310.7,1977,20,21,0,0,0,0,0,0,8,39540
L,302.8,310.8,1516,39.5,23,0,0,0,0,0,0,8,59882
H,302.7,310.8,1275,55,25,1,0,1,0,0,0,8.100000000000023,70125
L,302.8,310.8,1402,50.5,30,0,0,0,0,0,0,8,70801
M,302.8,310.8,1451,44.7,32,0,0,0,0,0,0,8,64859.700000000004
M,302.7,310.8,1555,36.1,35,0,0,0,0,0,0,8.100000000000023,56135.5
L,302.8,310.9,1636,35,38,0,0,0,0,0,0,8.099999999999966,57260
L,302.8,310.9,1312,52.2,40,1,0,1,0,0,0,8.099999999999966,68486.40000000001
L,302.8,310.9,1708,29.8,42,0,0,0,0,0,0,8.099999999999966,50898.4
M,302.9,311,1556,36.5,44,0,0,0,0,0,0,8.100000000000023,56794
H,302.8,311,1436,43.5,47,0,0,0,0,0,0,8.199999999999989,62466
M,302.9,311,1402,40.7,52,0,0,0,0,0,0,8.100000000000023,57061.4
M,302.9,311,1437,49.9,55,0,0,0,0,0,0,8.100000000000023,71706.3
M,302.9,311.1,1926,21.8,58,0,0,0,0,0,0,8.200000000000045,41986.8
L,303,311.2,1800,23.7,61,0,0,0,0,0,0,8.199999999999989,42660
L,303,311.2,1641,32.6,63,0,0,0,0,0,0,8.199999999999989,53496.600000000006
L,303,311.2,1374,48.2,65,1,0,1,0,0,0,8.199999999999989,66226.8
L,303,311.2,1494,37,67,0,0,0,0,0,0,8.199999999999989,55278
L,303,311.2,1601,32.9,69,0,0,0,0,0,0,8.199999999999989,52672.899999999994
L,302.9,311.2,1634,36.9,71,0,0,0,0,0,0,8.300000000000011,60294.6
M,302.9,311.2,1467,37.7,73,0,0,0,0,0,0,8.300000000000011,55305.9
L,302.8,311.1,1550,32.3,76,0,0,0,0,0,0,8.300000000000011,50064.99999999999
L,302.8,311.1,1563,32.2,78,0,0,0,0,0,0,8.300000000000011,50328.600000000006
L,302.7,310.9,1395,48.3,80,0,0,0,0,0,0,8.199999999999989,67378.5
M,302.8,311,1507,33.4,82,0,0,0,0,0,0,8.199999999999989,50333.799999999996
L,302.8,311,1564,38.5,85,0,0,0,0,0,0,8.199999999999989,60214
L,302.8,311.1,1721,30,87,0,0,0,0,0,0,8.300000000000011,51630
L,302.8,311.1,1456,36.1,89,0,0,0,0,0,0,8.300000000000011,52561.6
H,302.9,311.2,2102,17.8,91,0,0,0,0,0,0,8.300000000000011,37415.6
L,302.9,311.1,1555,33.9,96,0,0,0,0,0,0,8.200000000000045,52714.5
L,303,311.2,1409,41.9,98,0,0,0,0,0,0,8.199999999999989,59037.1
M,303,311.2,1387,41.4,100,0,0,0,0,0,0,8.199999999999989,57421.799999999996
M,303,311.2,1460,43.9,103,0,0,0,0,0,0,8.199999999999989,64094
L,303,311.2,1361,47.6,106,1,0,1,0,0,0,8.199999999999989,64783.6
M,303,311.1,1490,43,108,0,0,0,0,0,0,8.100000000000023,64070
L,303.1,311.2,1399,49.2,111,0,0,0,0,0,0,8.099999999999966,68830.8
L,303.1,311.1,1420,55.8,113,0,0,0,0,0,0,8,79236
L,303,311,1359,44.2,115,1,0,1,0,0,0,8,60067.8
M,303,311.1,1372,54.3,117,1,0,1,0,0,0,8.100000000000023,74499.59999999999
M,303,311,1409,41.7,120,0,0,0,0,0,0,8,58755.3
H,302.9,311,1452,58.3,123,0,0,0,0,0,0,8.100000000000023,84651.59999999999
L,302.9,311,1820,24.6,128,0,0,0,0,0,0,8.100000000000023,44772
H,302.9,311,1469,48.7,130,0,0,0,0,0,0,8.100000000000023,71540.3
L,302.9,311.1,1556,45.3,135,0,0,0,0,0,0,8.200000000000045,70486.79999999999
L,303,311.1,1980,20.2,137,0,0,0,0,0,0,8.100000000000023,39996
M,303,311.2,1519,38,139,0,0,0,0,0,0,8.199999999999989,57722
L,303,311.2,1456,44,142,0,0,0,0,0,0,8.199999999999989,64064
L,303.1,311.2,1394,45.3,144,0,0,0,0,0,0,8.099999999999966,63148.2
L,303,311.3,1365,56.2,146,1,0,1,0,0,0,8.300000000000011,76713
L,303,311.3,2194,16.5,148,0,0,0,0,0,0,8.300000000000011,36201
L,303.1,311.3,1403,55.6,150,0,0,0,0,0,0,8.199999999999989,78006.8
H,303,311.2,1503,37,152,0,0,0,0,0,0,8.199999999999989,55611
L,303,311.3,1793,29.3,157,0,0,0,0,0,0,8.300000000000011,52534.9
L,303.1,311.4,1829,24.5,159,0,0,0,0,0,0,8.299999999999955,44810.5
M,303.1,311.4,1831,23.3,161,0,0,0,0,0,0,8.299999999999955,42662.3
M,303,311.3,1335,53.6,164,1,0,1,0,0,0,8.300000000000011,71556
H,303.1,311.3,2056,19.7,167,0,0,0,0,0,0,8.199999999999989,40503.2
L,303.1,311.3,1336,52.6,172,1,0,1,0,0,0,8.199999999999989,70273.6
L,303,311.2,1341,51,174,1,0,1,0,0,0,8.199999999999989,68391
M,303,311.1,1526,37.3,176,0,0,0,0,0,0,8.100000000000023,56919.799999999996
L,303,311.1,1525,40.7,179,0,0,0,0,0,0,8.100000000000023,62067.50000000001
M,303,311.1,1428,39.8,181,0,0,0,0,0,0,8.100000000000023,56834.399999999994
L,303,311.2,1511,45.7,184,0,0,0,0,0,0,8.199999999999989,69052.7
L,303,311.2,1664,29.8,186,0,0,0,0,0,0,8.199999999999989,49587.200000000004
M,303,311.2,1592,38.9,188,0,0,0,0,0,0,8.199999999999989,61928.799999999996
M,303,311.1,1597,36.7,191,0,0,0,0,0,0,8.100000000000023,58609.9
L,303,311.2,1735,26.1,194,0,0,0,0,0,0,8.199999999999989,45283.5
L,302.9,311.2,1751,23.8,196,0,0,0,0,0,0,8.300000000000011,41673.8
L,303,311.2,1383,44.6,198,0,0,0,0,0,0,8.199999999999989,61681.8
M,302.9,311.2,1330,53.7,200,1,0,1,0,0,0,8.300000000000011,71421
L,303,311.2,1382,50.5,203,0,0,0,0,0,0,8.199999999999989,69791
L,303,311.2,1755,30.4,205,0,0,0,0,0,0,8.199999999999989,53352
M,303,311.2,1614,35.7,207,0,0,0,0,0,0,8.199999999999989,57619.8
L,303,311.3,1466,43,210,0,0,0,0,0,0,8.300000000000011,63038
M,303.1,311.3,1847,24.7,212,0,0,0,0,0,0,8.199999999999989,45620.9
L,303.1,311.3,1474,34.8,215,0,0,0,0,0,0,8.199999999999989,51295.2
L,303.1,311.3,1657,31.8,217,0,0,0,0,0,0,8.199999999999989,52692.6
L,303.1,311.2,1435,40.1,219,0,0,0,0,0,0,8.099999999999966,57543.5
H,303.1,311.3,1494,42.7,221,0,0,0,0,0,0,8.199999999999989,63793.8
L,303.2,311.4,1238,54.6,226,1,0,1,0,1,0,8.199999999999989,67594.8
L,303.2,311.4,1324,54.2,228,1,0,1,0,1,0,8.199999999999989,71760.8
L,303.2,311.4,1514,41.2,230,0,0,0,0,0,0,8.199999999999989,62376.8
L,303.3,311.4,1732,25.6,232,0,0,0,0,0,0,8.099999999999966,44339.200000000004
L,303.3,311.4,1497,46,234,1,1,0,0,0,0,8.099999999999966,68862
L,303.3,311.4,1958,21.5,0,0,0,0,0,0,0,8.099999999999966,42097
L,303.3,311.4,1630,32.5,2,0,0,0,0,0,0,8.099999999999966,52975
M,303.3,311.4,1395,59.1,4,0,0,0,0,0,0,8.099999999999966,82444.5
L,303.3,311.4,1658,30.5,7,0,0,0,0,0,0,8.099999999999966,50569
L,303.2,311.4,1349,51.1,9,1,0,1,0,0,0,8.199999999999989,68933.90000000001
L,303.1,311.2,1452,52.9,11,0,0,0,0,0,0,8.099999999999966,76810.8
M,303.1,311.1,1594,35.5,13,0,0,0,0,0,0,8,56587
M,303.1,311,1510,47.6,16,0,0,0,0,0,0,7.899999999999977,71876
L,303.1,311.1,1854,22.6,19,0,0,0,0,0,0,8,41900.4
L,303.1,311.2,1626,32.3,21,0,0,0,0,0,0,8.099999999999966,52519.799999999996
L,303.1,311.2,1628,35.2,23,0,0,0,0,0,0,8.099999999999966,57305.600000000006
L,303.1,311.2,1679,34.8,25,0,0,0,0,0,0,8.099999999999966,58429.2
M,303.1,311.2,1489,44.5,27,0,0,0,0,0,0,8.099999999999966,66260.5
L,303.2,311.2,1439,43.9,30,0,0,0,0,0,0,8,63172.1
L,303.3,311.3,1350,48.1,32,1,0,1,0,0,0,8,64935
H,303.3,311.2,1607,31.7,34,0,0,0,0,0,0,7.899999999999977,50941.9
L,303.3,311.3,1389,53.9,39,0,0,0,0,0,0,8,74867.09999999999
M,303.3,311.3,1566,46.1,41,0,0,0,0,0,0,8,72192.6
M,303.4,311.4,1307,54,44,1,0,1,0,0,0,8,70578
M,303.3,311.5,1569,36.6,47,0,0,0,0,0,0,8.199999999999989,57425.4
H,303.3,311.4,1651,30.6,50,0,0,0,0,0,0,8.099999999999966,50520.600000000006
H,303.3,311.4,1692,27.9,55,0,0,0,0,0,0,8.099999999999966,47206.799999999996
M,303.3,311.5,1373,47.3,60,1,0,1,0,0,0,8.199999999999989,64942.899999999994
L,303.2,311.4,1610,35.5,63,0,0,0,0,0,0,8.199999999999989,57155
L,303.3,311.4,1511,43.4,65,0,0,0,0,0,0,8.099999999999966,65577.4
L,303.3,311.5,1412,55.6,67,0,0,0,0,0,0,8.199999999999989,78507.2
L,303.4,311.5,1501,36.2,69,0,0,0,0,0,0,8.100000000000023,54336.200000000004
L,303.4,311.5,1414,44.8,71,0,0,0,0,0,0,8.100000000000023,63347.2
H,303.5,311.5,1629,33.5,73,0,0,0,0,0,0,8,54571.5
L,303.4,311.5,1879,21.3,78,0,0,0,0,0,0,8.100000000000023,40022.700000000004
H,303.5,311.6,1466,47,80,0,0,0,0,0,0,8.100000000000023,68902
H,303.6,311.7,1476,40.1,85,0,0,0,0,0,0,8.099999999999966,59187.6
L,303.6,311.8,1695,30.7,90,0,0,0,0,0,0,8.199999999999989,52036.5
L,303.6,311.7,1491,39.8,92,0,0,0,0,0,0,8.099999999999966,59341.799999999996
M,303.6,311.8,1659,34.7,94,0,0,0,0,0,0,8.199999999999989,57567.3
L,303.6,311.8,1567,31.7,97,0,0,0,0,0,0,8.199999999999989,49673.9
L,303.6,311.8,1736,32.9,99,0,0,0,0,0,0,8.199999999999989,57114.399999999994
M,303.6,311.8,1421,44.8,101,1,0,0,0,0,0,8.199999999999989,63660.799999999996
M,303.6,311.8,1627,30.8,104,0,0,0,0,0,0,8.199999999999989,50111.6
M,303.5,311.6,1562,34.2,107,0,0,0,0,0,0,8.100000000000023,53420.4
L,303.5,311.6,2183,17,110,0,0,0,0,0,0,8.100000000000023,37111
L,303.5,311.6,1577,38.1,112,0,0,0,0,0,0,8.100000000000023,60083.700000000004
M,303.4,311.5,1560,36.4,114,0,0,0,0,0,0,8.100000000000023,56784
M,303.4,311.5,1483,43,117,0,0,0,0,0,0,8.100000000000023,63769
L,303.5,311.5,1535,33.3,120,0,0,0,0,0,0,8,51115.49999999999
M,303.4,311.4,1606,29.6,122,0,0,0,0,0,0,8,47537.600000000006
M,303.4,311.5,1817,24.7,125,0,0,0,0,0,0,8.100000000000023,44879.9
L,303.4,311.5,1424,50.8,128,0,0,0,0,0,0,8.100000000000023,72339.2
L,303.3,311.6,1514,34.7,130,0,0,0,0,0,0,8.300000000000011,52535.8
L,303.4,311.6,1449,41.7,132,0,0,0,0,0,0,8.200000000000045,60423.3
M,303.5,311.6,1573,34,134,0,0,0,0,0,0,8.100000000000023,53482
L,303.4,311.6,1564,41.9,137,0,0,0,0,0,0,8.200000000000045,65531.6
L,303.5,311.6,1428,46.2,139,0,0,0,0,0,0,8.100000000000023,65973.6
L,303.5,311.7,1620,31,141,0,0,0,0,0,0,8.199999999999989,50220
H,303.5,311.7,1584,32.7,143,0,0,0,0,0,0,8.199999999999989,51796.8
L,303.6,311.8,1222,66.8,148,1,0,1,0,0,0,8.199999999999989,81629.59999999999
M,303.6,311.8,1432,42.5,150,0,0,0,0,0,0,8.199999999999989,60860
L,303.7,311.9,1561,33.3,153,0,0,0,0,0,0,8.199999999999989,51981.299999999996
L,303.6,311.8,1614,33.2,155,0,0,0,0,0,0,8.199999999999989,53584.8
L,303.5,311.7,1959,22.3,157,0,0,0,0,0,0,8.199999999999989,43685.700000000004
L,303.5,311.8,1944,23.5,159,0,0,0,0,0,0,8.300000000000011,45684
L,303.4,311.7,1793,25.8,161,0,0,0,0,0,0,8.300000000000011,46259.4
M,303.4,311.6,1446,50,163,0,0,0,0,0,0,8.200000000000045,72300
L,303.4,311.7,1673,32.2,166,0,0,0,0,0,0,8.300000000000011,53870.600000000006
M,303.4,311.7,1515,44.2,168,0,0,0,0,0,0,8.300000000000011,66963
L,303.4,311.8,1564,35.9,171,0,0,0,0,0,0,8.400000000000034,56147.6
L,303.5,311.8,1451,45.2,173,0,0,0,0,0,0,8.300000000000011,65585.2
H,303.4,311.8,1693,28.3,175,0,0,0,0,0,0,8.400000000000034,47911.9
L,303.4,311.7,1476,42.3,180,0,0,0,0,0,0,8.300000000000011,62434.799999999996
L,303.4,311.6,1712,30.1,182,0,0,0,0,0,0,8.200000000000045,51531.200000000004
M,303.4,311.6,1425,45.4,184,0,0,0,0,0,0,8.200000000000045,64695
L,303.3,311.6,1337,56.8,187,1,0,1,0,0,0,8.300000000000011,75941.59999999999
M,303.4,311.7,1690,34.9,189,0,0,0,0,0,0,8.300000000000011,58981
M,303.4,311.7,1353,44.1,192,1,0,1,0,0,0,8.300000000000011,59667.3
L,303.5,311.8,1927,21.9,195,0,0,0,0,0,0,8.300000000000011,42201.299999999996
M,303.4,311.8,1391,42.7,197,0,0,0,0,0,0,8.400000000000034,59395.700000000004
L,303.4,311.8,1366,50.9,200,1,0,1,0,0,0,8.400000000000034,69529.4
L,303.4,311.9,1771,31.6,202,0,0,0,0,0,0,8.5,55963.600000000006
M,303.4,311.8,1515,42.6,204,0,0,0,0,0,0,8.400000000000034,64539
M,303.4,311.8,2133,18.3,207,0,0,0,0,0,0,8.400000000000034,39033.9
M,303.4,311.8,1341,47,210,1,0,1,0,0,0,8.400000000000034,63027
L,303.4,311.7,1406,47.1,213,0,0,0,0,0,0,8.300000000000011,66222.6
L,303.4,311.8,1306,61,215,1,0,1,0,1,0,8.400000000000034,79666
L,303.3,311.7,1508,35.5,217,0,0,0,0,0,0,8.399999999999977,53534
L,303.3,311.6,1301,45.1,219,1,0,1,0,0,0,8.300000000000011,58675.1
L,303.3,311.7,1539,38.5,221,0,0,0,0,0,0,8.399999999999977,59251.5
L,303.3,311.6,1484,44.6,223,0,0,0,0,0,0,8.300000000000011,66186.40000000001
L,303.2,311.5,1507,39.2,225,0,0,0,0,0,0,8.300000000000011,59074.4
L,303.2,311.5,1544,42.5,227,0,0,0,0,0,0,8.300000000000011,65620
L,303.2,311.5,1513,37.9,0,0,0,0,0,0,0,8.300000000000011,57342.7
M,303.2,311.5,1336,58.2,2,1,0,1,0,0,0,8.300000000000011,77755.2
M,303.2,311.4,2102,19,5,0,0,0,0,0,0,8.199999999999989,39938
L,303.2,311.4,1351,53.8,8,1,0,1,0,0,0,8.199999999999989,72683.8
L,303.3,311.5,1601,35.2,10,0,0,0,0,0,0,8.199999999999989,56355.200000000004
L,303.2,311.3,1393,52.9,12,0,0,0,0,0,0,8.100000000000023,73689.7
L,303.3,311.3,1592,33.7,14,0,0,0,0,0,0,8,53650.4
L,303.3,311.3,1409,51.8,16,0,0,0,0,0,0,8,72986.2
L,303.3,311.3,1393,47.4,18,0,0,0,0,0,0,8,66028.2
H,303.2,311.2,1475,43.1,20,0,0,0,0,0,0,8,63572.5
L,303.2,311.2,1427,45.6,25,0,0,0,0,0,0,8,65071.200000000004
L,303.3,311.2,1763,27.3,27,0,0,0,0,0,0,7.899999999999977,48129.9
L,303.2,311.2,1363,46.7,29,1,0,1,0,0,0,8,63652.100000000006
L,303.2,311.2,1404,50.9,31,0,0,0,0,0,0,8,71463.59999999999
M,303.2,311.2,1688,31.9,33,0,0,0,0,0,0,8,53847.2
L,303.3,311.4,1510,37.3,36,0,0,0,0,0,0,8.099999999999966,56322.99999999999
H,303.3,311.3,1502,39.5,38,0,0,0,0,0,0,8,59329
H,303.2,311.4,1607,36.6,43,0,0,0,0,0,0,8.199999999999989,58816.200000000004
M,303.3,311.5,1384,54.8,48,0,0,0,0,0,0,8.199999999999989,75843.2
L,303.4,311.7,1295,51.3,51,1,0,1,0,0,0,8.300000000000011,66433.5
H,303.4,311.7,1991,19,53,0,0,0,0,0,0,8.300000000000011,37829
L,303.4,311.6,1497,42.8,58,0,0,0,0,0,0,8.200000000000045,64071.6
L,303.5,311.6,1465,48.7,60,0,0,0,0,0,0,8.100000000000023,71345.5
L,303.5,311.6,1361,46.5,62,1,0,1,0,0,0,8.100000000000023,63286.5
L,303.6,311.7,1546,38.5,64,0,0,0,0,0,0,8.099999999999966,59521
H,303.7,311.9,1332,52.7,66,1,0,1,0,0,0,8.199999999999989,70196.40000000001
M,303.7,312,2663,11.4,71,1,0,0,1,0,0,8.300000000000011,30358.2
L,303.7,312.1,1443,45.9,74,0,0,0,0,0,0,8.400000000000034,66233.7
M,303.7,312,1402,48.6,76,0,0,0,0,0,0,8.300000000000011,68137.2
L,303.7,312,1892,22.5,79,0,0,0,0,0,0,8.300000000000011,42570
M,303.6,312,1645,35.7,81,0,0,0,0,0,0,8.399999999999977,58726.50000000001
L,303.6,311.9,1473,50.1,84,0,0,0,0,0,0,8.299999999999955,73797.3
L,303.6,312,1309,52.9,86,1,0,1,0,0,0,8.399999999999977,69246.09999999999
H,303.6,311.9,1544,37.1,88,0,0,0,0,0,0,8.299999999999955,57282.4
L,303.5,311.9,1344,49.3,93,1,0,1,0,0,0,8.399999999999977,66259.2
M,303.6,311.9,1617,36,95,0,0,0,0,0,0,8.299999999999955,58212
M,303.6,312,1435,37.9,98,0,0,0,0,0,0,8.399999999999977,54386.5
L,303.6,312,1391,50.3,101,0,0,0,0,0,0,8.399999999999977,69967.3
L,303.6,312,1827,23.3,103,0,0,0,0,0,0,8.399999999999977,42569.1
L,303.5,312,1761,25.8,105,0,0,0,0,0,0,8.5,45433.8
L,303.5,312.1,1522,36.4,107,0,0,0,0,0,0,8.600000000000023,55400.799999999996
M,303.5,312.2,1818,23.6,109,0,0,0,0,0,0,8.699999999999989,42904.8
H,303.6,312.2,1371,54.6,112,1,0,1,0,0,0,8.599999999999966,74856.6
L,303.7,312.3,1511,38.9,117,0,0,0,0,0,0,8.600000000000023,58777.9
L,303.7,312.4,1404,46.6,119,0,0,0,0,0,0,8.699999999999989,65426.4
L,303.7,312.3,1384,45.9,121,0,0,0,0,0,0,8.600000000000023,63525.6
L,303.8,312.5,1368,52.6,123,0,0,0,0,0,0,8.699999999999989,71956.8
L,303.7,312.5,1641,36,125,0,0,0,0,0,0,8.800000000000011,59076
L,303.9,312.6,1642,32.3,127,0,0,0,0,0,0,8.700000000000045,53036.6
H,303.9,312.7,1401,50,129,0,0,0,0,0,0,8.800000000000011,70050
L,303.8,312.6,1577,41.3,134,0,0,0,0,0,0,8.800000000000011,65130.1
L,303.7,312.6,1396,44.1,136,0,0,0,0,0,0,8.900000000000034,61563.6
H,303.7,312.6,1514,35.5,138,0,0,0,0,0,0,8.900000000000034,53747
L,303.8,312.8,1646,35.8,143,0,0,0,0,0,0,9,58926.799999999996
L,303.8,312.8,1443,40.7,145,0,0,0,0,0,0,9,58730.100000000006
M,303.7,312.7,1469,48.5,147,0,0,0,0,0,0,9,71246.5
H,303.7,312.7,1564,40.2,150,0,0,0,0,0,0,9,62872.8
H,303.6,312.6,1498,40.2,155,0,0,0,0,0,0,9,60219.600000000006
L,303.6,312.6,1699,27.9,160,0,0,0,0,0,0,9,47402.1
L,303.6,312.5,1431,49,162,0,0,0,0,0,0,8.899999999999977,70119
L,303.5,312.4,1390,47.3,164,0,0,0,0,0,0,8.899999999999977,65747
L,303.5,312.5,1380,46.1,166,0,0,0,0,0,0,9,63618
L,303.5,312.5,1457,46.4,168,0,0,0,0,0,0,9,67604.8
L,303.5,312.5,1418,42.2,170,0,0,0,0,0,0,9,59839.600000000006
M,303.5,312.5,1353,51,172,0,0,0,0,0,0,9,69003
L,303.5,312.4,1574,32.7,175,0,0,0,0,0,0,8.899999999999977,51469.8
M,303.5,312.4,1318,54.2,177,0,0,0,0,0,0,8.899999999999977,71435.6
L,303.6,312.5,1710,31.4,180,0,0,0,0,0,0,8.899999999999977,53694
L,303.7,312.6,1621,38.8,182,0,0,0,0,0,0,8.900000000000034,62894.799999999996
L,303.6,312.6,1606,33.6,184,0,0,0,0,0,0,9,53961.600000000006
H,303.6,312.5,1375,54,186,0,0,0,0,0,0,8.899999999999977,74250
L,303.5,312.4,1503,36.5,191,0,0,0,0,0,0,8.899999999999977,54859.5
L,303.5,312.3,1404,48.6,193,0,0,0,0,0,0,8.800000000000011,68234.40000000001
L,303.4,312.2,1656,32.7,195,0,0,0,0,0,0,8.800000000000011,54151.200000000004
M,303.4,312.1,1499,39.4,197,0,0,0,0,0,0,8.700000000000045,59060.6
M,303.4,312,1748,28.4,200,0,0,0,0,0,0,8.600000000000023,49643.2
L,303.4,311.9,1531,37.9,203,0,0,0,0,0,0,8.5,58024.9
M,303.3,311.8,1536,40.6,205,0,0,0,0,0,0,8.5,62361.600000000006
L,303.4,311.8,1401,53,208,1,0,0,0,1,0,8.400000000000034,74253
H,303.4,311.9,1534,33.2,210,0,0,0,0,0,0,8.5,50928.8
L,303.4,312,1521,35.9,215,1,1,0,0,0,0,8.600000000000023,54603.9
L,303.5,312.1,1674,30.8,0,0,0,0,0,0,0,8.600000000000023,51559.200000000004
M,303.6,312.1,1967,20.9,2,0,0,0,0,0,0,8.5,41110.299999999996
L,303.6,312.2,1696,30.7,5,0,0,0,0,0,0,8.599999999999966,52067.2
M,303.6,312.1,1627,32.5,7,0,0,0,0,0,0,8.5,52877.5
L,303.5,311.9,1405,45.6,10,0,0,0,0,0,0,8.399999999999977,64068
L,303.5,311.9,1565,38.9,12,0,0,0,0,0,0,8.399999999999977,60878.5
L,303.5,311.9,1493,38.7,14,0,0,0,0,0,0,8.399999999999977,57779.100000000006
L,303.4,311.8,1499,45,16,0,0,0,0,0,0,8.400000000000034,67455
L,303.3,311.8,1692,30.6,18,0,0,0,0,0,0,8.5,51775.200000000004
L,303.4,311.8,2268,15.8,20,0,0,0,0,0,0,8.400000000000034,35834.4
L,303.4,311.8,1438,58.9,22,0,0,0,0,0,0,8.400000000000034,84698.2
L,303.5,311.9,1515,39.2,24,0,0,0,0,0,0,8.399999999999977,59388.00000000001
L,303.4,311.9,1491,38.2,26,0,0,0,0,0,0,8.5,56956.200000000004
L,303.5,312,1756,29.7,28,0,0,0,0,0,0,8.5,52153.2
L,303.5,312,1366,54.5,30,1,0,1,0,0,0,8.5,74447
L,303.5,312,1436,45.1,32,0,0,0,0,0,0,8.5,64763.6
L,303.4,311.9,1377,41.6,34,1,0,1,0,0,0,8.5,57283.200000000004
M,303.4,311.9,1510,42.2,36,0,0,0,0,0,0,8.5,63722.00000000001
M,303.4,311.9,1419,50.9,39,0,0,0,0,0,0,8.5,72227.09999999999
L,303.3,311.8,1315,62,42,1,0,1,0,0,0,8.5,81530
H,303.3,311.8,1806,27.7,44,0,0,0,0,0,0,8.5,50026.2
H,303.3,311.8,1649,29.4,49,0,0,0,0,0,0,8.5,48480.6
H,303.4,311.9,1402,50,54,0,0,0,0,0,0,8.5,70100
L,303.4,311.9,1298,63.9,59,1,0,1,0,0,0,8.5,82942.2
M,303.3,311.8,1441,44.9,61,0,0,0,0,0,0,8.5,64700.9
M,303.3,311.8,1489,49.4,64,0,0,0,0,0,0,8.5,73556.59999999999
L,303.3,311.8,1842,24.5,67,0,0,0,0,0,0,8.5,45129
M,303.4,311.8,1316,50.9,69,1,0,1,0,0,0,8.400000000000034,66984.4
M,303.3,311.8,1583,33.3,72,0,0,0,0,0,0,8.5,52713.899999999994
M,303.3,311.8,1548,33.5,75,0,0,0,0,0,0,8.5,51858
L,303.4,311.9,1434,44.6,78,0,0,0,0,0,0,8.5,63956.4
H,303.5,312,1397,52.9,80,0,0,0,0,0,0,8.5,73901.3
M,303.5,312,1475,42.9,85,0,0,0,0,0,0,8.5,63277.5
L,303.5,312,1441,56.8,88,0,0,0,0,0,0,8.5,81848.8
L,303.7,312.1,1363,51.8,90,1,0,1,0,0,0,8.400000000000034,70603.4
L,303.7,312.2,1619,34.9,92,0,0,0,0,0,0,8.5,56503.1
L,303.7,312.2,1487,34,94,0,0,0,0,0,0,8.5,50558
L,303.7,312.2,1568,33.8,96,0,0,0,0,0,0,8.5,52998.399999999994
L,303.7,312.3,1375,46.2,98,0,0,0,0,0,0,8.600000000000023,63525.00000000001
M,303.6,312.3,1698,31.3,100,0,0,0,0,0,0,8.699999999999989,53147.4
L,303.7,312.3,1606,37.4,103,0,0,0,0,0,0,8.600000000000023,60064.399999999994
L,303.7,312.3,1349,51,105,0,0,0,0,0,0,8.600000000000023,68799
L,303.7,312.4,1535,38.6,107,0,0,0,0,0,0,8.699999999999989,59251
M,303.6,312.4,1504,49.5,109,0,0,0,0,0,0,8.799999999999955,74448
L,303.5,312.3,1946,21.1,112,0,0,0,0,0,0,8.800000000000011,41060.600000000006
L,303.5,312.1,1326,55.7,114,0,0,0,0,0,0,8.600000000000023,73858.2
M,303.6,312.3,1915,22.3,116,0,0,0,0,0,0,8.699999999999989,42704.5
L,303.6,312.3,1451,43.4,119,0,0,0,0,0,0,8.699999999999989,62973.4
M,303.5,312.3,1624,34.8,121,0,0,0,0,0,0,8.800000000000011,56515.2
L,303.6,312.4,1781,28.7,124,0,0,0,0,0,0,8.799999999999955,51114.7
L,303.6,312.5,1345,54.1,126,0,0,0,0,0,0,8.899999999999977,72764.5
L,303.6,312.4,1418,46,128,0,0,0,0,0,0,8.799999999999955,65228
L,303.7,312.4,1718,26.5,130,0,0,0,0,0,0,8.699999999999989,45527
M,303.7,312.4,1631,28.5,132,0,0,0,0,0,0,8.699999999999989,46483.5
L,303.7,312.4,1513,40.1,135,0,0,0,0,0,0,8.699999999999989,60671.3
L,303.7,312.4,1316,59.3,137,0,0,0,0,0,0,8.699999999999989,78038.8
M,303.7,312.4,1474,38.8,139,0,0,0,0,0,0,8.699999999999989,57191.2
L,303.8,312.5,1619,30.9,142,0,0,0,0,0,0,8.699999999999989,50027.1
L,303.7,312.4,1702,31.2,144,0,0,0,0,0,0,8.699999999999989,53102.4
M,303.7,312.4,1540,37.4,146,0,0,0,0,0,0,8.699999999999989,57596
M,303.7,312.4,1546,33.7,149,0,0,0,0,0,0,8.699999999999989,52100.200000000004
L,303.7,312.4,1348,51,152,0,0,0,0,0,0,8.699999999999989,68748
H,303.7,312.5,1520,35.6,154,0,0,0,0,0,0,8.800000000000011,54112
M,303.8,312.6,1527,41.9,159,0,0,0,0,0,0,8.800000000000011,63981.299999999996
M,303.8,312.6,1406,47.1,162,0,0,0,0,0,0,8.800000000000011,66222.6
L,303.7,312.5,1462,46.2,165,0,0,0,0,0,0,8.800000000000011,67544.40000000001
M,303.8,312.6,1684,29.3,167,0,0,0,0,0,0,8.800000000000011,49341.200000000004
H,303.8,312.5,1655,28,170,0,0,0,0,0,0,8.699999999999989,46340
H,303.8,312.5,1748,25.1,175,0,0,0,0,0,0,8.699999999999989,43874.8
L,303.8,312.5,1372,45.7,180,0,0,0,0,0,0,8.699999999999989,62700.4
L,303.7,312.5,1481,33.3,182,0,0,0,0,0,0,8.800000000000011,49317.299999999996
L,303.7,312.4,1512,39.2,184,0,0,0,0,0,0,8.699999999999989,59270.4
L,303.7,312.5,1632,36.6,186,0,0,0,0,0,0,8.800000000000011,59731.200000000004
L,303.7,312.4,1525,43.9,188,0,0,0,0,0,0,8.699999999999989,66947.5
M,303.7,312.3,1756,26.4,190,0,0,0,0,0,0,8.600000000000023,46358.399999999994
L,303.7,312.3,1922,23.1,193,0,0,0,0,0,0,8.600000000000023,44398.200000000004
M,303.8,312.5,1448,44.3,195,0,0,0,0,0,0,8.699999999999989,64146.399999999994
H,303.8,312.5,1447,46.6,198,0,0,0,0,0,0,8.699999999999989,67430.2
M,303.8,312.4,1597,33.4,203,0,0,0,0,0,0,8.599999999999966,53339.799999999996
M,303.7,312.4,1642,32.3,206,0,0,0,0,0,0,8.699999999999989,53036.6
H,303.8,312.5,1525,38,209,0,0,0,0,0,0,8.699999999999989,57950
H,303.6,312.4,1460,53.7,214,0,0,0,0,0,0,8.799999999999955,78402
L,303.6,312.3,2168,17.7,219,0,0,0,0,0,0,8.699999999999989,38373.6
L,303.6,312.4,1388,41.9,221,0,0,0,0,0,0,8.799999999999955,58157.2
M,303.6,312.3,1630,32.4,223,0,0,0,0,0,0,8.699999999999989,52812
L,303.6,312.3,1616,29.3,226,0,0,0,0,0,0,8.699999999999989,47348.8
L,303.6,312.4,2232,16.8,0,0,0,0,0,0,0,8.799999999999955,37497.6
H,303.6,312.4,1480,50.7,2,0,0,0,0,0,0,8.799999999999955,75036
L,303.6,312.4,1363,53.1,7,0,0,0,0,0,0,8.799999999999955,72375.3
H,303.6,312.4,1436,45.6,9,0,0,0,0,0,0,8.799999999999955,65481.6
M,303.6,312.5,1607,33.7,14,0,0,0,0,0,0,8.899999999999977,54155.9
M,303.6,312.5,1459,48.2,17,0,0,0,0,0,0,8.899999999999977,70323.8
L,303.5,312.4,1481,43.7,20,0,0,0,0,0,0,8.899999999999977,64719.700000000004
M,303.5,312.4,1606,31.7,22,0,0,0,0,0,0,8.899999999999977,50910.2
L,303.5,312.3,1681,29.8,25,0,0,0,0,0,0,8.800000000000011,50093.8
L,303.5,312.2,1511,37.1,27,0,0,0,0,0,0,8.699999999999989,56058.1
M,303.5,312.3,1593,35.2,29,0,0,0,0,0,0,8.800000000000011,56073.600000000006
M,303.5,312.3,1532,41.7,32,0,0,0,0,0,0,8.800000000000011,63884.4
H,303.5,312.3,1386,49,35,0,0,0,0,0,0,8.800000000000011,67914
H,303.4,312.3,1769,27.9,40,0,0,0,0,0,0,8.900000000000034,49355.1
M,303.4,312.2,1561,38.2,45,0,0,0,0,0,0,8.800000000000011,59630.200000000004
L,303.3,312.2,1457,40.7,48,0,0,0,0,0,0,8.899999999999977,59299.9
L,303.3,312.2,1506,40,50,0,0,0,0,0,0,8.899999999999977,60240
L,303.4,312.2,1337,69.4,52,1,0,0,1,0,0,8.800000000000011,92787.8
L,303.4,312.3,1287,54.8,54,0,0,0,0,0,0,8.900000000000034,70527.59999999999
M,303.4,312.2,1615,35.7,56,0,0,0,0,0,0,8.800000000000011,57655.50000000001
M,303.4,312.2,1972,23.5,59,0,0,0,0,0,0,8.800000000000011,46342
H,303.4,312.3,1522,42.1,62,0,0,0,0,0,0,8.900000000000034,64076.200000000004
L,303.4,312.3,1680,30.6,67,0,0,0,0,0,0,8.900000000000034,51408
L,303.4,312.3,1502,36,69,0,0,0,0,0,0,8.900000000000034,54072
M,303.5,312.3,1543,33.3,71,0,0,0,0,0,0,8.800000000000011,51381.899999999994
L,303.5,312.3,1584,35.2,74,0,0,0,0,0,0,8.800000000000011,55756.8
L,303.5,312.4,1340,44.5,76,0,0,0,0,0,0,8.899999999999977,59630
L,303.4,312.3,1663,33.9,78,0,0,0,0,0,0,8.900000000000034,56375.7
M,303.3,312.1,1693,30,80,0,0,0,0,0,0,8.800000000000011,50790
L,303.3,312.1,1418,44.7,83,0,0,0,0,0,0,8.800000000000011,63384.600000000006
H,303.4,312.2,1554,36.8,85,0,0,0,0,0,0,8.800000000000011,57187.2
L,303.4,312.2,1580,35.8,90,0,0,0,0,0,0,8.800000000000011,56563.99999999999
L,303.4,312.3,1479,42.8,92,0,0,0,0,0,0,8.900000000000034,63301.2
L,303.5,312.4,1284,70.6,94,1,0,0,1,0,0,8.899999999999977,90650.4
L,303.4,312.3,1540,38.7,96,0,0,0,0,0,0,8.900000000000034,59598.00000000001
M,303.5,312.4,1606,30.1,98,0,0,0,0,0,0,8.899999999999977,48340.600000000006
L,303.6,312.5,1286,62.4,101,0,0,0,0,0,0,8.899999999999977,80246.4
L,303.6,312.6,1502,39.5,103,0,0,0,0,0,0,9,59329
M,303.6,312.7,1699,31.5,105,0,0,0,0,0,0,9.099999999999966,53518.5
L,303.5,312.6,1602,34.2,108,0,0,0,0,0,0,9.100000000000023,54788.4
H,303.6,312.6,1436,42,110,0,0,0,0,0,0,9,60312
M,303.6,312.7,1765,27.5,115,0,0,0,0,0,0,9.099999999999966,48537.5
L,303.6,312.7,1418,44.1,118,0,0,0,0,0,0,9.099999999999966,62533.8
M,303.7,312.7,1669,31.7,120,0,0,0,0,0,0,9,52907.299999999996
L,303.7,312.7,1395,53.9,123,0,0,0,0,0,0,9,75190.5
M,303.8,312.7,1500,41.7,125,0,0,0,0,0,0,8.899999999999977,62550.00000000001
M,303.8,312.7,1555,33.4,128,0,0,0,0,0,0,8.899999999999977,51937
M,303.8,312.7,1919,20.2,131,0,0,0,0,0,0,8.899999999999977,38763.799999999996
L,303.8,312.7,1596,36.6,134,0,0,0,0,0,0,8.899999999999977,58413.600000000006
M,303.8,312.7,1374,53.6,136,0,0,0,0,0,0,8.899999999999977,73646.40000000001
L,303.7,312.5,1670,26.1,139,0,0,0,0,0,0,8.800000000000011,43587
L,303.7,312.6,1702,29.1,141,0,0,0,0,0,0,8.900000000000034,49528.200000000004
M,303.8,312.5,1366,45.1,143,0,0,0,0,0,0,8.699999999999989,61606.6
M,303.8,312.5,2344,15.2,146,0,0,0,0,0,0,8.699999999999989,35628.799999999996
M,303.8,312.6,1768,23.9,149,0,0,0,0,0,0,8.800000000000011,42255.2
L,303.8,312.5,1523,47,152,0,0,0,0,0,0,8.699999999999989,71581
L,303.8,312.6,1735,25.9,154,0,0,0,0,0,0,8.800000000000011,44936.5
L,303.9,312.7,1339,62.3,156,0,0,0,0,0,0,8.800000000000011,83419.7
L,303.9,312.7,1800,24.3,158,0,0,0,0,0,0,8.800000000000011,43740
M,304,312.7,1456,51.2,160,0,0,0,0,0,0,8.699999999999989,74547.2
L,303.9,312.7,1789,24.4,163,0,0,0,0,0,0,8.800000000000011,43651.6
L,303.9,312.7,1602,33.9,165,0,0,0,0,0,0,8.800000000000011,54307.799999999996
M,303.8,312.7,1364,49.3,167,0,0,0,0,0,0,8.899999999999977,67245.2
L,303.8,312.6,1793,28.1,170,0,0,0,0,0,0,8.800000000000011,50383.3
L,303.9,312.6,1426,53.4,172,0,0,0,0,0,0,8.700000000000045,76148.4
M,303.9,312.7,1485,43.3,174,0,0,0,0,0,0,8.800000000000011,64300.49999999999
L,303.9,312.7,1528,38.4,177,0,0,0,0,0,0,8.800000000000011,58675.2
L,303.8,312.6,1565,36,179,0,0,0,0,0,0,8.800000000000011,56340
L,303.8,312.7,1838,27.8,181,0,0,0,0,0,0,8.899999999999977,51096.4
H,303.8,312.6,1811,24.9,183,0,0,0,0,0,0,8.800000000000011,45093.899999999994
L,303.8,312.7,1461,38.2,188,0,0,0,0,0,0,8.899999999999977,55810.200000000004
L,303.8,312.7,1414,41.7,190,0,0,0,0,0,0,8.899999999999977,58963.8
L,303.7,312.7,1426,45.5,192,0,0,0,0,0,0,9,64883
L,303.7,312.7,1359,56.8,194,1,0,0,0,1,0,9,77191.2
L,303.7,312.7,1540,44.8,196,0,0,0,0,0,0,9,68992
L,303.6,312.7,1429,47.7,198,0,0,0,0,0,0,9.099999999999966,68163.3
M,303.7,312.7,1612,36.3,200,0,0,0,0,0,0,9,58515.6
M,303.7,312.8,1685,31.8,203,0,0,0,0,0,0,9.100000000000023,53583
M,303.7,312.8,1558,37.7,206,0,0,0,0,0,0,9.100000000000023,58736.600000000006
L,303.7,313,1811,24.3,209,0,0,0,0,0,0,9.300000000000011,44007.3
L,303.8,313.1,1869,25.8,211,0,0,0,0,0,0,9.300000000000011,48220.200000000004
L,303.8,313.1,1256,58.7,213,1,0,0,0,1,0,9.300000000000011,73727.2
M,303.8,313,1789,23.5,215,0,0,0,0,0,0,9.199999999999989,42041.5
L,303.7,312.9,1502,40.5,0,0,0,0,0,0,0,9.199999999999989,60831
M,303.7,313,1303,54.4,2,0,0,0,0,0,0,9.300000000000011,70883.2
L,303.8,313.1,2497,13,5,1,0,0,1,0,0,9.300000000000011,32461
L,303.9,313.2,1499,37.4,7,0,0,0,0,0,0,9.300000000000011,56062.6
L,303.9,313.2,1393,46.5,9,0,0,0,0,0,0,9.300000000000011,64774.5
M,303.9,313,1475,41,11,0,0,0,0,0,0,9.100000000000023,60475
L,303.8,312.9,1573,34.6,14,0,0,0,0,0,0,9.099999999999966,54425.8
L,303.8,312.9,1819,23.7,16,0,0,0,0,0,0,9.099999999999966,43110.299999999996
M,303.5,312.6,1642,29.4,18,0,0,0,0,0,0,9.100000000000023,48274.799999999996
L,303.6,312.6,1540,39.8,21,0,0,0,0,0,0,9,61291.99999999999
M,303.6,312.8,1400,43.2,23,0,0,0,0,0,0,9.199999999999989,60480.00000000001
M,303.6,312.8,2659,11.4,26,1,0,0,1,0,0,9.199999999999989,30312.600000000002
M,303.6,312.8,1825,25.2,29,0,0,0,0,0,0,9.199999999999989,45990
M,303.7,312.9,1532,41.3,32,0,0,0,0,0,0,9.199999999999989,63271.6
L,303.7,312.8,1832,23.6,35,0,0,0,0,0,0,9.100000000000023,43235.200000000004
M,303.6,312.7,2174,17.6,37,0,0,0,0,0,0,9.099999999999966,38262.4
L,303.7,312.8,1627,31.7,40,0,0,0,0,0,0,9.100000000000023,51575.9
L,303.7,312.8,1437,51.3,42,0,0,0,0,0,0,9.100000000000023,73718.09999999999
L,303.7,312.8,1364,46.3,44,0,0,0,0,0,0,9.100000000000023,63153.2
M,303.7,312.9,1444,52.7,46,0,0,0,0,0,0,9.199999999999989,76098.8
M,303.7,312.8,1366,47.3,49,0,0,0,0,0,0,9.100000000000023,64611.799999999996
L,303.8,312.9,1442,48.3,52,0,0,0,0,0,0,9.099999999999966,69648.59999999999
H,303.7,312.8,1488,42.8,54,0,0,0,0,0,0,9.100000000000023,63686.399999999994
L,303.7,312.8,1523,40.7,59,0,0,0,0,0,0,9.100000000000023,61986.100000000006
L,303.7,312.8,1543,38.3,61,0,0,0,0,0,0,9.100000000000023,59096.899999999994
M,303.7,312.8,1634,33.8,63,0,0,0,0,0,0,9.100000000000023,55229.2
M,303.8,312.9,1815,27.8,66,0,0,0,0,0,0,9.099999999999966,50457
M,303.8,312.9,1594,35.2,69,0,0,0,0,0,0,9.099999999999966,56108.8
L,303.8,313,1452,38.6,72,0,0,0,0,0,0,9.199999999999989,56047.200000000004
L,303.9,313,1759,28.4,74,0,0,0,0,0,0,9.100000000000023,49955.6
L,303.9,313,1408,47.5,76,0,0,0,0,0,0,9.100000000000023,66880
L,303.9,313,1483,45,78,0,0,0,0,0,0,9.100000000000023,66735
M,303.9,313,1620,36.6,80,0,0,0,0,0,0,9.100000000000023,59292
M,304,313.1,1466,39.5,83,0,0,0,0,0,0,9.100000000000023,57907
L,304.1,313.1,1556,36.3,86,0,0,0,0,0,0,9,56482.799999999996
L,304,313,1350,61.1,88,0,0,0,0,0,0,9,82485
L,304,313.1,1404,47.1,90,0,0,0,0,0,0,9.100000000000023,66128.40000000001
M,304,313,1575,34.5,92,0,0,0,0,0,0,9,54337.5
L,303.9,313.1,1639,29,95,0,0,0,0,0,0,9.200000000000045,47531
M,303.9,313.1,1473,42.8,97,0,0,0,0,0,0,9.200000000000045,63044.399999999994
L,303.9,313.2,1481,40,100,0,0,0,0,0,0,9.300000000000011,59240
L,304,313.3,1294,54.6,102,0,0,0,0,0,0,9.300000000000011,70652.40000000001
M,303.9,313.2,1630,29.3,104,0,0,0,0,0,0,9.300000000000011,47759
M,303.9,313.2,1624,39.8,107,0,0,0,0,0,0,9.300000000000011,64635.2
M,303.9,313.1,1437,48.3,110,0,0,0,0,0,0,9.200000000000045,69407.09999999999
M,303.8,313,1514,45,113,0,0,0,0,0,0,9.199999999999989,68130
M,304,313.1,1694,31.4,116,0,0,0,0,0,0,9.100000000000023,53191.6
L,304,313.1,1564,50.9,119,0,0,0,0,0,0,9.100000000000023,79607.59999999999
M,303.9,313.1,1514,41.1,121,0,0,0,0,0,0,9.200000000000045,62225.4
M,304,313.2,1500,40.6,124,0,0,0,0,0,0,9.199999999999989,60900
L,304,313.2,1615,37.8,127,0,0,0,0,0,0,9.199999999999989,61046.99999999999
M,304.1,313.2,1586,41.1,129,0,0,0,0,0,0,9.099999999999966,65184.600000000006
L,304.1,313.3,1732,28.5,132,0,0,0,0,0,0,9.199999999999989,49362
H,304.1,313.3,1689,32.5,134,0,0,0,0,0,0,9.199999999999989,54892.5
H,304.1,313.2,1586,34.6,139,0,0,0,0,0,0,9.099999999999966,54875.600000000006
L,304,313.2,1314,47.1,144,0,0,0,0,0,0,9.199999999999989,61889.4
L,304.1,313.2,1569,35.8,146,0,0,0,0,0,0,9.099999999999966,56170.2
L,304.1,313.2,1468,39.4,148,0,0,0,0,0,0,9.099999999999966,57839.2
L,304.1,313.2,1412,47.5,150,0,0,0,0,0,0,9.099999999999966,67070
M,304.1,313.2,1510,46.9,152,0,0,0,0,0,0,9.099999999999966,70819
M,304.1,313.2,1410,42.4,155,0,0,0,0,0,0,9.099999999999966,59784
M,304.1,313.3,1680,29.3,158,0,0,0,0,0,0,9.199999999999989,49224
H,304,313.2,1271,68.6,161,1,0,0,1,0,0,9.199999999999989,87190.59999999999
H,304,313.1,1472,45.5,166,0,0,0,0,0,0,9.100000000000023,66976
H,304,313,1701,30.4,171,0,0,0,0,0,0,9,51710.399999999994
L,303.9,313,1480,39.9,176,0,0,0,0,0,0,9.100000000000023,59052
L,303.9,313,1433,48.4,178,0,0,0,0,0,0,9.100000000000023,69357.2
L,303.8,312.9,1514,34.3,180,0,0,0,0,0,0,9.099999999999966,51930.2
L,303.8,312.9,1619,35.7,182,0,0,0,0,0,0,9.099999999999966,57798.3
H,303.8,312.9,1378,45.6,184,0,0,0,0,0,0,9.099999999999966,62836.8
M,303.9,312.9,1430,53.5,189,0,0,0,0,0,0,9,76505
L,303.8,312.9,1367,49.9,192,0,0,0,0,0,0,9.099999999999966,68213.3
L,303.9,312.9,1526,42.5,194,0,0,0,0,0,0,9,64855
L,303.9,312.8,1419,47.9,196,0,0,0,0,0,0,8.900000000000034,67970.09999999999
L,304,312.8,1542,42.7,198,0,0,0,0,0,0,8.800000000000011,65843.40000000001
L,304,312.9,1363,62.5,200,1,0,0,0,1,0,8.899999999999977,85187.5
L,304,312.9,1313,53.9,202,0,0,0,0,0,0,8.899999999999977,70770.7
H,304,312.9,1495,46.6,0,0,0,0,0,0,0,8.899999999999977,69667
L,304,313,1407,42.1,5,0,0,0,0,0,0,9,59234.700000000004
L,304.1,313,1566,37.2,7,0,0,0,0,0,0,8.899999999999977,58255.200000000004
L,304.1,313.1,1550,30.9,9,0,0,0,0,0,0,9,47895
M,304.2,313.2,1396,50.5,11,0,0,0,0,0,0,9,70498
M,304.3,313.3,1540,39,14,0,0,0,0,0,0,9,60060
M,304.2,313.2,1380,48.7,17,0,0,0,0,0,0,9,67206
M,304.2,313.1,1608,31.1,20,0,0,0,0,0,0,8.900000000000034,50008.8
H,304.2,313,1442,40.9,23,0,0,0,0,0,0,8.800000000000011,58977.799999999996
L,304.1,313,1408,45.3,28,0,0,0,0,0,0,8.899999999999977,63782.399999999994
M,304,313,1454,46.8,30,0,0,0,0,0,0,9,68047.2
L,304.1,313.1,1666,34.6,33,0,0,0,0,0,0,9,57643.600000000006
L,304.1,313.2,1366,46.6,35,0,0,0,0,0,0,9.099999999999966,63655.6
L,304.2,313.2,1464,44.9,37,0,0,0,0,0,0,9,65733.59999999999
L,304.3,313.3,1775,24.9,39,0,0,0,0,0,0,9,44197.5
M,304.3,313.4,1482,43.8,41,0,0,0,0,0,0,9.099999999999966,64911.6
M,304.2,313.4,1411,54.8,44,0,0,0,0,0,0,9.199999999999989,77322.8
L,304.2,313.3,1410,51.6,47,0,0,0,0,0,0,9.100000000000023,72756
M,304.1,313.3,1494,39,49,0,0,0,0,0,0,9.199999999999989,58266
H,304.1,313.2,1590,43.4,52,0,0,0,0,0,0,9.099999999999966,69006
L,304.1,313.1,1327,54.1,57,0,0,0,0,0,0,9,71790.7
L,304.1,313.1,1969,20.8,59,0,0,0,0,0,0,9,40955.200000000004
M,304,313,1377,56,61,0,0,0,0,0,0,9,77112
L,304,313,1541,45.9,64,0,0,0,0,0,0,9,70731.9
M,304,313,1685,28.2,66,0,0,0,0,0,0,9,47517
L,304,313.1,1465,41,69,0,0,0,0,0,0,9.100000000000023,60065
M,303.9,313.1,1483,47.2,71,0,0,0,0,0,0,9.200000000000045,69997.6
M,303.9,313.2,1570,40.7,74,0,0,0,0,0,0,9.300000000000011,63899.00000000001
L,303.9,313.2,1345,48.2,77,0,0,0,0,0,0,9.300000000000011,64829.00000000001
M,303.9,313.2,1608,40.6,79,0,0,0,0,0,0,9.300000000000011,65284.8
M,304,313.3,1415,52.8,82,0,0,0,0,0,0,9.300000000000011,74712
M,304.1,313.5,1470,45.8,85,0,0,0,0,0,0,9.399999999999977,67326
M,304.1,313.5,1428,39.9,88,0,0,0,0,0,0,9.399999999999977,56977.2
H,304.2,313.5,1627,32.2,91,0,0,0,0,0,0,9.300000000000011,52389.4
L,304.2,313.4,1457,49.4,96,0,0,0,0,0,0,9.199999999999989,71975.8
L,304.2,313.4,1475,40.2,98,0,0,0,0,0,0,9.199999999999989,59295.00000000001
L,304.2,313.5,1438,50.1,100,0,0,0,0,0,0,9.300000000000011,72043.8
M,304.2,313.5,1437,47.2,102,0,0,0,0,0,0,9.300000000000011,67826.40000000001
M,304.1,313.4,1518,42.4,105,0,0,0,0,0,0,9.299999999999955,64363.2
M,304.1,313.5,1587,33.6,108,0,0,0,0,0,0,9.399999999999977,53323.200000000004
L,304.1,313.4,1399,43.7,111,0,0,0,0,0,0,9.299999999999955,61136.3
L,304.1,313.5,1469,44.6,113,0,0,0,0,0,0,9.399999999999977,65517.4
L,304.1,313.4,1374,56.6,115,0,0,0,0,0,0,9.299999999999955,77768.40000000001
L,304,313.3,1519,36.7,117,0,0,0,0,0,0,9.300000000000011,55747.3
L,303.9,313.2,1540,44.4,119,0,0,0,0,0,0,9.300000000000011,68376
L,303.9,313.3,1394,51.6,121,0,0,0,0,0,0,9.400000000000034,71930.40000000001
M,304,313.4,1389,45.8,123,0,0,0,0,0,0,9.399999999999977,63616.2
M,304,313.5,1732,26.2,126,0,0,0,0,0,0,9.5,45378.4
L,304.1,313.6,1556,37.4,129,0,0,0,0,0,0,9.5,58194.399999999994
M,304.1,313.6,1441,43.7,131,0,0,0,0,0,0,9.5,62971.700000000004
L,304.1,313.6,1382,46.7,134,0,0,0,0,0,0,9.5,64539.4
M,304.2,313.8,1481,44.9,136,0,0,0,0,0,0,9.600000000000023,66496.9
M,304.2,313.7,2113,18.4,139,0,0,0,0,0,0,9.5,38879.2
L,304.2,313.8,1401,53.9,142,0,0,0,0,0,0,9.600000000000023,75513.9
L,304.1,313.6,1611,31.4,144,0,0,0,0,0,0,9.5,50585.399999999994
M,304.2,313.6,1512,33.4,146,0,0,0,0,0,0,9.400000000000034,50500.799999999996
L,304.2,313.6,1411,46,149,0,0,0,0,0,0,9.400000000000034,64906
M,304.2,313.6,1424,43.7,151,0,0,0,0,0,0,9.400000000000034,62228.8
L,304.2,313.6,1469,40,154,0,0,0,0,0,0,9.400000000000034,58760
H,304.2,313.5,1684,29.8,156,0,0,0,0,0,0,9.300000000000011,50183.200000000004
M,304.2,313.5,1532,41.3,161,0,0,0,0,0,0,9.300000000000011,63271.6
M,304.2,313.5,1557,37.3,164,0,0,0,0,0,0,9.300000000000011,58076.1
M,304.3,313.5,1416,48.1,167,0,0,0,0,0,0,9.199999999999989,68109.6
L,304.3,313.5,1802,25.4,170,0,0,0,0,0,0,9.199999999999989,45770.799999999996
M,304.3,313.5,2245,15.1,172,0,0,0,0,0,0,9.199999999999989,33899.5
L,304.2,313.4,1434,42.5,175,0,0,0,0,0,0,9.199999999999989,60945
M,304.1,313.3,1725,28.3,177,0,0,0,0,0,0,9.199999999999989,48817.5
L,304.2,313.3,1668,35.7,180,0,0,0,0,0,0,9.100000000000023,59547.600000000006
L,304.1,313.3,1452,43.9,182,0,0,0,0,0,0,9.199999999999989,63742.799999999996
L,304.1,313.3,1415,50,184,0,0,0,0,0,0,9.199999999999989,70750
L,304.1,313.2,1824,25.8,186,0,0,0,0,0,0,9.099999999999966,47059.200000000004
L,304.1,313.3,1438,45.5,188,0,0,0,0,0,0,9.199999999999989,65429
L,304.1,313.3,1883,24.5,190,0,0,0,0,0,0,9.199999999999989,46133.5
L,304.2,313.4,1735,28.9,192,0,0,0,0,0,0,9.199999999999989,50141.5
L,304.3,313.5,1464,36.7,194,0,0,0,0,0,0,9.199999999999989,53728.8
M,304.3,313.6,1489,40.3,196,0,0,0,0,0,0,9.300000000000011,60006.7
M,304.4,313.6,1510,38.9,199,0,0,0,0,0,0,9.200000000000045,58739
M,304.3,313.6,1585,32.1,202,0,0,0,0,0,0,9.300000000000011,50878.5
L,304.4,313.7,1509,35,205,1,1,0,0,0,0,9.300000000000011,52815
L,304.4,313.6,1568,39.1,0,0,0,0,0,0,0,9.200000000000045,61308.8
M,304.3,313.5,1525,42,2,0,0,0,0,0,0,9.199999999999989,64050
L,304.4,313.7,1607,33.5,5,0,0,0,0,0,0,9.300000000000011,53834.5
L,304.5,313.7,1670,32.9,7,0,0,0,0,0,0,9.199999999999989,54943
L,304.4,313.6,1585,38.9,9,0,0,0,0,0,0,9.200000000000045,61656.5
L,304.4,313.6,1569,38.4,11,0,0,0,0,0,0,9.200000000000045,60249.6
L,304.4,313.6,1507,43.1,13,0,0,0,0,0,0,9.200000000000045,64951.700000000004
L,304.3,313.5,1452,41.5,15,0,0,0,0,0,0,9.199999999999989,60258
L,304.3,313.5,1590,29.8,17,0,0,0,0,0,0,9.199999999999989,47382
L,304.3,313.6,1409,56,19,0,0,0,0,0,0,9.300000000000011,78904
L,304.3,313.5,2643,12.7,21,0,0,0,0,0,0,9.199999999999989,33566.1
L,304.2,313.4,1644,31.7,23,0,0,0,0,0,0,9.199999999999989,52114.799999999996
L,304.2,313.4,1568,37.6,25,0,0,0,0,0,0,9.199999999999989,58956.8
H,304.2,313.3,1625,37.3,27,0,0,0,0,0,0,9.100000000000023,60612.49999999999
L,304.2,313.4,1482,41.4,32,0,0,0,0,0,0,9.199999999999989,61354.799999999996
H,304.1,313.3,1397,49.6,34,0,0,0,0,0,0,9.199999999999989,69291.2
L,304.1,313.3,1459,50.3,39,0,0,0,0,0,0,9.199999999999989,73387.7
L,304.2,313.4,1490,44,41,0,0,0,0,0,0,9.199999999999989,65560
L,304.1,313.2,1434,50.1,43,0,0,0,0,0,0,9.099999999999966,71843.40000000001
M,304.1,313.2,2028,18.9,45,0,0,0,0,0,0,9.099999999999966,38329.2
L,304.2,313.3,1464,45.9,48,0,0,0,0,0,0,9.100000000000023,67197.59999999999
M,304.2,313.4,1713,23.5,50,0,0,0,0,0,0,9.199999999999989,40255.5
M,304.3,313.4,1624,32.1,53,0,0,0,0,0,0,9.099999999999966,52130.4
L,304.2,313.4,1421,43.4,56,0,0,0,0,0,0,9.199999999999989,61671.4
H,304.2,313.5,1546,41.4,58,0,0,0,0,0,0,9.300000000000011,64004.399999999994
L,304.2,313.4,1639,32.7,63,0,0,0,0,0,0,9.199999999999989,53595.3
H,304.1,313.4,1696,29.6,65,0,0,0,0,0,0,9.299999999999955,50201.600000000006
L,304.1,313.3,1470,39.9,70,0,0,0,0,0,0,9.199999999999989,58653
M,304.1,313.3,1480,38.4,72,0,0,0,0,0,0,9.199999999999989,56832
M,304.2,313.4,1329,54.5,75,0,0,0,0,0,0,9.199999999999989,72430.5
L,304.2,313.4,1740,28.2,78,0,0,0,0,0,0,9.199999999999989,49068
M,304.2,313.5,1739,28.1,80,0,0,0,0,0,0,9.300000000000011,48865.9
M,304.2,313.5,1390,47.8,83,0,0,0,0,0,0,9.300000000000011,66442
L,304.2,313.4,1740,23.7,86,0,0,0,0,0,0,9.199999999999989,41238
M,304,313.3,1844,27.1,88,0,0,0,0,0,0,9.300000000000011,49972.4
H,304,313.1,1388,53.2,91,0,0,0,0,0,0,9.100000000000023,73841.6
H,304,313.2,1517,43.1,96,0,0,0,0,0,0,9.199999999999989,65382.700000000004
M,304,313.1,1450,42.8,101,0,0,0,0,0,0,9.100000000000023,62059.99999999999
L,304,313.2,1584,38.7,104,0,0,0,0,0,0,9.199999999999989,61300.8
L,304,313.1,1720,28.7,106,0,0,0,0,0,0,9.100000000000023,49364
L,303.9,313.1,1586,31.9,108,0,0,0,0,0,0,9.200000000000045,50593.399999999994
M,303.9,313,1901,22.5,110,0,0,0,0,0,0,9.100000000000023,42772.5
L,304,313,1397,42.4,113,0,0,0,0,0,0,9,59232.799999999996
L,304,313,2012,21.1,115,0,0,0,0,0,0,9,42453.200000000004
L,304,313,2354,15,117,0,0,0,0,0,0,9,35310
L,304,313.1,1648,35.7,119,0,0,0,0,0,0,9.100000000000023,58833.600000000006
L,304,313.2,1632,30.6,121,0,0,0,0,0,0,9.199999999999989,49939.200000000004
M,304.1,313.2,1427,46.9,123,0,0,0,0,0,0,9.099999999999966,66926.3
L,304.1,313.2,1452,48,126,0,0,0,0,0,0,9.099999999999966,69696
L,304,313.2,1416,46,128,0,0,0,0,0,0,9.199999999999989,65136
L,303.9,313.1,1310,62.9,130,0,0,0,0,0,0,9.200000000000045,82399
H,304,313.1,1408,39.8,132,0,0,0,0,0,0,9.100000000000023,56038.399999999994
M,303.9,313.1,1668,34.4,137,0,0,0,0,0,0,9.200000000000045,57379.2
L,303.9,313,1551,36.8,140,0,0,0,0,0,0,9.100000000000023,57076.799999999996
H,303.9,313,1517,36,142,0,0,0,0,0,0,9.100000000000023,54612
H,303.8,312.9,1570,35.8,147,0,0,0,0,0,0,9.099999999999966,56205.99999999999
L,303.8,312.8,1428,53.3,152,0,0,0,0,0,0,9,76112.4
L,303.8,312.8,1503,40,154,0,0,0,0,0,0,9,60120
L,303.8,312.8,1416,58.7,156,0,0,0,0,0,0,9,83119.2
M,303.7,312.7,1396,47.3,158,0,0,0,0,0,0,9,66030.8
L,303.7,312.7,1335,51.1,161,0,0,0,0,0,0,9,68218.5
M,303.7,312.6,1671,30.5,163,0,0,0,0,0,0,8.900000000000034,50965.5
L,303.7,312.7,1989,22.4,166,0,0,0,0,0,0,9,44553.6
L,303.7,312.7,1468,43.3,168,0,0,0,0,0,0,9,63564.399999999994
H,303.7,312.6,1711,27.6,170,0,0,0,0,0,0,8.900000000000034,47223.600000000006
M,303.8,312.7,1488,41.3,175,0,0,0,0,0,0,8.899999999999977,61454.399999999994
L,303.8,312.7,1664,29.3,178,0,0,0,0,0,0,8.899999999999977,48755.200000000004
M,303.8,312.7,1507,38.5,180,0,0,0,0,0,0,8.899999999999977,58019.5
L,303.7,312.6,1466,42.5,183,0,0,0,0,0,0,8.900000000000034,62305
L,303.7,312.5,1433,53.6,185,0,0,0,0,0,0,8.800000000000011,76808.8
L,303.7,312.5,1397,45.7,187,0,0,0,0,0,0,8.800000000000011,63842.9
M,303.7,312.6,1429,43.3,189,0,0,0,0,0,0,8.900000000000034,61875.7
L,303.7,312.7,1572,37.2,192,0,0,0,0,0,0,9,58478.4
M,303.7,312.7,1532,42.7,194,0,0,0,0,0,0,9,65416.4
M,303.7,312.7,1316,51.8,197,0,0,0,0,0,0,9,68168.8
M,303.8,312.8,1420,47.9,200,0,0,0,0,0,0,9,68018
L,303.8,312.9,1589,37.2,203,0,0,0,0,0,0,9.099999999999966,59110.8
L,303.8,313,1365,59.9,205,1,0,0,0,1,0,9.199999999999989,81763.5
L,303.8,313,1633,32.9,207,0,0,0,0,0,0,9.199999999999989,53725.7
L,303.9,313,1626,31.4,209,0,0,0,0,0,0,9.100000000000023,51056.399999999994
L,303.9,313.1,1665,29.6,0,0,0,0,0,0,0,9.200000000000045,49284
M,303.9,313.2,1350,47.2,2,0,0,0,0,0,0,9.300000000000011,63720.00000000001
L,303.9,313.2,1590,31.9,5,0,0,0,0,0,0,9.300000000000011,50721
M,304,313.2,1437,53.9,7,0,0,0,0,0,0,9.199999999999989,77454.3
L,303.9,313,1403,48.3,10,0,0,0,0,0,0,9.100000000000023,67764.9
L,303.9,313.1,1440,41.1,12,0,0,0,0,0,0,9.200000000000045,59184
M,303.9,313.1,1343,61.4,14,0,0,0,0,0,0,9.200000000000045,82460.2
H,303.9,313.1,1790,26.7,17,0,0,0,0,0,0,9.200000000000045,47793
M,303.8,313.1,2117,18.6,22,0,0,0,0,0,0,9.300000000000011,39376.200000000004
L,303.8,313.1,1458,42.2,25,0,0,0,0,0,0,9.300000000000011,61527.600000000006
L,303.6,312.9,1381,57.8,27,0,0,0,0,0,0,9.299999999999955,79821.8
L,303.6,312.9,1450,45.3,29,0,0,0,0,0,0,9.299999999999955,65685
L,303.7,312.9,1461,50.1,31,0,0,0,0,0,0,9.199999999999989,73196.1
M,303.7,312.9,1511,41,33,0,0,0,0,0,0,9.199999999999989,61951
L,303.8,313.1,1394,45.4,36,0,0,0,0,0,0,9.300000000000011,63287.6
L,303.8,313,1499,42.3,38,0,0,0,0,0,0,9.199999999999989,63407.7
L,303.7,313,1457,44.1,40,0,0,0,0,0,0,9.300000000000011,64253.700000000004
L,303.7,313,1753,29,42,0,0,0,0,0,0,9.300000000000011,50837
L,303.7,313,1694,28,44,0,0,0,0,0,0,9.300000000000011,47432
L,303.7,313.1,1683,28.4,46,0,0,0,0,0,0,9.400000000000034,47797.2
L,303.7,313.1,1496,47.4,48,0,0,0,0,0,0,9.400000000000034,70910.4
L,303.7,313.1,1721,34.8,50,0,0,0,0,0,0,9.400000000000034,59890.799999999996
L,303.6,313,1593,31.6,52,0,0,0,0,0,0,9.399999999999977,50338.8
L,303.6,313,1575,38.3,54,0,0,0,0,0,0,9.399999999999977,60322.49999999999
L,303.5,313,1465,41,56,0,0,0,0,0,0,9.5,60065
L,303.6,313.1,1405,38.3,58,0,0,0,0,0,0,9.5,53811.49999999999
M,303.5,313,1902,21.6,60,0,0,0,0,0,0,9.5,41083.200000000004
M,303.4,312.9,1422,39.9,63,0,0,0,0,0,0,9.5,56737.799999999996
L,303.5,312.9,1332,52.9,66,0,0,0,0,0,0,9.399999999999977,70462.8
M,303.4,312.9,1307,54.3,68,0,0,0,0,0,0,9.5,70970.09999999999
L,303.5,313,1322,59.5,71,0,0,0,0,0,0,9.5,78659
L,303.5,313,1547,40.3,73,0,0,0,0,0,0,9.5,62344.1
L,303.5,313.1,1897,23.6,75,0,0,0,0,0,0,9.600000000000023,44769.200000000004
M,303.5,313,1403,51.9,77,0,0,0,0,0,0,9.5,72815.7
L,303.5,313,1393,51.6,80,0,0,0,0,0,0,9.5,71878.8
L,303.5,313,1482,38.5,82,0,0,0,0,0,0,9.5,57057
M,303.5,312.9,1572,44.7,84,0,0,0,0,0,0,9.399999999999977,70268.40000000001
L,303.5,312.9,1544,36.9,87,0,0,0,0,0,0,9.399999999999977,56973.6
M,303.5,313,1492,46.1,89,0,0,0,0,0,0,9.5,68781.2
L,303.4,312.8,1513,35.8,92,0,0,0,0,0,0,9.400000000000034,54165.399999999994
L,303.4,312.8,1449,43.9,94,0,0,0,0,0,0,9.400000000000034,63611.1
L,303.5,312.8,1877,22.3,96,0,0,0,0,0,0,9.300000000000011,41857.1
L,303.4,312.8,1376,53.4,98,0,0,0,0,0,0,9.400000000000034,73478.4
M,303.5,312.9,1883,23.3,100,0,0,0,0,0,0,9.399999999999977,43873.9
M,303.4,312.8,1518,38.7,103,0,0,0,0,0,0,9.400000000000034,58746.600000000006
M,303.5,312.9,1438,42.8,106,0,0,0,0,0,0,9.399999999999977,61546.399999999994
L,303.4,312.9,1389,54.1,109,0,0,0,0,0,0,9.5,75144.90000000001
L,303.5,312.9,1504,44.8,111,0,0,0,0,0,0,9.399999999999977,67379.2
L,303.5,312.9,1275,64.4,113,0,0,0,0,0,0,9.399999999999977,82110
L,303.6,313,1534,39.7,115,0,0,0,0,0,0,9.399999999999977,60899.8
M,303.6,313,1396,38.2,117,0,0,0,0,0,0,9.399999999999977,53327.200000000004
L,303.6,313.1,1395,44.1,120,0,0,0,0,0,0,9.5,61519.5
L,303.6,313,1617,30.9,122,0,0,0,0,0,0,9.399999999999977,49965.299999999996
L,303.7,313.1,1423,41.2,124,0,0,0,0,0,0,9.400000000000034,58627.600000000006
L,303.5,313,1606,34,126,0,0,0,0,0,0,9.5,54604
L,303.5,312.9,1501,44,128,0,0,0,0,0,0,9.399999999999977,66044
M,303.5,312.9,1618,30.4,130,0,0,0,0,0,0,9.399999999999977,49187.2
L,303.6,313,1522,35.8,133,0,0,0,0,0,0,9.399999999999977,54487.6
L,303.6,312.9,1480,41.4,135,0,0,0,0,0,0,9.299999999999955,61272
M,303.7,313,1469,39.9,137,0,0,0,0,0,0,9.300000000000011,58613.1
H,303.8,313.2,1381,52.4,140,0,0,0,0,0,0,9.399999999999977,72364.4
L,303.8,313.2,1525,41.9,145,0,0,0,0,0,0,9.399999999999977,63897.5
M,303.8,313.2,1732,29.6,147,0,0,0,0,0,0,9.399999999999977,51267.200000000004
L,303.8,313.1,1523,39.8,150,0,0,0,0,0,0,9.300000000000011,60615.399999999994
L,303.8,313.1,1422,42.4,152,0,0,0,0,0,0,9.300000000000011,60292.799999999996
H,303.8,313.2,1506,46.9,154,0,0,0,0,0,0,9.399999999999977,70631.4
L,303.8,313.2,1531,39.4,159,0,0,0,0,0,0,9.399999999999977,60321.4
M,303.9,313.3,1507,34.3,161,0,0,0,0,0,0,9.400000000000034,51690.1
L,303.9,313.3,1526,40.7,164,0,0,0,0,0,0,9.400000000000034,62108.200000000004
L,303.8,313.3,1406,52.1,166,0,0,0,0,0,0,9.5,73252.6
M,303.9,313.3,1567,35,168,0,0,0,0,0,0,9.400000000000034,54845
M,303.9,313.4,1464,49.1,171,0,0,0,0,0,0,9.5,71882.40000000001
L,303.9,313.4,1442,48.5,174,0,0,0,0,0,0,9.5,69937
L,303.8,313.2,1336,47.8,176,0,0,0,0,0,0,9.399999999999977,63860.799999999996
H,303.8,313.2,1379,50.2,178,0,0,0,0,0,0,9.399999999999977,69225.8
L,303.7,313.1,1406,48.6,183,0,0,0,0,0,0,9.400000000000034,68331.6
M,303.7,313.1,2130,18.1,185,0,0,0,0,0,0,9.400000000000034,38553
L,303.7,313.1,1355,49.1,188,0,0,0,0,0,0,9.400000000000034,66530.5
M,303.8,313.2,1710,26.5,190,0,0,0,0,0,0,9.399999999999977,45315
L,303.8,313.1,1309,55.8,193,0,0,0,0,0,0,9.300000000000011,73042.2
L,303.9,313.1,1491,37.2,195,0,0,0,0,0,0,9.200000000000045,55465.200000000004
L,303.9,313.2,1481,44.1,197,0,0,0,0,0,0,9.300000000000011,65312.1
L,303.9,313.1,1425,49.3,199,0,0,0,0,0,0,9.200000000000045,70252.5
H,303.9,313.2,1680,29.1,201,0,0,0,0,0,0,9.300000000000011,48888
H,304,313.2,1612,31.7,206,0,0,0,0,0,0,9.199999999999989,51100.4
L,304,313.3,1530,34.8,211,0,0,0,0,0,0,9.300000000000011,53243.99999999999
L,304,313.2,1481,42.6,213,0,0,0,0,0,0,9.199999999999989,63090.6
M,303.9,313.2,1422,48,215,1,1,0,0,0,0,9.300000000000011,68256
L,303.8,313,1427,43,0,0,0,0,0,0,0,9.199999999999989,61361
H,303.7,312.9,1460,49.8,2,0,0,0,0,0,0,9.199999999999989,72708
L,303.6,312.9,1873,23.5,7,0,0,0,0,0,0,9.299999999999955,44015.5
M,303.7,312.9,1566,32.6,9,0,0,0,0,0,0,9.199999999999989,51051.600000000006
L,303.6,312.8,1701,30.8,12,0,0,0,0,0,0,9.199999999999989,52390.8
L,303.6,312.8,1710,27.2,14,0,0,0,0,0,0,9.199999999999989,46512
M,303.6,312.8,1689,33.1,16,0,0,0,0,0,0,9.199999999999989,55905.9
L,303.6,312.7,1637,32.9,19,0,0,0,0,0,0,9.099999999999966,53857.299999999996
L,303.5,312.6,1496,39,21,0,0,0,0,0,0,9.100000000000023,58344
M,303.5,312.7,1402,47,23,0,0,0,0,0,0,9.199999999999989,65894
L,303.4,312.7,1363,45.5,26,0,0,0,0,0,0,9.300000000000011,62016.5
M,303.4,312.7,1576,49.9,28,0,0,0,0,0,0,9.300000000000011,78642.4
M,303.4,312.7,1357,55.3,31,0,0,0,0,0,0,9.300000000000011,75042.09999999999
M,303.4,312.7,1399,48.4,34,0,0,0,0,0,0,9.300000000000011,67711.59999999999
M,303.4,312.8,1526,30.8,37,0,0,0,0,0,0,9.400000000000034,47000.8
L,303.5,312.7,1694,27.3,40,0,0,0,0,0,0,9.199999999999989,46246.200000000004
M,303.5,312.7,1420,49.1,42,0,0,0,0,0,0,9.199999999999989,69722
M,303.5,312.7,2116,16.7,45,0,0,0,0,0,0,9.199999999999989,35337.2
M,303.7,312.9,1406,41.9,48,0,0,0,0,0,0,9.199999999999989,58911.4
L,303.7,313,1456,45.5,51,0,0,0,0,0,0,9.300000000000011,66248
L,303.6,312.9,1588,31.9,53,0,0,0,0,0,0,9.299999999999955,50657.2
L,303.7,312.8,1448,44.5,55,0,0,0,0,0,0,9.100000000000023,64436
H,303.6,312.7,1403,46.2,57,0,0,0,0,0,0,9.099999999999966,64818.600000000006
M,303.5,312.6,1405,51.6,62,0,0,0,0,0,0,9.100000000000023,72498
M,303.4,312.6,2706,9.8,65,1,0,0,1,0,0,9.200000000000045,26518.800000000003
M,303.3,312.4,1505,38.9,68,0,0,0,0,0,0,9.099999999999966,58544.5
L,303.2,312.4,1663,33.7,71,0,0,0,0,0,0,9.199999999999989,56043.100000000006
M,303.3,312.6,1482,44.4,73,0,0,0,0,0,0,9.300000000000011,65800.8
M,303.3,312.5,1674,32.7,76,0,0,0,0,0,0,9.199999999999989,54739.8
M,303.4,312.7,1594,32.8,79,0,0,0,0,0,0,9.300000000000011,52283.2
L,303.5,312.7,1393,49.3,82,0,0,0,0,0,0,9.199999999999989,68674.9
H,303.5,312.8,1404,55.8,84,0,0,0,0,0,0,9.300000000000011,78343.2
M,303.5,312.8,1375,45.7,89,0,0,0,0,0,0,9.300000000000011,62837.50000000001
L,303.5,312.8,1607,38.4,92,0,0,0,0,0,0,9.300000000000011,61708.799999999996
L,303.4,312.8,1360,50.8,94,0,0,0,0,0,0,9.400000000000034,69088
L,303.5,312.8,1524,39.4,96,0,0,0,0,0,0,9.300000000000011,60045.6
L,303.4,312.7,1534,35.5,98,0,0,0,0,0,0,9.300000000000011,54457
L,303.3,312.7,1262,63.8,100,0,0,0,0,0,0,9.399999999999977,80515.59999999999
L,303.3,312.6,1623,34.6,102,0,0,0,0,0,0,9.300000000000011,56155.8
M,303.3,312.7,1642,33.6,104,0,0,0,0,0,0,9.399999999999977,55171.200000000004
M,303.4,312.8,1622,35.1,107,0,0,0,0,0,0,9.400000000000034,56932.200000000004
M,303.5,312.9,1530,34.5,110,0,0,0,0,0,0,9.399999999999977,52785
M,303.4,312.8,1590,36.3,113,0,0,0,0,0,0,9.400000000000034,57716.99999999999
L,303.4,312.7,1589,34,116,0,0,0,0,0,0,9.300000000000011,54026
L,303.4,312.6,1462,37.5,118,0,0,0,0,0,0,9.200000000000045,54825
H,303.3,312.5,1328,49.8,120,0,0,0,0,0,0,9.199999999999989,66134.4
H,303.3,312.6,1692,29,125,0,0,0,0,0,0,9.300000000000011,49068
L,303.3,312.5,1968,20.6,130,0,0,0,0,0,0,9.199999999999989,40540.8
H,303.3,312.6,1827,24.2,132,0,0,0,0,0,0,9.300000000000011,44213.4
M,303.3,312.6,1397,47.1,137,0,0,0,0,0,0,9.300000000000011,65798.7
L,303.3,312.6,1463,44,140,0,0,0,0,0,0,9.300000000000011,64372
L,303.3,312.7,1643,30.7,142,0,0,0,0,0,0,9.399999999999977,50440.1
L,303.2,312.6,1281,57,144,0,0,0,0,0,0,9.400000000000034,73017
L,303.2,312.5,1518,39.9,146,0,0,0,0,0,0,9.300000000000011,60568.2
L,303.2,312.6,1601,35.3,148,0,0,0,0,0,0,9.400000000000034,56515.299999999996
L,303.1,312.6,1548,36.4,150,0,0,0,0,0,0,9.5,56347.2
H,303.1,312.6,1404,40.6,152,0,0,0,0,0,0,9.5,57002.4
M,303.1,312.5,1766,26.7,157,0,0,0,0,0,0,9.399999999999977,47152.2
M,303.1,312.5,1667,30,160,0,0,0,0,0,0,9.399999999999977,50010
H,303,312.5,1507,37.9,163,0,0,0,0,0,0,9.5,57115.299999999996
H,303,312.4,1627,37.1,168,0,0,0,0,0,0,9.399999999999977,60361.700000000004
L,302.9,312.3,1435,47.7,173,0,0,0,0,0,0,9.400000000000034,68449.5
H,302.9,312.3,1509,46.8,175,0,0,0,0,0,0,9.400000000000034,70621.2
M,302.9,312.3,1809,25,180,0,0,0,0,0,0,9.400000000000034,45225
L,302.9,312.3,1515,40.8,183,0,0,0,0,0,0,9.400000000000034,61811.99999999999
L,302.9,312.3,1530,34.9,185,0,0,0,0,0,0,9.400000000000034,53397
H,302.8,312.3,1336,57.5,187,0,0,0,0,0,0,9.5,76820
L,302.9,312.4,2030,19.1,192,0,0,0,0,0,0,9.5,38773
L,302.9,312.4,1550,36.9,194,0,0,0,0,0,0,9.5,57195
L,302.9,312.4,1446,41.7,196,0,0,0,0,0,0,9.5,60298.200000000004
L,302.8,312.3,1494,37.5,198,0,0,0,0,0,0,9.5,56025
L,302.8,312.4,1651,27,200,0,0,0,0,0,0,9.599999999999966,44577
L,302.9,312.4,1698,33.8,202,0,0,0,0,0,0,9.5,57392.399999999994
L,302.8,312.3,1504,40.3,204,0,0,0,0,0,0,9.5,60611.2
M,302.9,312.4,1421,46,206,0,0,0,0,0,0,9.5,65366
H,302.9,312.3,1754,26.9,209,0,0,0,0,0,0,9.400000000000034,47182.6
L,302.9,312.2,1469,42,214,0,0,0,0,0,0,9.300000000000011,61698
L,302.8,312.2,1433,50,216,0,0,0,0,0,0,9.399999999999977,71650
M,302.8,312.3,1432,49,218,0,0,0,0,0,0,9.5,70168
L,302.8,312.3,1366,49.1,221,0,0,0,0,0,0,9.5,67070.6
H,302.8,312.3,1483,47.2,223,0,0,0,0,0,0,9.5,69997.6
L,302.7,312.2,1572,34.4,228,0,0,0,0,0,0,9.5,54076.799999999996
L,302.8,312.2,1481,40.2,230,0,0,0,0,0,0,9.399999999999977,59536.200000000004
L,302.8,312.3,1473,42.6,232,0,0,0,0,0,0,9.5,62749.8
M,302.8,312.3,1262,70.5,234,1,0,0,1,1,0,9.5,88971
L,302.8,312.4,1529,36.8,237,0,0,0,0,0,0,9.599999999999966,56267.2
L,302.8,312.4,1523,39.7,239,0,0,0,0,0,0,9.599999999999966,60463.100000000006
M,302.8,312.3,1416,42.7,241,0,0,0,0,0,0,9.5,60463.200000000004
L,302.9,312.4,1923,23.9,244,0,0,0,0,0,0,9.5,45959.7
H,302.8,312.4,1411,53.8,246,1,0,0,0,1,0,9.599999999999966,75911.8
L,302.7,312.4,1477,46.3,251,1,0,0,0,1,0,9.699999999999989,68385.09999999999
M,302.6,312.3,1454,54.8,253,1,1,0,0,1,0,9.699999999999989,79679.2
L,302.7,312.3,1421,48.5,0,0,0,0,0,0,0,9.600000000000023,68918.5
L,302.7,312.3,1858,25.4,2,0,0,0,0,0,0,9.600000000000023,47193.2
H,302.8,312.5,1422,46.1,4,0,0,0,0,0,0,9.699999999999989,65554.2
L,302.7,312.4,1444,48.7,9,0,0,0,0,0,0,9.699999999999989,70322.8
L,302.7,312.4,1360,47.8,11,0,0,0,0,0,0,9.699999999999989,65007.99999999999
L,302.7,312.4,1954,24.8,13,0,0,0,0,0,0,9.699999999999989,48459.200000000004
L,302.6,312.4,1628,33,15,0,0,0,0,0,0,9.799999999999955,53724
L,302.7,312.4,1433,44.2,17,0,0,0,0,0,0,9.699999999999989,63338.600000000006
M,302.7,312.5,1417,51.5,19,0,0,0,0,0,0,9.800000000000011,72975.5
L,302.8,312.6,1462,39.4,22,0,0,0,0,0,0,9.800000000000011,57602.799999999996
L,302.9,312.6,1328,59.9,24,0,0,0,0,0,0,9.700000000000045,79547.2
H,302.7,312.5,1527,36.4,26,0,0,0,0,0,0,9.800000000000011,55582.799999999996
L,302.6,312.3,1534,34.3,31,0,0,0,0,0,0,9.699999999999989,52616.2
M,302.6,312.4,1410,50.3,33,0,0,0,0,0,0,9.799999999999955,70923
L,302.6,312.3,1660,30.3,36,0,0,0,0,0,0,9.699999999999989,50298
L,302.6,312.4,1386,45.8,38,0,0,0,0,0,0,9.799999999999955,63478.799999999996
L,302.6,312.4,1398,41.6,40,0,0,0,0,0,0,9.799999999999955,58156.8
L,302.6,312.3,1321,53.4,42,0,0,0,0,0,0,9.699999999999989,70541.4
L,302.6,312.3,1512,34.2,44,0,0,0,0,0,0,9.699999999999989,51710.4
M,302.6,312.3,1566,36.6,46,0,0,0,0,0,0,9.699999999999989,57315.600000000006
M,302.7,312.4,1422,44.5,49,0,0,0,0,0,0,9.699999999999989,63279
L,302.6,312.3,1647,31.8,52,0,0,0,0,0,0,9.699999999999989,52374.6
L,302.6,312.2,1377,45.5,54,0,0,0,0,0,0,9.599999999999966,62653.5
L,302.5,312.2,1775,27.9,56,0,0,0,0,0,0,9.699999999999989,49522.5
L,302.6,312.3,1554,42,58,0,0,0,0,0,0,9.699999999999989,65268
L,302.7,312.4,1423,51.9,60,0,0,0,0,0,0,9.699999999999989,73853.7
L,302.7,312.4,1453,47.3,62,0,0,0,0,0,0,9.699999999999989,68726.9
L,302.8,312.4,1590,34.4,64,0,0,0,0,0,0,9.599999999999966,54696
L,302.8,312.5,1694,28.4,66,0,0,0,0,0,0,9.699999999999989,48109.6
L,302.8,312.5,1462,43.4,68,0,0,0,0,0,0,9.699999999999989,63450.799999999996
L,302.8,312.4,1392,46.2,70,0,0,0,0,0,0,9.599999999999966,64310.4
L,302.9,312.5,1550,45.5,72,0,0,0,0,0,0,9.600000000000023,70525
L,302.9,312.5,1629,30.4,74,0,0,0,0,0,0,9.600000000000023,49521.6
M,303,312.5,1524,42.1,76,0,0,0,0,0,0,9.5,64160.4
M,302.9,312.5,1679,30.9,79,0,0,0,0,0,0,9.600000000000023,51881.1
M,302.9,312.6,1394,46.4,82,0,0,0,0,0,0,9.700000000000045,64681.6
L,302.9,312.5,1683,32.1,85,0,0,0,0,0,0,9.600000000000023,54024.3
L,303,312.5,1626,30.5,87,0,0,0,0,0,0,9.5,49593
H,303,312.5,1698,30,89,0,0,0,0,0,0,9.5,50940
M,303,312.6,1392,42.9,94,0,0,0,0,0,0,9.600000000000023,59716.799999999996
L,303.1,312.7,1353,51.8,97,0,0,0,0,0,0,9.599999999999966,70085.4
M,303,312.7,1426,46.8,99,0,0,0,0,0,0,9.699999999999989,66736.8
L,303,312.7,2024,19.9,102,0,0,0,0,0,0,9.699999999999989,40277.6
M,303,312.8,1648,32.1,104,0,0,0,0,0,0,9.800000000000011,52900.8
L,303.1,312.9,1511,40.1,107,0,0,0,0,0,0,9.799999999999955,60591.1
L,303.1,312.8,1465,44.1,109,0,0,0,0,0,0,9.699999999999989,64606.5
L,303,312.7,1551,41.8,111,0,0,0,0,0,0,9.699999999999989,64831.799999999996
L,303.1,312.8,2329,15.1,113,0,0,0,0,0,0,9.699999999999989,35167.9
H,303.1,312.8,1435,41.9,115,0,0,0,0,0,0,9.699999999999989,60126.5
L,303,312.7,1361,48.8,120,0,0,0,0,0,0,9.699999999999989,66416.8
M,303,312.7,1553,35.8,122,0,0,0,0,0,0,9.699999999999989,55597.399999999994
L,303,312.6,1451,42.1,125,0,0,0,0,0,0,9.600000000000023,61087.1
L,303,312.5,1461,40.2,127,0,0,0,0,0,0,9.5,58732.200000000004
M,303.1,312.6,1895,23.5,129,0,0,0,0,0,0,9.5,44532.5
M,303.1,312.6,1567,32.9,132,0,0,0,0,0,0,9.5,51554.299999999996
M,303,312.5,1602,33.7,135,0,0,0,0,0,0,9.5,53987.4
L,303.1,312.6,1514,42.1,138,0,0,0,0,0,0,9.5,63739.4
L,303.1,312.5,1453,49.1,140,0,0,0,0,0,0,9.399999999999977,71342.3
M,303,312.4,1526,36.1,142,0,0,0,0,0,0,9.399999999999977,55088.6
M,302.9,312.3,1339,52.1,145,0,0,0,0,0,0,9.400000000000034,69761.90000000001
L,302.9,312.3,1889,22.8,148,0,0,0,0,0,0,9.400000000000034,43069.200000000004
L,302.9,312.4,1561,34.8,150,0,0,0,0,0,0,9.5,54322.799999999996
M,302.9,312.4,1659,33.1,152,0,0,0,0,0,0,9.5,54912.9
L,302.9,312.4,1424,49.5,155,0,0,0,0,0,0,9.5,70488
M,302.9,312.3,1426,44.7,157,0,0,0,0,0,0,9.400000000000034,63742.200000000004
L,302.9,312.4,1383,51.4,160,0,0,0,0,0,0,9.5,71086.2
L,302.8,312.3,1764,29.9,162,0,0,0,0,0,0,9.5,52743.6
M,302.7,312.2,1439,42.5,164,0,0,0,0,0,0,9.5,61157.5
M,302.7,312.2,1585,35.5,167,0,0,0,0,0,0,9.5,56267.5
L,302.7,312.3,1346,61.2,170,0,0,0,0,0,1,9.600000000000023,82375.2
L,302.8,312.3,1386,57.8,172,0,0,0,0,0,0,9.5,80110.8
L,302.7,312.2,1369,51.8,174,0,0,0,0,0,0,9.5,70914.2
M,302.7,312.1,1378,46.9,176,0,0,0,0,0,0,9.400000000000034,64628.2
L,302.7,312.2,1336,46.8,179,0,0,0,0,0,0,9.5,62524.799999999996
M,302.6,312.1,1445,42,181,0,0,0,0,0,0,9.5,60690
L,302.7,312.1,1763,26.5,184,0,0,0,0,0,0,9.400000000000034,46719.5
L,302.7,312.2,1611,34.1,186,0,0,0,0,0,0,9.5,54935.100000000006
M,302.7,312.1,1564,32.1,188,0,0,0,0,0,0,9.400000000000034,50204.4
H,302.7,312.1,1478,36,191,0,0,0,0,0,0,9.400000000000034,53208
L,302.6,312,1781,28.5,196,0,0,0,0,0,0,9.399999999999977,50758.5
L,302.6,312.1,1782,26.8,198,0,0,0,0,0,0,9.5,47757.6
M,302.6,312.1,2000,21.9,200,0,0,0,0,0,0,9.5,43800
M,302.5,312,1826,25.3,203,0,0,0,0,0,0,9.5,46197.8
L,302.6,312.1,1344,51,206,0,0,0,0,0,0,9.5,68544
L,302.6,312.2,1520,43,208,0,0,0,0,0,0,9.599999999999966,65360
M,302.6,312.1,1611,39.9,210,0,0,0,0,0,0,9.5,64278.899999999994
L,302.7,312.2,1450,52.1,213,1,0,0,0,1,0,9.5,75545
L,302.6,312.1,1499,35,215,0,0,0,0,0,1,9.5,52465
L,302.6,312.1,1288,68.5,0,1,0,0,1,0,0,9.5,88228
M,302.7,312.2,1350,58.6,2,0,0,0,0,0,0,9.5,79110
M,302.9,312.4,1334,50.9,5,0,0,0,0,0,0,9.5,67900.59999999999
L,302.8,312.4,1376,57.1,8,0,0,0,0,0,0,9.599999999999966,78569.6
L,302.8,312.4,1368,49.5,10,0,0,0,0,0,0,9.599999999999966,67716
H,302.9,312.5,1357,55,12,0,0,0,0,0,1,9.600000000000023,74635
M,302.9,312.5,1924,24,17,0,0,0,0,0,0,9.600000000000023,46176
M,302.9,312.5,1551,40,20,0,0,0,0,0,0,9.600000000000023,62040
M,302.9,312.5,1903,21.2,23,0,0,0,0,0,0,9.600000000000023,40343.6
H,302.9,312.3,1417,48.7,26,0,0,0,0,0,0,9.400000000000034,69007.90000000001
L,302.7,312.1,1601,35.2,31,0,0,0,0,0,0,9.400000000000034,56355.200000000004
L,302.7,312.1,1543,37.5,33,0,0,0,0,0,0,9.400000000000034,57862.5
L,302.6,312.1,1439,52.3,35,0,0,0,0,0,0,9.5,75259.7
H,302.6,312,1657,29.3,37,0,0,0,0,0,0,9.399999999999977,48550.1
L,302.8,312.2,1458,51,42,0,0,0,0,0,0,9.399999999999977,74358
L,302.8,312.2,1746,27.4,44,0,0,0,0,0,0,9.399999999999977,47840.399999999994
L,302.9,312.2,1677,30.5,46,0,0,0,0,0,0,9.300000000000011,51148.5
L,302.8,312.1,1520,39.9,48,0,0,0,0,0,0,9.300000000000011,60648
L,302.9,312.2,1367,55.1,50,0,0,0,0,0,0,9.300000000000011,75321.7
L,302.8,312.2,1509,36.5,52,0,0,0,0,0,1,9.399999999999977,55078.5
L,302.8,312.1,1418,51.4,54,0,0,0,0,0,0,9.300000000000011,72885.2
L,302.8,312.1,1958,20.3,56,0,0,0,0,0,0,9.300000000000011,39747.4
L,302.8,312.2,1682,30.9,58,0,0,0,0,0,0,9.399999999999977,51973.799999999996
M,302.8,312.2,1452,50.3,60,0,0,0,0,0,0,9.399999999999977,73035.59999999999
L,302.7,312,1828,24,63,0,0,0,0,0,0,9.300000000000011,43872
H,302.7,312,1484,41.5,65,0,0,0,0,0,0,9.300000000000011,61586
L,302.6,312,1674,32.2,70,0,0,0,0,0,0,9.399999999999977,53902.8
L,302.6,311.9,1448,49.5,72,0,0,0,0,0,0,9.299999999999955,71676
M,302.5,311.8,2023,19.1,74,0,0,0,0,0,0,9.300000000000011,38639.3
L,302.5,311.9,1452,47.4,77,0,0,0,0,0,0,9.399999999999977,68824.8
M,302.6,312,1496,45,79,0,0,0,0,0,0,9.399999999999977,67320
L,302.6,311.9,1397,46.9,82,0,0,0,0,0,0,9.299999999999955,65519.299999999996
L,302.6,311.9,1453,39.1,84,0,0,0,0,0,0,9.299999999999955,56812.3
M,302.5,311.9,1524,34.8,86,0,0,0,0,0,0,9.399999999999977,53035.2
L,302.6,311.9,1633,30.9,89,0,0,0,0,0,0,9.299999999999955,50459.7
M,302.6,312,1363,45.7,91,0,0,0,0,0,0,9.399999999999977,62289.100000000006
L,302.5,311.9,1520,44.9,94,0,0,0,0,0,0,9.399999999999977,68248
M,302.5,311.9,1532,38.8,96,0,0,0,0,0,0,9.399999999999977,59441.6
L,302.4,311.8,1384,50.9,99,0,0,0,0,0,0,9.400000000000034,70445.59999999999
M,302.4,311.8,1539,39.9,101,0,0,0,0,0,0,9.400000000000034,61406.1
M,302.3,311.8,1355,50.1,104,0,0,0,0,0,0,9.5,67885.5
M,302.3,311.7,1504,37.3,107,0,0,0,0,0,0,9.399999999999977,56099.2
L,302.4,311.8,1476,46.6,110,0,0,0,0,0,0,9.400000000000034,68781.6
L,302.4,311.7,1721,26.9,112,0,0,0,0,0,0,9.300000000000011,46294.899999999994
M,302.3,311.7,1494,37.1,114,0,0,0,0,0,0,9.399999999999977,55427.4
L,302.3,311.7,1465,43.5,117,0,0,0,0,0,0,9.399999999999977,63727.5
M,302.3,311.8,1363,54,119,1,0,0,0,0,0,9.5,73602
L,302.4,311.8,1648,30,122,0,0,0,0,0,0,9.400000000000034,49440
M,302.3,311.8,1879,23,124,0,0,0,0,0,0,9.5,43217
H,302.3,311.7,1482,39,127,0,0,0,0,0,0,9.399999999999977,57798
L,302.4,311.8,1493,38.4,132,0,0,0,0,0,0,9.400000000000034,57331.2
L,302.4,311.8,1433,42.2,134,0,0,0,0,0,0,9.400000000000034,60472.600000000006
L,302.3,311.7,1400,41.6,136,0,0,0,0,0,0,9.399999999999977,58240
L,302.4,311.8,1255,59,138,0,0,0,0,0,0,9.400000000000034,74045
L,302.2,311.7,1471,45.6,140,0,0,0,0,0,0,9.5,67077.6
H,302.2,311.6,1357,44.2,142,0,0,0,0,0,0,9.400000000000034,59979.4
L,302.3,311.7,1453,41.2,147,0,0,0,0,0,0,9.399999999999977,59863.600000000006
M,302.3,311.7,1540,28.9,149,0,0,0,0,0,0,9.399999999999977,44506
L,302.3,311.8,1605,35.2,152,0,0,0,0,0,0,9.5,56496.00000000001
H,302.3,311.9,1374,52.4,154,0,0,0,0,0,0,9.599999999999966,71997.59999999999
M,302.3,311.9,1508,42.3,159,0,0,0,0,0,0,9.599999999999966,63788.399999999994
H,302.4,311.9,1366,47.3,162,0,0,0,0,0,0,9.5,64611.799999999996
H,302.5,312,1579,35.7,167,0,0,0,0,0,0,9.5,56370.3
L,302.5,311.9,1306,59.7,172,0,0,0,0,0,1,9.399999999999977,77968.2
M,302.5,312,1521,40.2,174,0,0,0,0,0,0,9.5,61144.200000000004
L,302.5,312,1411,44.2,177,0,0,0,0,0,0,9.5,62366.200000000004
H,302.5,312,1357,42,179,0,0,0,0,0,0,9.5,56994
M,302.5,312,1436,43.5,184,0,0,0,0,0,0,9.5,62466
L,302.5,311.9,1553,40.1,187,0,0,0,0,0,0,9.399999999999977,62275.3
M,302.5,312,1451,43.2,189,0,0,0,0,0,0,9.5,62683.200000000004
L,302.4,311.9,1541,37.9,192,0,0,0,0,0,0,9.5,58403.899999999994
M,302.3,311.7,1341,46.3,194,0,0,0,0,0,0,9.399999999999977,62088.299999999996
L,302.3,311.7,1648,32.1,197,0,0,0,0,0,0,9.399999999999977,52900.8
M,302.3,311.7,1640,31.5,199,0,0,0,0,0,0,9.399999999999977,51660
L,302.4,311.8,1416,46.1,202,0,0,0,0,0,0,9.400000000000034,65277.6
L,302.4,311.9,1671,29.9,204,0,0,0,0,0,0,9.5,49962.899999999994
L,302.4,312,1457,45.5,206,0,0,0,0,0,0,9.600000000000023,66293.5
M,302.5,312,1445,54.8,0,0,0,0,0,0,0,9.5,79186
L,302.5,312.1,1534,38.6,3,0,0,0,0,0,0,9.600000000000023,59212.4
L,302.4,312,1508,36.9,5,0,0,0,0,0,0,9.600000000000023,55645.2
M,302.4,312.1,1492,47.7,7,0,0,0,0,0,0,9.700000000000045,71168.40000000001
L,302.4,312,1562,37.9,10,0,0,0,0,0,0,9.600000000000023,59199.799999999996
L,302.4,312,1545,36.4,12,0,0,0,0,0,0,9.600000000000023,56238
L,302.5,312.2,1738,25.3,14,0,0,0,0,0,0,9.699999999999989,43971.4
L,302.4,312,1305,49.1,16,0,0,0,0,0,0,9.600000000000023,64075.5
H,302.4,312,1477,39.7,18,0,0,0,0,0,0,9.600000000000023,58636.9
H,302.4,312,1457,43.4,23,0,0,0,0,0,0,9.600000000000023,63233.799999999996
L,302.4,312.1,1455,40.4,28,0,0,0,0,0,0,9.700000000000045,58782
L,302.5,312.2,1574,38.7,30,0,0,0,0,0,0,9.699999999999989,60913.8
L,302.6,312.2,1695,27.1,32,0,0,0,0,0,0,9.599999999999966,45934.5
M,302.6,312.2,1458,38.8,34,0,0,0,0,0,0,9.599999999999966,56570.399999999994
M,302.5,312.1,1454,47.6,37,0,0,0,0,0,0,9.600000000000023,69210.40000000001
L,302.5,312,2052,18.9,40,0,0,0,0,0,0,9.5,38782.799999999996
L,302.5,312,1673,29.9,42,0,0,0,0,0,0,9.5,50022.7
L,302.4,311.9,1578,29.9,44,0,0,0,0,0,0,9.5,47182.2
M,302.5,312,1642,29.1,46,0,0,0,0,0,0,9.5,47782.200000000004
M,302.4,311.8,1557,31.5,49,0,0,0,0,0,0,9.400000000000034,49045.5
L,302.5,311.9,1481,42.9,52,0,0,0,0,0,0,9.399999999999977,63534.9
M,302.5,311.8,1566,37.6,54,0,0,0,0,0,0,9.300000000000011,58881.600000000006
M,302.5,311.9,1298,57.5,57,0,0,0,0,0,0,9.399999999999977,74635
M,302.5,311.9,1340,59.4,60,0,0,0,0,0,0,9.399999999999977,79596
L,302.5,312,1574,33.8,63,0,0,0,0,0,0,9.5,53201.2
L,302.5,311.9,1437,46.7,65,0,0,0,0,0,0,9.399999999999977,67107.90000000001
L,302.6,311.9,1354,48,67,0,0,0,0,0,0,9.299999999999955,64992
L,302.6,311.9,1598,35.5,69,0,0,0,0,0,0,9.299999999999955,56729
M,302.7,312,1944,21.4,71,0,0,0,0,0,0,9.300000000000011,41601.6
M,302.7,312,1538,36.7,74,0,0,0,0,0,0,9.300000000000011,56444.600000000006
L,302.7,312,1501,37,77,0,0,0,0,0,0,9.300000000000011,55537
L,302.8,312.1,1441,52.1,79,0,0,0,0,0,0,9.300000000000011,75076.1
M,302.7,312,1652,31,81,0,0,0,0,0,0,9.300000000000011,51212
L,302.8,312.1,1487,36.6,84,0,0,0,0,0,0,9.300000000000011,54424.200000000004
L,302.9,312.2,1605,33.9,86,0,0,0,0,0,0,9.300000000000011,54409.5
L,302.9,312.1,1334,54.7,88,0,0,0,0,0,0,9.200000000000045,72969.8
L,302.9,312.2,1340,57.8,90,0,0,0,0,0,0,9.300000000000011,77452
L,302.9,312.2,1513,37.8,92,0,0,0,0,0,0,9.300000000000011,57191.399999999994
L,302.9,312.2,1510,41.4,94,0,0,0,0,0,0,9.300000000000011,62514
L,302.9,312.2,1729,23.6,96,0,0,0,0,0,0,9.300000000000011,40804.4
M,302.9,312.2,1745,25.5,98,0,0,0,0,0,0,9.300000000000011,44497.5
M,303.1,312.3,1623,31.6,101,0,0,0,0,0,0,9.199999999999989,51286.8
M,303.1,312.4,1378,50.1,104,0,0,0,0,0,0,9.299999999999955,69037.8
L,303.1,312.4,1407,41.2,107,0,0,0,0,0,0,9.299999999999955,57968.4
M,303,312.3,1674,29.5,109,0,0,0,0,0,0,9.300000000000011,49383
L,303,312.3,1486,42.4,112,0,0,0,0,0,0,9.300000000000011,63006.4
M,303,312.3,1483,38.8,114,0,0,0,0,0,0,9.300000000000011,57540.399999999994
H,303,312.2,1624,28.8,117,0,0,0,0,0,0,9.199999999999989,46771.200000000004
M,303,312.2,1257,71.3,122,1,0,0,1,0,0,9.199999999999989,89624.09999999999
L,303,312.3,1480,41.4,125,0,0,0,0,0,0,9.300000000000011,61272
L,303.1,312.4,1404,61.5,127,1,0,0,1,0,0,9.299999999999955,86346
M,303,312.4,1645,29.6,129,0,0,0,0,0,0,9.399999999999977,48692
L,303,312.3,1932,21.9,132,0,0,0,0,0,0,9.300000000000011,42310.799999999996
L,303,312.3,1533,38.5,134,0,0,0,0,0,0,9.300000000000011,59020.5
M,302.9,312.2,1292,54.4,136,0,0,0,0,0,0,9.300000000000011,70284.8
L,302.9,312.2,1571,40.6,139,0,0,0,0,0,0,9.300000000000011,63782.600000000006
L,302.9,312.3,1578,36.3,141,0,0,0,0,0,0,9.400000000000034,57281.399999999994
M,302.8,312.2,1469,36.9,143,0,0,0,0,0,0,9.399999999999977,54206.1
L,302.7,312.1,1728,24.4,146,0,0,0,0,0,0,9.400000000000034,42163.2
H,302.7,312.1,1603,32.5,148,0,0,0,0,0,0,9.400000000000034,52097.5
L,302.7,312.1,1597,39.8,153,0,0,0,0,0,0,9.400000000000034,63560.6
L,302.7,312.1,1688,32,155,0,0,0,0,0,0,9.400000000000034,54016
L,302.7,312.2,1405,51.4,157,0,0,0,0,0,0,9.5,72217
M,302.8,312.2,1615,32.9,159,0,0,0,0,0,0,9.399999999999977,53133.5
L,302.8,312.2,1515,36.8,162,0,0,0,0,0,0,9.399999999999977,55751.99999999999
L,302.7,312.2,1376,52.8,164,0,0,0,0,0,0,9.5,72652.8
L,302.7,312.2,1447,47.5,166,0,0,0,0,0,0,9.5,68732.5
M,302.6,312.2,1353,56.5,168,0,0,0,0,0,0,9.599999999999966,76444.5
L,302.6,312.1,1502,47.3,171,0,0,0,0,0,0,9.5,71044.59999999999
L,302.6,312,1447,45.5,173,0,0,0,0,0,0,9.399999999999977,65838.5
M,302.5,312,1487,46.1,175,0,0,0,0,0,0,9.5,68550.7
L,302.6,312.1,1519,38.1,178,0,0,0,0,0,0,9.5,57873.9
L,302.6,312.1,1668,28.7,180,0,0,0,0,0,1,9.5,47871.6
L,302.6,312.1,1420,51.6,182,0,0,0,0,0,0,9.5,73272
L,302.6,312.1,1473,37.3,184,0,0,0,0,0,0,9.5,54942.899999999994
L,302.5,312,1495,38.8,186,0,0,0,0,0,0,9.5,58005.99999999999
L,302.5,312,1574,42,188,0,0,0,0,0,0,9.5,66108
L,302.5,312,1383,51.3,190,0,0,0,0,0,0,9.5,70947.9
M,302.5,312,1591,29.4,192,0,0,0,0,0,0,9.5,46775.399999999994
M,302.4,311.8,1644,37.2,195,0,0,0,0,0,0,9.400000000000034,61156.8
H,302.5,311.8,2370,14.7,198,0,0,0,0,0,0,9.300000000000011,34839
L,302.5,311.9,1401,44.9,203,0,0,0,0,0,0,9.399999999999977,62904.9
M,302.5,311.9,1414,51.6,205,0,0,0,0,0,0,9.399999999999977,72962.40000000001
L,302.5,312,1456,46.3,208,0,0,0,0,0,0,9.5,67412.8
M,302.5,312,1447,45.7,210,0,0,0,0,0,0,9.5,66127.90000000001
L,302.4,311.8,1727,26.5,213,0,0,0,0,0,0,9.400000000000034,45765.5
L,302.4,311.7,1495,36.8,215,0,0,0,0,0,0,9.300000000000011,55015.99999999999
L,302.3,311.6,1544,34.3,0,0,0,0,0,0,0,9.300000000000011,52959.2
L,302.3,311.5,1387,47.3,2,0,0,0,0,0,0,9.199999999999989,65605.09999999999
M,302.3,311.5,1316,47.2,4,0,0,0,0,0,0,9.199999999999989,62115.200000000004
L,302.3,311.5,1794,26.1,7,0,0,0,0,0,0,9.199999999999989,46823.4
M,302.2,311.4,1372,55.1,9,0,0,0,0,0,0,9.199999999999989,75597.2
M,302.3,311.5,1674,30,12,0,0,0,0,0,0,9.199999999999989,50220
L,302.2,311.4,1477,41.7,15,0,0,0,0,0,0,9.199999999999989,61590.9
L,302.2,311.4,1397,53,17,0,0,0,0,0,0,9.199999999999989,74041
L,302.2,311.5,1616,34,19,0,0,0,0,0,0,9.300000000000011,54944
M,302.3,311.5,1530,42.3,21,0,0,0,0,0,0,9.199999999999989,64718.99999999999
M,302.2,311.4,1539,35.1,24,0,0,0,0,0,0,9.199999999999989,54018.9
L,302.3,311.4,1845,21.9,27,0,0,0,0,0,0,9.099999999999966,40405.5
L,302.2,311.4,1430,43.1,29,0,0,0,0,0,0,9.199999999999989,61633
L,302.2,311.4,2080,19.2,31,0,0,0,0,0,0,9.199999999999989,39936
M,302.2,311.4,1432,45.3,33,0,0,0,0,0,0,9.199999999999989,64869.6
M,302.2,311.5,1479,39.5,36,0,0,0,0,0,0,9.300000000000011,58420.5
L,302.2,311.5,1424,45.2,39,0,0,0,0,0,0,9.300000000000011,64364.8
H,302.2,311.6,1534,37.2,41,0,0,0,0,0,0,9.400000000000034,57064.8
H,302.1,311.6,1701,26.2,46,0,0,0,0,0,0,9.5,44566.2
L,302.2,311.6,1462,50,51,0,0,0,0,0,0,9.400000000000034,73100
M,302.2,311.7,1393,42.5,53,0,0,0,0,0,0,9.5,59202.5
M,302.3,311.7,1453,42.5,56,0,0,0,0,0,0,9.399999999999977,61752.5
L,302.3,311.8,1565,37.8,59,0,0,0,0,0,0,9.5,59156.99999999999
L,302.3,311.8,1281,51.7,61,0,0,0,0,0,0,9.5,66227.7
M,302.2,311.7,1584,36.2,63,0,0,0,0,0,0,9.5,57340.8
M,302.2,311.7,1466,49,66,0,0,0,0,0,0,9.5,71834
M,302.2,311.6,1386,50.5,69,0,0,0,0,0,0,9.400000000000034,69993
L,302.2,311.6,1383,44.3,72,0,0,0,0,0,0,9.400000000000034,61266.899999999994
H,302.3,311.6,1441,53.9,74,0,0,0,0,0,0,9.300000000000011,77669.9
M,302.2,311.6,1592,37.7,79,0,0,0,0,0,0,9.400000000000034,60018.4
H,302.2,311.6,1594,36.8,82,0,0,0,0,0,0,9.400000000000034,58659.2
L,302.2,311.5,1482,45.6,87,0,0,0,0,0,0,9.300000000000011,67579.2
L,302.2,311.6,1658,31.4,89,0,0,0,0,0,0,9.400000000000034,52061.2
L,302.3,311.7,2170,18.2,91,0,0,0,0,0,0,9.399999999999977,39494
M,302.3,311.7,1423,44.6,93,0,0,0,0,0,0,9.399999999999977,63465.8
L,302.4,311.8,1543,31.1,96,0,0,0,0,0,0,9.400000000000034,47987.3
L,302.3,311.8,1435,44.8,98,0,0,0,0,0,0,9.5,64287.99999999999
L,302.4,311.8,1320,56.4,100,0,0,0,0,0,0,9.400000000000034,74448
M,302.4,311.9,1313,55.7,102,0,0,0,0,0,0,9.5,73134.1
M,302.4,311.8,1453,42.1,105,0,0,0,0,0,0,9.400000000000034,61171.3
L,302.4,311.8,1508,45.7,108,0,0,0,0,0,0,9.400000000000034,68915.6
L,302.4,311.8,1451,42,110,0,0,0,0,0,0,9.400000000000034,60942
H,302.5,311.9,1595,34.6,112,0,0,0,0,0,0,9.399999999999977,55187
L,302.5,311.9,1354,49.4,117,0,0,0,0,0,0,9.399999999999977,66887.59999999999
L,302.5,311.9,1265,59.8,119,0,0,0,0,0,0,9.399999999999977,75647
L,302.4,311.9,1867,25.9,121,0,0,0,0,0,0,9.5,48355.299999999996
L,302.5,311.9,1497,41.6,123,0,0,0,0,0,0,9.399999999999977,62275.200000000004
M,302.5,311.9,1347,54.3,125,0,0,0,0,0,0,9.399999999999977,73142.09999999999
L,302.3,311.7,1544,43.2,128,0,0,0,0,0,0,9.399999999999977,66700.8
H,302.3,311.7,1456,45.4,130,0,0,0,0,0,0,9.399999999999977,66102.4
L,302.5,311.8,1335,52.7,135,0,0,0,0,0,0,9.300000000000011,70354.5
L,302.4,311.9,1452,43.1,137,0,0,0,0,0,0,9.5,62581.200000000004
L,302.4,311.9,1290,70,139,1,0,0,1,0,0,9.5,90300
L,302.4,311.8,1448,43.4,141,0,0,0,0,0,0,9.400000000000034,62843.2
L,302.3,311.7,1611,38.6,143,0,0,0,0,0,0,9.399999999999977,62184.600000000006
L,302.2,311.7,1556,38.6,145,0,0,0,0,0,0,9.5,60061.600000000006
H,302.2,311.7,1413,46.5,147,0,0,0,0,0,0,9.5,65704.5
L,302.2,311.6,1545,35.9,152,0,0,0,0,0,0,9.400000000000034,55465.5
L,302.2,311.7,1330,54.6,154,0,0,0,0,0,0,9.5,72618
L,302.2,311.9,1596,38,156,0,0,0,0,0,0,9.699999999999989,60648
L,302.2,311.8,1618,36,158,0,0,0,0,0,0,9.600000000000023,58248
H,302.2,311.9,1597,35.8,160,0,0,0,0,0,0,9.699999999999989,57172.6
L,302.3,312,1354,52.2,165,0,0,0,0,0,0,9.699999999999989,70678.8
L,302.3,312,1746,28.1,167,0,0,0,0,0,0,9.699999999999989,49062.600000000006
L,302.4,312,1621,32.5,169,0,0,0,0,0,0,9.600000000000023,52682.5
L,302.3,312,1398,43.3,171,0,0,0,0,0,0,9.699999999999989,60533.399999999994
L,302.3,311.9,1434,51.9,173,0,0,0,0,0,0,9.599999999999966,74424.59999999999
M,302.3,311.8,1443,43.4,175,0,0,0,0,0,0,9.5,62626.2
L,302.2,311.7,1488,44.6,178,0,0,0,0,0,0,9.5,66364.8
M,302.3,311.8,1475,48,180,0,0,0,0,0,0,9.5,70800
L,302.3,311.8,1433,50.3,183,0,0,0,0,0,0,9.5,72079.9
M,302.3,311.8,1557,34.1,185,0,0,0,0,0,0,9.5,53093.700000000004
M,302.4,311.9,1398,50.1,188,0,0,0,0,0,0,9.5,70039.8
M,302.3,311.8,1559,34.4,191,0,0,0,0,0,0,9.5,53629.6
M,302.4,311.9,1422,46.4,194,0,0,0,0,0,0,9.5,65980.8
M,302.3,311.8,1463,35.7,197,0,0,0,0,0,0,9.5,52229.100000000006
L,302.3,311.7,1793,25.3,200,0,0,0,0,0,0,9.399999999999977,45362.9
L,302.2,311.6,1872,20.4,202,0,0,0,0,0,0,9.400000000000034,38188.799999999996
L,302.2,311.7,1412,44.5,204,0,0,0,0,0,0,9.5,62834
L,302.3,311.8,1487,43.2,206,0,0,0,0,0,0,9.5,64238.4
L,302.3,311.8,1369,56.2,208,1,0,0,0,1,0,9.5,76937.8
L,302.4,311.8,1673,30.1,210,0,0,0,0,0,0,9.400000000000034,50357.3
M,302.4,311.9,1439,36.6,212,0,0,0,0,0,0,9.5,52667.4
L,302.3,311.8,1574,42.8,215,0,0,0,0,0,0,9.5,67367.2
L,302.3,311.7,1281,48.8,0,0,0,0,0,0,0,9.399999999999977,62512.799999999996
M,302.2,311.7,1653,31.4,2,0,0,0,0,0,0,9.5,51904.2
M,302.3,311.7,1535,38.3,5,0,0,0,0,0,0,9.399999999999977,58790.49999999999
M,302.3,311.7,1483,40.5,8,0,0,0,0,0,0,9.399999999999977,60061.5
L,302.3,311.7,1414,47,11,0,0,0,0,0,0,9.399999999999977,66458
M,302.2,311.6,1379,42.9,13,0,0,0,0,0,0,9.400000000000034,59159.1
H,302.2,311.5,1482,42.6,16,0,0,0,0,0,0,9.300000000000011,63133.200000000004
L,302.1,311.5,1987,20.1,21,0,0,0,0,0,0,9.399999999999977,39938.700000000004
M,302.1,311.5,1635,31.6,23,0,0,0,0,0,0,9.399999999999977,51666
L,302.1,311.5,1533,39.4,26,0,0,0,0,0,0,9.399999999999977,60400.2
M,302.2,311.7,1576,34,28,0,0,0,0,0,0,9.5,53584
H,302.2,311.8,1330,62.4,31,0,0,0,0,0,0,9.600000000000023,82992
L,302.2,311.8,1981,21.8,36,0,0,0,0,0,0,9.600000000000023,43185.8
H,302.3,311.8,1475,42.8,38,0,0,0,0,0,0,9.5,63129.99999999999
H,302.3,311.8,1804,25,43,0,0,0,0,0,0,9.5,45100
L,302.2,311.6,1416,54.1,48,0,0,0,0,0,0,9.400000000000034,76605.6
L,302.1,311.5,1727,27.7,50,0,0,0,0,0,0,9.399999999999977,47837.9
L,302.1,311.4,1391,49.2,52,0,0,0,0,0,0,9.299999999999955,68437.2
M,302,311.5,1366,52.3,54,0,0,0,0,0,0,9.5,71441.8
L,301.9,311.3,1366,55.6,57,0,0,0,0,0,0,9.400000000000034,75949.6
L,301.9,311.3,1501,40.8,59,0,0,0,0,0,0,9.400000000000034,61240.799999999996
L,301.8,311.3,1551,35.8,61,0,0,0,0,0,0,9.5,55525.799999999996
M,301.9,311.3,1522,35.6,63,0,0,0,0,0,0,9.400000000000034,54183.200000000004
L,301.9,311.2,1369,49.8,66,0,0,0,0,0,0,9.300000000000011,68176.2
L,301.8,311.2,1334,52.3,68,0,0,0,0,0,0,9.399999999999977,69768.2
H,301.8,311.2,1451,39.4,70,0,0,0,0,0,0,9.399999999999977,57169.4
L,301.7,311.2,1589,37.9,75,0,0,0,0,0,0,9.5,60223.1
L,301.7,311.3,1708,30.5,77,0,0,0,0,0,0,9.600000000000023,52094
M,301.7,311.2,1413,42.6,79,0,0,0,0,0,0,9.5,60193.8
M,301.6,311.2,1415,46.5,82,0,0,0,0,0,0,9.599999999999966,65797.5
L,301.7,311.3,1421,45.9,85,0,0,0,0,0,0,9.600000000000023,65223.9
L,301.7,311.3,1348,51,87,0,0,0,0,0,0,9.600000000000023,68748
L,301.6,311.2,1408,42.9,89,0,0,0,0,0,0,9.599999999999966,60403.2
L,301.6,311.2,1525,43.7,91,0,0,0,0,0,0,9.599999999999966,66642.5
L,301.6,311.3,1706,29.9,93,0,0,0,0,0,0,9.699999999999989,51009.399999999994
H,301.6,311.2,1395,46.8,95,0,0,0,0,0,0,9.599999999999966,65285.99999999999
L,301.5,311.1,1602,34.3,100,0,0,0,0,0,0,9.600000000000023,54948.6
L,301.6,311.1,1907,21.5,102,0,0,0,0,0,0,9.5,41000.5
L,301.6,311.1,1325,49.2,104,0,0,0,0,0,0,9.5,65190.00000000001
L,301.6,311.1,1408,44.4,106,0,0,0,0,0,0,9.5,62515.2
M,301.7,311.1,1489,41.4,108,0,0,0,0,0,0,9.400000000000034,61644.6
L,301.6,311.1,1680,29.2,111,0,0,0,0,0,0,9.5,49056
L,301.7,311.2,1517,42.4,113,0,0,0,0,0,0,9.5,64320.799999999996
M,301.7,311.1,1618,36.7,115,0,0,0,0,0,0,9.400000000000034,59380.600000000006
L,301.7,311.1,1455,39.8,118,0,0,0,0,0,0,9.400000000000034,57908.99999999999
H,301.8,311.1,1543,36.4,120,0,0,0,0,0,0,9.300000000000011,56165.2
M,301.8,311.1,1399,41.8,125,0,0,0,0,0,0,9.300000000000011,58478.2
L,301.7,311.1,1469,37.2,128,0,0,0,0,0,0,9.400000000000034,54646.8
L,301.7,311.2,1521,36.7,130,0,0,0,0,0,0,9.5,55820.700000000004
L,301.7,311.3,1584,38.8,132,0,0,0,0,0,0,9.600000000000023,61459.2
L,301.8,311.5,1443,43.3,134,0,0,0,0,0,0,9.699999999999989,62481.899999999994
M,301.8,311.5,1416,49,136,0,0,0,0,0,0,9.699999999999989,69384
M,301.7,311.2,1563,34.5,139,0,0,0,0,0,0,9.5,53923.5
M,301.8,311.3,1542,40.1,142,0,0,0,0,0,0,9.5,61834.200000000004
M,301.8,311.3,1624,31.6,145,0,0,0,0,0,0,9.5,51318.4
L,301.8,311.3,1471,44.2,148,0,0,0,0,0,0,9.5,65018.200000000004
M,301.9,311.5,1492,40.8,150,0,0,0,0,0,0,9.600000000000023,60873.6
M,301.9,311.4,1465,39.9,153,0,0,0,0,0,0,9.5,58453.5
L,301.7,311.1,1399,55.1,156,0,0,0,0,0,0,9.400000000000034,77084.90000000001
L,301.6,311,1431,42.6,158,0,0,0,0,0,0,9.399999999999977,60960.6
L,301.5,310.9,1600,39,160,0,0,0,0,0,0,9.399999999999977,62400
L,301.5,310.8,1593,34.5,162,0,0,0,0,0,0,9.300000000000011,54958.5
L,301.5,310.9,1469,44.7,164,0,0,0,0,0,0,9.399999999999977,65664.3
L,301.5,310.8,1413,44.6,166,0,0,0,0,0,0,9.300000000000011,63019.8
L,301.4,310.8,1490,38,168,0,0,0,0,0,0,9.400000000000034,56620
L,301.5,310.9,1671,31.1,170,0,0,0,0,0,0,9.399999999999977,51968.100000000006
L,301.5,310.9,1365,46.5,172,0,0,0,0,0,0,9.399999999999977,63472.5
M,301.4,310.9,1557,39.3,174,0,0,0,0,0,0,9.5,61190.1
L,301.4,310.9,1440,45.4,177,0,0,0,0,0,0,9.5,65376
M,301.4,310.9,1489,38.9,179,0,0,0,0,0,0,9.5,57922.1
L,301.4,311,1733,25.7,182,0,0,0,0,0,0,9.600000000000023,44538.1
H,301.3,311,1580,36.6,184,0,0,0,0,0,0,9.699999999999989,57828
L,301.3,311,1856,21.9,189,0,0,0,0,0,0,9.699999999999989,40646.399999999994
L,301.3,311.1,1454,40.3,191,0,0,0,0,0,0,9.800000000000011,58596.2
L,301.4,311.1,1495,36.3,193,0,0,0,0,0,0,9.700000000000045,54268.49999999999
L,301.2,311,1761,29.1,195,0,0,0,0,0,0,9.800000000000011,51245.100000000006
M,301.3,311,1402,47.5,197,0,0,0,0,0,0,9.699999999999989,66595
L,301.2,311,1670,33,200,0,0,0,0,0,0,9.800000000000011,55110
L,301.3,311,1582,35.6,202,0,0,0,0,0,0,9.699999999999989,56319.200000000004
L,301.3,311,1542,35.1,204,0,0,0,0,0,0,9.699999999999989,54124.200000000004
L,301.3,311,1539,36.9,206,0,0,0,0,0,0,9.699999999999989,56789.1
L,301.3,311,1418,41.9,208,0,0,0,0,0,0,9.699999999999989,59414.2
L,301.3,311.1,1723,27.6,210,0,0,0,0,0,0,9.800000000000011,47554.8
L,301.3,311.1,1303,49.2,212,0,0,0,0,0,0,9.800000000000011,64107.600000000006
M,301.3,311,1463,50.2,214,0,0,0,0,0,0,9.699999999999989,73442.6
L,301.2,311,1544,39.3,217,0,0,0,0,0,0,9.800000000000011,60679.2
L,301.2,311,1596,37.2,219,0,0,0,0,0,0,9.800000000000011,59371.200000000004
L,301.3,311.1,1413,42,221,0,0,0,0,0,0,9.800000000000011,59346
M,301.3,311.1,1492,41.2,223,0,0,0,0,0,0,9.800000000000011,61470.4
L,301.3,311.1,1624,40.9,0,0,0,0,0,0,0,9.800000000000011,66421.59999999999
L,301.3,311.1,1504,39.1,2,0,0,0,0,0,0,9.800000000000011,58806.4
M,301.2,311.1,1574,34.3,4,0,0,0,0,0,0,9.900000000000034,53988.2
M,301.3,311.2,1438,42.4,7,0,0,0,0,0,0,9.899999999999977,60971.2
L,301.3,311.3,1474,50.7,10,0,0,0,0,0,0,10,74731.8
L,301.3,311.2,1675,32.1,12,0,0,0,0,0,0,9.899999999999977,53767.5
L,301.3,311.2,1457,44.5,14,0,0,0,0,0,0,9.899999999999977,64836.5
L,301.3,311.3,1434,49.8,16,0,0,0,0,0,0,10,71413.2
L,301.3,311.2,1668,30.1,18,0,0,0,0,0,0,9.899999999999977,50206.8
L,301.2,311.1,1550,39.7,20,0,0,0,0,0,0,9.900000000000034,61535.00000000001
M,301.3,311.1,1834,25.4,22,0,0,0,0,0,0,9.800000000000011,46583.6
M,301.4,311.2,1476,36.5,25,0,0,0,0,0,0,9.800000000000011,53874
M,301.4,311.2,1541,36.3,28,0,0,0,0,0,0,9.800000000000011,55938.299999999996
M,301.3,311.1,1581,30.9,31,0,0,0,0,0,0,9.800000000000011,48852.899999999994
M,301.3,311.1,1678,30.7,34,0,0,0,0,0,0,9.800000000000011,51514.6
L,301.4,311.2,1355,50.6,37,0,0,0,0,0,0,9.800000000000011,68563
L,301.5,311.2,1700,28.8,39,0,0,0,0,0,0,9.699999999999989,48960
L,301.4,311.1,1462,37.1,41,0,0,0,0,0,0,9.700000000000045,54240.200000000004
M,301.4,311.2,1727,26.5,43,0,0,0,0,0,0,9.800000000000011,45765.5
L,301.4,311.3,1674,33.3,46,0,0,0,0,0,0,9.900000000000034,55744.2
L,301.4,311.3,1397,42.3,48,0,0,0,0,0,0,9.900000000000034,59093.1
L,301.4,311.3,2323,15.9,50,0,0,0,0,0,0,9.900000000000034,36935.700000000004
M,301.4,311.2,1434,47.6,52,0,0,0,0,0,0,9.800000000000011,68258.40000000001
L,301.3,311.1,1560,35.3,55,0,0,0,0,0,0,9.800000000000011,55067.99999999999
L,301.2,311,1573,32.8,57,0,0,0,0,0,0,9.800000000000011,51594.399999999994
H,301.2,310.9,1798,22.3,59,0,0,0,0,0,0,9.699999999999989,40095.4
L,301.2,311,1567,35.1,64,0,0,0,0,0,0,9.800000000000011,55001.700000000004
L,301.2,310.9,1416,53.3,66,0,0,0,0,0,0,9.699999999999989,75472.8
M,301.2,310.9,1424,45.2,68,0,0,0,0,0,0,9.699999999999989,64364.8
H,301.2,310.9,1598,35.9,71,0,0,0,0,0,0,9.699999999999989,57368.2
L,301.3,310.9,1760,23.9,76,0,0,0,0,0,0,9.599999999999966,42064
L,301.3,311,1348,44.5,78,0,0,0,0,0,0,9.699999999999989,59986
L,301.3,311,1542,33.6,80,0,0,0,0,0,0,9.699999999999989,51811.200000000004
L,301.3,310.9,1566,33.1,82,0,0,0,0,0,0,9.599999999999966,51834.600000000006
L,301.3,311,1554,47.7,84,0,0,0,0,0,0,9.699999999999989,74125.8
L,301.4,311,1470,40.6,86,0,0,0,0,0,0,9.600000000000023,59682
M,301.4,311.1,1758,25.4,88,0,0,0,0,0,0,9.700000000000045,44653.2
M,301.4,311,1486,36.5,91,0,0,0,0,0,0,9.600000000000023,54239
M,301.5,311.1,1402,40,94,0,0,0,0,0,0,9.600000000000023,56080
L,301.5,311.1,1459,45.1,97,0,0,0,0,0,0,9.600000000000023,65800.90000000001
L,301.5,311,1494,45.3,99,0,0,0,0,0,0,9.5,67678.2
L,301.5,311.1,1731,27.9,101,0,0,0,0,0,0,9.600000000000023,48294.899999999994
L,301.5,311.1,2076,18.7,103,0,0,0,0,0,0,9.600000000000023,38821.2
L,301.5,311.1,2055,16.8,105,0,0,0,0,0,0,9.600000000000023,34524
L,301.5,311.1,1469,49.5,107,0,0,0,0,0,0,9.600000000000023,72715.5
M,301.5,311,1504,42.6,109,0,0,0,0,0,0,9.5,64070.4
M,301.5,311.1,1396,43.5,112,0,0,0,0,0,0,9.600000000000023,60726
M,301.5,311.1,1660,33.8,115,0,0,0,0,0,0,9.600000000000023,56107.99999999999
M,301.5,311,1577,39.7,118,0,0,0,0,0,0,9.5,62606.9
L,301.5,311.1,1426,52.1,121,0,0,0,0,0,0,9.600000000000023,74294.6
L,301.5,311.1,1458,41.4,123,0,0,0,0,0,0,9.600000000000023,60361.2
L,301.4,311,1533,45.8,125,0,0,0,0,0,0,9.600000000000023,70211.4
L,301.4,311,1701,28.4,127,0,0,0,0,0,0,9.600000000000023,48308.399999999994
L,301.5,311.1,1434,49.6,129,0,0,0,0,0,0,9.600000000000023,71126.40000000001
L,301.4,311.1,1952,22.7,131,0,0,0,0,0,0,9.700000000000045,44310.4
L,301.4,311.1,1469,36.9,133,0,0,0,0,0,0,9.700000000000045,54206.1
L,301.4,311.1,1800,26,135,0,0,0,0,0,0,9.700000000000045,46800
M,301.3,311.1,1438,43,137,0,0,0,0,0,0,9.800000000000011,61834
L,301.3,311.1,1647,28.2,140,0,0,0,0,0,0,9.800000000000011,46445.4
L,301.4,311.1,1494,41.9,142,0,0,0,0,0,0,9.700000000000045,62598.6
H,301.4,311.1,1445,41.4,144,0,0,0,0,0,0,9.700000000000045,59823
M,301.5,311.1,1507,38.6,149,0,0,0,0,0,0,9.600000000000023,58170.200000000004
M,301.4,311,1234,55.8,152,0,0,0,0,0,0,9.600000000000023,68857.2
L,301.4,311,1634,32.6,155,0,0,0,0,0,0,9.600000000000023,53268.4
L,301.4,311,1334,53.3,157,0,0,0,0,0,0,9.600000000000023,71102.2
L,301.4,311.1,1472,44.5,159,0,0,0,0,0,0,9.700000000000045,65504
M,301.3,311,1410,52.7,161,0,0,0,0,0,0,9.699999999999989,74307
L,301.2,310.9,1597,37.9,164,0,0,0,0,0,0,9.699999999999989,60526.299999999996
M,301.2,310.9,1460,46.7,166,0,0,0,0,0,0,9.699999999999989,68182
L,301.1,310.8,1274,55.7,169,0,0,0,0,0,0,9.699999999999989,70961.8
M,301,310.7,1517,40.2,171,0,0,0,0,0,0,9.699999999999989,60983.4
L,301,310.7,1300,57.2,174,0,0,0,0,0,0,9.699999999999989,74360
H,300.9,310.6,1686,27.7,176,0,0,0,0,0,0,9.700000000000045,46702.2
M,300.9,310.7,1485,41,181,0,0,0,0,0,0,9.800000000000011,60885
L,301,310.7,1464,45.8,184,0,0,0,0,0,0,9.699999999999989,67051.2
L,300.9,310.6,1598,35.4,186,0,0,0,0,0,0,9.700000000000045,56569.2
L,300.9,310.5,1894,21.9,188,0,0,0,0,0,0,9.600000000000023,41478.6
M,300.8,310.5,1330,59,190,0,0,0,0,0,0,9.699999999999989,78470
H,300.8,310.5,1582,31.1,193,0,0,0,0,0,0,9.699999999999989,49200.200000000004
L,300.7,310.3,1533,35.6,198,0,0,0,0,0,0,9.600000000000023,54574.8
H,300.8,310.4,1419,46.4,200,0,0,0,0,0,0,9.599999999999966,65841.59999999999
M,300.8,310.3,1526,36.3,205,0,0,0,0,0,0,9.5,55393.799999999996
H,300.7,310.2,1364,65.3,208,1,1,0,1,1,0,9.5,89069.2
M,300.8,310.3,1458,43.4,0,0,0,0,0,0,0,9.5,63277.2
M,300.8,310.4,1288,64,3,0,0,0,0,0,0,9.599999999999966,82432
M,300.7,310.3,1659,29.8,6,0,0,0,0,0,0,9.600000000000023,49438.200000000004
H,300.7,310.2,1479,52.3,9,0,0,0,0,0,0,9.5,77351.7
L,300.7,310.3,1592,36,14,0,0,0,0,0,0,9.600000000000023,57312
M,300.6,310.2,1532,38.7,16,0,0,0,0,0,0,9.599999999999966,59288.4
L,300.6,310.2,1555,41.9,19,0,0,0,0,0,0,9.599999999999966,65154.5
L,300.6,310.2,1341,52.6,21,0,0,0,0,0,0,9.599999999999966,70536.6
L,300.6,310.1,1541,42,23,0,0,0,0,0,0,9.5,64722
L,300.6,310.3,1414,50.6,25,0,0,0,0,0,0,9.699999999999989,71548.40000000001
L,300.5,310.2,1764,25.9,27,0,0,0,0,0,0,9.699999999999989,45687.6
L,300.5,310.3,1336,57.1,29,0,0,0,0,0,0,9.800000000000011,76285.6
L,300.5,310.3,1435,43.3,31,0,0,0,0,0,0,9.800000000000011,62135.49999999999
M,300.4,310.3,1537,35,33,0,0,0,0,0,0,9.900000000000034,53795
L,300.3,310.2,1369,48.8,36,0,0,0,0,0,0,9.899999999999977,66807.2
M,300.2,310.1,1619,31.3,38,0,0,0,0,0,0,9.900000000000034,50674.700000000004
L,300.2,310.1,1440,51.1,41,0,0,0,0,0,0,9.900000000000034,73584
L,300.2,310.1,1649,30.5,43,0,0,0,0,0,0,9.900000000000034,50294.5
M,300.2,310.1,1550,38.7,45,0,0,0,0,0,0,9.900000000000034,59985.00000000001
L,300.3,310.2,1471,45.2,48,0,0,0,0,0,0,9.899999999999977,66489.2
L,300.3,310.3,1483,51.6,50,0,0,0,0,0,0,10,76522.8
L,300.3,310.4,1336,54.4,52,0,0,0,0,0,0,10.099999999999966,72678.4
L,300.5,310.5,1515,36.6,54,0,0,0,0,0,0,10,55449
L,300.5,310.5,1373,47.4,56,0,0,0,0,0,0,10,65080.2
H,300.6,310.5,1454,51.2,58,0,0,0,0,0,0,9.899999999999977,74444.8
L,300.5,310.5,1646,34.5,63,0,0,0,0,0,0,10,56787
M,300.5,310.4,1548,37.3,65,0,0,0,0,0,0,9.899999999999977,57740.399999999994
M,300.6,310.5,1462,41.3,68,0,0,0,0,0,0,9.899999999999977,60380.6
L,300.5,310.4,1702,33.1,71,0,0,0,0,0,0,9.899999999999977,56336.200000000004
L,300.5,310.5,1409,60.9,73,0,0,0,0,0,0,10,85808.09999999999
M,300.6,310.6,1427,52.8,75,0,0,0,0,0,0,10,75345.59999999999
L,300.6,310.7,1438,48.5,78,1,0,0,0,0,0,10.099999999999966,69743
L,300.7,310.7,1450,43.4,80,0,0,0,0,0,0,10,62930
L,300.7,310.7,1541,41.3,82,0,0,0,0,0,0,10,63643.299999999996
M,300.7,310.6,1484,38,84,0,0,0,0,0,0,9.900000000000034,56392
M,300.8,310.8,1415,44.5,87,0,0,0,0,0,0,10,62967.5
L,300.7,310.8,1496,46.4,90,0,0,0,0,0,0,10.100000000000023,69414.4
M,300.7,310.8,1465,45.2,92,0,0,0,0,0,0,10.100000000000023,66218
L,300.7,310.8,2113,18.5,95,0,0,0,0,0,0,10.100000000000023,39090.5
M,300.7,310.8,1506,44,97,0,0,0,0,0,0,10.100000000000023,66264
L,300.7,310.8,1689,28.9,100,0,0,0,0,0,0,10.100000000000023,48812.1
L,300.7,310.9,1650,29.4,102,0,0,0,0,0,0,10.199999999999989,48510
L,300.7,310.8,1563,33.8,104,0,0,0,0,0,0,10.100000000000023,52829.399999999994
M,300.7,310.9,1486,38.9,106,0,0,0,0,0,0,10.199999999999989,57805.4
L,300.8,310.9,1732,25.7,109,0,0,0,0,0,0,10.099999999999966,44512.4
L,300.7,310.8,1653,31.6,111,0,0,0,0,0,0,10.100000000000023,52234.8
L,300.7,310.9,1535,37.1,113,0,0,0,0,0,0,10.199999999999989,56948.5
L,300.7,310.9,1637,37.2,115,0,0,0,0,0,0,10.199999999999989,60896.4
L,300.6,310.8,1533,38.5,117,0,0,0,0,0,0,10.199999999999989,59020.5
L,300.6,310.8,1378,51.2,119,0,0,0,0,0,0,10.199999999999989,70553.6
L,300.5,310.7,1606,33.5,121,0,0,0,0,0,0,10.199999999999989,53801
L,300.3,310.7,1539,32.3,123,0,0,0,0,0,0,10.399999999999977,49709.7
L,300.5,310.8,1728,26.3,125,0,0,0,0,0,0,10.300000000000011,45446.4
H,300.4,310.7,1656,36.3,127,0,0,0,0,0,0,10.300000000000011,60112.799999999996
H,300.5,310.8,1631,30.5,132,0,0,0,0,0,0,10.300000000000011,49745.5
H,300.5,310.9,1447,46.5,137,0,0,0,0,0,0,10.399999999999977,67285.5
L,300.4,310.8,1396,49.3,142,0,0,0,0,0,0,10.400000000000034,68822.8
L,300.4,310.8,1390,52.5,144,0,0,0,0,0,0,10.400000000000034,72975
L,300.4,310.8,1348,56,146,0,0,0,0,0,0,10.400000000000034,75488
M,300.4,310.8,1491,35.9,148,0,0,0,0,0,0,10.400000000000034,53526.9
L,300.4,310.8,1520,37.6,151,0,0,0,0,0,0,10.400000000000034,57152
L,300.5,310.8,1509,33,153,0,0,0,0,0,0,10.300000000000011,49797
L,300.5,310.8,1445,46.6,155,0,0,0,0,0,0,10.300000000000011,67337
L,300.5,310.8,1354,51.8,157,0,0,0,0,0,0,10.300000000000011,70137.2
L,300.5,310.7,1488,39.4,159,0,0,0,0,0,0,10.199999999999989,58627.2
H,300.5,310.7,1654,28.6,161,0,0,0,0,0,0,10.199999999999989,47304.4
H,300.5,310.6,1378,51.5,166,0,0,0,0,0,0,10.100000000000023,70967
L,300.6,310.7,1750,30.6,171,0,0,0,0,0,0,10.099999999999966,53550
L,300.5,310.6,1448,46.3,173,0,0,0,0,0,0,10.100000000000023,67042.4
H,300.6,310.7,1501,45.3,175,0,0,0,0,0,0,10.099999999999966,67995.3
M,300.6,310.7,1654,32,180,0,0,0,0,0,0,10.099999999999966,52928
M,300.7,310.7,1347,46.5,183,0,0,0,0,0,0,10,62635.5
L,300.7,310.8,1486,37.1,186,0,0,0,0,0,0,10.100000000000023,55130.6
H,300.8,310.8,1466,45.2,188,0,0,0,0,0,0,10,66263.2
H,300.7,310.8,1346,52,193,0,0,0,0,0,0,10.100000000000023,69992
L,300.7,310.7,1314,42.4,198,0,0,0,0,0,0,10,55713.6
L,300.6,310.7,1440,52.5,200,0,0,0,0,0,0,10.099999999999966,75600
L,300.7,310.8,1608,39.5,202,0,0,0,0,0,0,10.100000000000023,63516
H,300.7,310.8,1296,58.2,204,0,0,0,0,0,0,10.100000000000023,75427.2
L,300.7,310.7,1507,46.1,209,0,0,0,0,0,0,10,69472.7
M,300.7,310.7,1343,51.6,211,0,0,0,0,0,0,10,69298.8
L,300.7,310.7,1416,40.4,214,0,0,0,0,0,0,10,57206.4
L,300.7,310.6,1288,47.2,216,0,0,0,0,0,0,9.900000000000034,60793.600000000006
M,300.7,310.6,1407,42.4,218,0,0,0,0,0,0,9.900000000000034,59656.799999999996
L,300.6,310.4,1608,39.2,221,0,0,0,0,0,0,9.799999999999955,63033.600000000006
L,300.6,310.3,1920,22.3,223,0,0,0,0,0,0,9.699999999999989,42816
M,300.5,310.2,1386,48.2,225,0,0,0,0,0,0,9.699999999999989,66805.2
M,300.5,310.2,1571,34.6,228,0,0,0,0,0,0,9.699999999999989,54356.600000000006
M,300.4,310.2,1613,36.9,231,0,0,0,0,0,0,9.800000000000011,59519.7
M,300.4,310.2,1671,30.5,234,1,1,0,0,0,0,9.800000000000011,50965.5
H,300.4,310.2,1431,43.2,0,0,0,0,0,0,0,9.800000000000011,61819.200000000004
M,300.4,310.2,1380,47.3,5,0,0,0,0,0,0,9.800000000000011,65273.99999999999
L,300.5,310.3,1683,31.5,8,0,0,0,0,0,0,9.800000000000011,53014.5
L,300.4,310.2,1529,36.2,10,0,0,0,0,0,0,9.800000000000011,55349.8
L,300.5,310.4,1761,26.5,12,0,0,0,0,0,0,9.899999999999977,46666.5
L,300.6,310.5,1570,38.3,14,0,0,0,0,0,0,9.899999999999977,60130.99999999999
M,300.6,310.5,2156,18,16,0,0,0,0,0,0,9.899999999999977,38808
M,300.7,310.6,1349,54.5,19,0,0,0,0,0,0,9.900000000000034,73520.5
L,300.7,310.7,1431,39.3,22,0,0,0,0,0,0,10,56238.299999999996
L,300.6,310.6,1931,22,24,0,0,0,0,0,0,10,42482
H,300.7,310.7,1428,43.4,26,0,0,0,0,0,0,10,61975.2
L,300.8,310.8,1564,36.2,31,0,0,0,0,0,0,10,56616.8
H,300.8,310.9,1425,44,33,0,0,0,0,0,0,10.099999999999966,62700
L,300.7,310.8,1597,30.5,38,0,0,0,0,0,0,10.100000000000023,48708.5
H,300.8,310.8,1618,32.8,40,0,0,0,0,0,0,10,53070.399999999994
M,300.8,310.8,1520,38,45,0,0,0,0,0,0,10,57760
L,300.7,310.7,1425,45.3,48,0,0,0,0,0,0,10,64552.49999999999
L,300.8,310.9,1398,38.2,50,0,0,0,0,0,0,10.099999999999966,53403.600000000006
M,300.8,310.9,1557,31.6,52,0,0,0,0,0,0,10.099999999999966,49201.200000000004
L,300.7,310.8,1519,43.9,55,0,0,0,0,0,0,10.100000000000023,66684.09999999999
L,300.7,310.8,1619,34.9,57,0,0,0,0,0,0,10.100000000000023,56503.1
L,300.7,310.8,1814,21.4,59,0,0,0,0,0,0,10.100000000000023,38819.6
L,300.7,310.9,1521,39.4,61,0,0,0,0,0,0,10.199999999999989,59927.4
M,300.7,310.9,1369,51.2,63,0,0,0,0,0,0,10.199999999999989,70092.8
L,300.7,310.9,1356,65.3,66,1,0,0,1,0,0,10.199999999999989,88546.8
L,300.7,311,1336,53.3,68,0,0,0,0,0,0,10.300000000000011,71208.8
L,300.7,311,1403,48.3,70,0,0,0,0,0,0,10.300000000000011,67764.9
M,300.7,311,1413,44.3,72,0,0,0,0,0,0,10.300000000000011,62595.899999999994
L,300.6,310.9,1472,47.6,75,0,0,0,0,0,0,10.299999999999955,70067.2
M,300.7,310.8,1452,47.9,77,0,0,0,0,0,0,10.100000000000023,69550.8
L,300.6,310.7,1397,53.7,80,0,0,0,0,0,0,10.099999999999966,75018.90000000001
L,300.6,310.7,1455,40.6,82,0,0,0,0,0,0,10.099999999999966,59073
L,300.7,310.8,1754,27.7,84,0,0,0,0,0,0,10.100000000000023,48585.799999999996
L,300.6,310.9,1471,37.9,86,0,0,0,0,0,0,10.299999999999955,55750.9
M,300.6,310.8,1389,48.1,88,0,0,0,0,0,0,10.199999999999989,66810.90000000001
M,300.6,310.9,1702,30.3,91,0,0,0,0,0,0,10.299999999999955,51570.6
M,300.6,311,1401,54.6,94,0,0,0,0,0,0,10.399999999999977,76494.6
L,300.7,311.1,1426,46.2,97,0,0,0,0,0,0,10.400000000000034,65881.2
L,300.7,311,1496,38.3,99,0,0,0,0,0,0,10.300000000000011,57296.799999999996
L,300.6,310.9,1433,42.6,101,0,0,0,0,0,0,10.299999999999955,61045.8
M,300.7,311.1,1438,46.6,103,0,0,0,0,0,0,10.400000000000034,67010.8
M,300.7,311,1418,49.3,106,0,0,0,0,0,0,10.300000000000011,69907.4
M,300.8,311,1580,36.6,109,0,0,0,0,0,0,10.199999999999989,57828
M,300.7,310.9,1468,41.8,112,0,0,0,0,0,0,10.199999999999989,61362.399999999994
M,300.8,310.9,1522,41.7,115,0,0,0,0,0,0,10.099999999999966,63467.4
L,300.8,310.9,1311,55.8,118,0,0,0,0,0,0,10.099999999999966,73153.8
L,300.9,311,1316,56.5,120,0,0,0,0,0,0,10.100000000000023,74354
H,300.9,311,1853,23.6,122,0,0,0,0,0,0,10.100000000000023,43730.8
M,300.9,311,1556,38.8,127,0,0,0,0,0,0,10.100000000000023,60372.799999999996
M,300.9,311,1567,34.3,130,0,0,0,0,0,0,10.100000000000023,53748.1
M,300.9,311.1,1546,37.7,133,0,0,0,0,0,0,10.200000000000045,58284.200000000004
L,300.9,311,1382,51.2,136,0,0,0,0,0,0,10.100000000000023,70758.40000000001
L,300.9,311,2003,20.2,138,0,0,0,0,0,0,10.100000000000023,40460.6
L,300.8,310.9,1748,29.9,140,0,0,0,0,0,0,10.099999999999966,52265.2
H,300.7,310.8,1518,40.1,142,0,0,0,0,0,0,10.100000000000023,60871.8
L,300.7,310.8,1475,42,147,0,0,0,0,0,0,10.100000000000023,61950
L,300.8,310.8,1634,29.2,149,0,0,0,0,0,0,10,47712.799999999996
L,300.8,310.8,1689,32.9,151,0,0,0,0,0,0,10,55568.1
M,300.9,310.9,1636,35.3,153,0,0,0,0,0,0,10,57750.799999999996
L,300.9,311,2235,15.8,156,0,0,0,0,0,0,10.100000000000023,35313
L,301,311.1,1615,35.6,158,0,0,0,0,0,0,10.100000000000023,57494
H,301.1,311.1,1618,29.5,160,0,0,0,0,0,0,10,47731
M,301.1,311.2,1407,53,165,0,0,0,0,0,0,10.099999999999966,74571
L,301.1,311.1,1450,43.3,168,0,0,0,0,0,0,10,62784.99999999999
L,301.1,311.1,1889,23.8,170,0,0,0,0,0,0,10,44958.200000000004
L,301,310.9,1568,38.2,172,0,0,0,0,0,0,9.899999999999977,59897.600000000006
L,301,311,1804,25.8,174,0,0,0,0,0,0,10,46543.200000000004
L,301,311,1582,37.5,176,0,0,0,0,0,0,10,59325
M,301,310.9,2047,17.9,178,0,0,0,0,0,0,9.899999999999977,36641.299999999996
L,300.9,310.9,1601,34,181,0,0,0,0,0,0,10,54434
L,300.9,310.9,1615,32,183,0,0,0,0,0,0,10,51680
M,300.9,310.8,1452,43.6,185,0,0,0,0,0,0,9.900000000000034,63307.200000000004
M,300.9,310.8,1695,30.2,188,0,0,0,0,0,0,9.900000000000034,51189
M,300.9,310.8,1790,26.2,191,0,0,0,0,0,0,9.900000000000034,46898
M,301,310.8,1533,39.3,194,0,0,0,0,0,0,9.800000000000011,60246.899999999994
L,301,310.9,1813,28.5,197,0,0,0,0,0,0,9.899999999999977,51670.5
L,301,310.9,1492,36.7,199,0,0,0,0,0,0,9.899999999999977,54756.4
L,300.9,310.7,1479,43.3,201,0,0,0,0,0,0,9.800000000000011,64040.7
L,300.8,310.7,1339,59.1,203,1,0,0,0,1,0,9.899999999999977,79134.90000000001
M,300.8,310.7,1371,44.7,205,0,0,0,0,0,0,9.899999999999977,61283.700000000004
L,300.9,310.7,1468,36.2,208,0,0,0,0,0,0,9.800000000000011,53141.600000000006
L,300.9,310.7,1517,41.7,210,0,0,0,0,0,0,9.800000000000011,63258.9
L,300.9,310.7,1352,46.4,212,0,0,0,0,0,0,9.800000000000011,62732.799999999996
L,300.9,310.7,1389,50,214,0,0,0,0,0,0,9.800000000000011,69450
M,300.8,310.6,1505,36.2,0,0,0,0,0,0,0,9.800000000000011,54481.00000000001
L,300.9,310.6,1538,36.7,3,0,0,0,0,0,0,9.700000000000045,56444.600000000006
L,300.9,310.8,1482,37,5,0,0,0,0,0,0,9.900000000000034,54834
M,300.9,310.8,1599,33,7,0,0,0,0,0,0,9.900000000000034,52767
L,300.9,310.8,1476,39,10,0,0,0,0,0,0,9.900000000000034,57564
L,300.9,310.7,1509,37.5,12,0,0,0,0,0,0,9.800000000000011,56587.5
L,300.9,310.8,1708,29.1,14,0,0,0,0,0,0,9.900000000000034,49702.8
L,300.9,310.7,1412,57.5,16,0,0,0,0,0,1,9.800000000000011,81190
L,300.9,310.7,1658,28.5,18,0,0,0,0,0,0,9.800000000000011,47253
L,301,310.8,1375,57.2,20,0,0,0,0,0,0,9.800000000000011,78650
M,300.9,310.8,1402,48.1,22,0,0,0,0,0,0,9.900000000000034,67436.2
M,300.9,310.7,1452,47.3,25,0,0,0,0,0,0,9.800000000000011,68679.59999999999
M,300.8,310.7,1483,40.8,28,0,0,0,0,0,0,9.899999999999977,60506.399999999994
H,300.9,310.8,1477,38.4,31,0,0,0,0,0,0,9.900000000000034,56716.799999999996
M,300.8,310.7,1924,22.4,36,0,0,0,0,0,0,9.899999999999977,43097.6
H,300.9,310.7,1609,28.7,39,0,0,0,0,0,0,9.800000000000011,46178.299999999996
M,300.8,310.7,1886,21.1,44,0,0,0,0,0,0,9.899999999999977,39794.600000000006
L,300.7,310.6,1616,29.6,47,0,0,0,0,0,0,9.900000000000034,47833.600000000006
L,300.7,310.7,1442,43.2,49,0,0,0,0,0,0,10,62294.4
L,300.8,310.8,1407,45.1,51,0,0,0,0,0,0,10,63455.700000000004
M,300.8,310.8,1461,41.3,53,0,0,0,0,0,0,10,60339.299999999996
M,300.8,310.9,1522,46.2,56,0,0,0,0,0,0,10.099999999999966,70316.40000000001
L,300.9,311,1432,48.1,59,0,0,0,0,0,0,10.100000000000023,68879.2
L,300.9,311,1438,49,61,0,0,0,0,0,0,10.100000000000023,70462
M,300.8,310.9,1678,28.1,63,0,0,0,0,0,0,10.099999999999966,47151.8
M,300.8,310.9,1514,38.7,66,0,0,0,0,0,0,10.099999999999966,58591.8
L,300.7,310.8,1534,41.3,69,0,0,0,0,0,0,10.100000000000023,63354.2
M,300.7,310.8,1486,41.2,71,0,0,0,0,0,0,10.100000000000023,61223.200000000004
L,300.7,310.8,1925,22,74,0,0,0,0,0,0,10.100000000000023,42350
M,300.7,310.8,1724,30,76,0,0,0,0,0,0,10.100000000000023,51720
M,300.8,310.8,1549,35.5,79,0,0,0,0,0,0,10,54989.5
L,300.8,310.9,1457,47.7,82,0,0,0,0,0,0,10.099999999999966,69498.90000000001
L,300.8,310.9,1453,43.9,84,0,0,0,0,0,0,10.099999999999966,63786.7
L,300.8,311,1578,44.4,86,0,0,0,0,0,0,10.199999999999989,70063.2
M,300.9,311.1,1325,61.4,88,0,0,0,0,0,0,10.200000000000045,81355
L,300.9,311.1,1471,39.3,91,0,0,0,0,0,0,10.200000000000045,57810.299999999996
M,300.9,311.2,1472,40,93,0,0,0,0,0,0,10.300000000000011,58880
L,300.9,311.1,1457,37.4,96,0,0,0,0,0,0,10.200000000000045,54491.799999999996
L,301,311,1402,55.3,98,0,0,0,0,0,0,10,77530.59999999999
L,300.9,310.9,1477,41.5,100,0,0,0,0,0,0,10,61295.5
M,300.9,310.9,1727,30.1,102,0,0,0,0,0,0,10,51982.700000000004
L,300.9,310.9,1995,20.2,105,0,0,0,0,0,0,10,40299
L,300.9,310.9,1370,52.5,107,0,0,0,0,0,0,10,71925
L,300.9,310.9,1228,66.4,109,0,0,0,0,0,0,10,81539.20000000001
L,300.9,311,1499,38,111,0,0,0,0,0,0,10.100000000000023,56962
M,301,311,1508,46.9,113,0,0,0,0,0,0,10,70725.2
L,301,310.9,1473,44.2,116,0,0,0,0,0,0,9.899999999999977,65106.600000000006
H,301,311,1640,37.6,118,0,0,0,0,0,0,10,61664
L,301.1,311.1,1429,42.5,123,0,0,0,0,0,0,10,60732.5
L,301.1,311.1,1470,40.9,125,0,0,0,0,0,0,10,60123
L,301,311,1581,37,127,0,0,0,0,0,0,10,58497
L,301,310.9,1740,28.9,129,0,0,0,0,0,0,9.899999999999977,50286
H,300.9,310.8,1390,40.6,131,0,0,0,0,0,0,9.900000000000034,56434
M,300.9,310.8,1988,19.7,136,0,0,0,0,0,0,9.900000000000034,39163.6
M,300.8,310.7,1452,43,139,0,0,0,0,0,0,9.899999999999977,62436
L,300.8,310.7,1586,33.4,142,0,0,0,0,0,0,9.899999999999977,52972.399999999994
L,300.8,310.7,1589,34.3,144,0,0,0,0,0,0,9.899999999999977,54502.7
L,300.8,310.8,1486,45.7,146,0,0,0,0,0,0,10,67910.2
L,300.9,310.9,1755,27.9,148,0,0,0,0,0,0,10,48964.5
M,301,310.9,1575,34.6,150,0,0,0,0,0,0,9.899999999999977,54495
M,301.1,311.1,1615,37.7,153,0,0,0,0,0,0,10,60885.50000000001
M,301.1,311.1,1436,41.8,156,0,0,0,0,0,0,10,60024.799999999996
M,301.1,311.1,1470,40.6,159,0,0,0,0,0,0,10,59682
M,301.1,311.1,2089,19.8,162,0,0,0,0,0,0,10,41362.200000000004
L,301.1,311.2,1564,37,165,0,0,0,0,0,0,10.099999999999966,57868
M,301,311.1,1420,47.4,167,0,0,0,0,0,0,10.100000000000023,67308
L,301.1,311.1,1711,29.1,170,0,0,0,0,0,0,10,49790.100000000006
L,301.1,311.2,1555,35.3,172,0,0,0,0,0,0,10.099999999999966,54891.49999999999
M,301.1,311.1,1592,35.7,174,0,0,0,0,0,0,10,56834.4
L,301,311.1,1236,64.4,177,1,0,0,0,1,0,10.100000000000023,79598.40000000001
M,301,310.9,1765,24.2,179,0,0,0,0,0,0,9.899999999999977,42713
L,301,311,1634,31.2,182,0,0,0,0,0,0,10,50980.799999999996
L,301.1,311.1,1508,41.5,184,0,0,0,0,0,0,10,62582
L,301.1,311.2,1774,29.6,186,0,0,0,0,0,0,10.099999999999966,52510.4
L,301.1,311,1677,29.1,188,0,0,0,0,0,0,9.899999999999977,48800.700000000004
L,301,311,1399,58,190,1,0,0,0,1,0,10,81142
L,301,310.9,1570,34,192,0,0,0,0,0,0,9.899999999999977,53380
L,301,310.9,1479,44.3,194,0,0,0,0,0,0,9.899999999999977,65519.7
L,301,310.8,1558,34.9,196,0,0,0,0,0,0,9.800000000000011,54374.2
L,300.8,310.7,1358,48.1,198,0,0,0,0,0,0,9.899999999999977,65319.8
H,300.9,310.7,1656,30.7,200,0,0,0,0,0,0,9.800000000000011,50839.2
L,300.9,310.7,1523,35.8,205,0,0,0,0,0,0,9.800000000000011,54523.399999999994
H,300.9,310.7,1403,40.6,207,0,0,0,0,0,0,9.800000000000011,56961.8
M,300.9,310.7,1362,51.6,212,0,0,0,0,0,0,9.800000000000011,70279.2
M,300.7,310.6,1778,27.1,215,0,0,0,0,0,0,9.900000000000034,48183.8
L,300.7,310.5,1448,38.2,218,0,0,0,0,0,0,9.800000000000011,55313.600000000006
H,300.8,310.5,1559,40.1,220,0,0,0,0,0,0,9.699999999999989,62515.9
L,300.8,310.6,1416,42.2,225,0,0,0,0,0,0,9.800000000000011,59755.200000000004
L,300.8,310.6,1577,37.9,227,1,1,0,0,0,0,9.800000000000011,59768.299999999996
L,300.8,310.7,1633,27.8,0,0,0,0,0,0,0,9.899999999999977,45397.4
L,300.9,310.7,1573,31.2,2,0,0,0,0,0,0,9.800000000000011,49077.6
L,300.9,310.8,1517,44.3,4,0,0,0,0,0,0,9.900000000000034,67203.09999999999
L,301,310.9,1515,37.3,6,0,0,0,0,0,0,9.899999999999977,56509.49999999999
L,301,310.8,1527,45.3,8,0,0,0,0,0,0,9.800000000000011,69173.09999999999
L,301.1,310.9,1282,67.9,10,1,0,0,1,0,0,9.799999999999955,87047.8
M,301.1,310.9,1396,45.1,12,0,0,0,0,0,0,9.799999999999955,62959.6
L,301,310.9,1492,44.6,15,0,0,0,0,0,0,9.899999999999977,66543.2
L,301,310.8,1975,19.7,17,0,0,0,0,0,0,9.800000000000011,38907.5
L,301,310.8,1475,35.3,19,0,0,0,0,0,0,9.800000000000011,52067.49999999999
H,301,310.9,1495,37.3,21,0,0,0,0,0,0,9.899999999999977,55763.49999999999
L,301,311,1553,35.8,26,0,0,0,0,0,0,10,55597.399999999994
L,301.1,311,1918,21.7,28,0,0,0,0,0,0,9.899999999999977,41620.6
M,301.1,311,1413,46.6,30,0,0,0,0,0,0,9.899999999999977,65845.8
L,301,311,1437,56,33,0,0,0,0,0,0,10,80472
L,301,310.9,1450,45.9,35,0,0,0,0,0,0,9.899999999999977,66555
M,301,310.9,1910,21.9,37,0,0,0,0,0,0,9.899999999999977,41829
L,300.9,310.9,1749,26.4,40,0,0,0,0,0,0,10,46173.6
H,301,310.9,1916,22,42,0,0,0,0,0,0,9.899999999999977,42152
L,301,310.9,1428,45.3,47,0,0,0,0,0,0,9.899999999999977,64688.399999999994
L,301,310.9,1578,38.4,49,0,0,0,0,0,0,9.899999999999977,60595.2
L,300.9,310.8,1571,39.9,51,0,0,0,0,0,0,9.900000000000034,62682.899999999994
L,300.9,310.8,1729,30.2,53,0,0,0,0,0,0,9.900000000000034,52215.799999999996
L,300.9,310.8,1701,30.4,55,0,0,0,0,0,0,9.900000000000034,51710.399999999994
L,300.9,310.8,1493,45.8,57,0,0,0,0,0,0,9.900000000000034,68379.4
M,301,310.9,1554,32.7,59,0,0,0,0,0,0,9.899999999999977,50815.8
L,300.9,310.9,1497,43.2,62,0,0,0,0,0,0,10,64670.4
L,301,310.9,1679,29.8,64,0,0,0,0,0,0,9.899999999999977,50034.200000000004
M,301,310.9,1510,44.5,66,0,0,0,0,0,0,9.899999999999977,67195
L,301,310.9,1296,54.9,69,0,0,0,0,0,0,9.899999999999977,71150.4
L,301,310.9,1404,41.8,71,0,0,0,0,0,0,9.899999999999977,58687.2
M,300.9,310.8,1519,34.9,73,0,0,0,0,0,0,9.900000000000034,53013.1
M,300.9,310.7,1696,27.3,76,0,0,0,0,0,0,9.800000000000011,46300.8
M,300.8,310.6,1669,28.4,79,0,0,0,0,0,0,9.800000000000011,47399.6
L,300.7,310.6,1447,40.7,82,0,0,0,0,0,0,9.900000000000034,58892.9
M,300.7,310.6,1418,46.3,84,0,0,0,0,0,0,9.900000000000034,65653.4
L,300.7,310.6,1407,40.5,87,0,0,0,0,0,0,9.900000000000034,56983.5
L,300.8,310.5,1434,44.5,89,0,0,0,0,0,0,9.699999999999989,63813
L,300.8,310.6,1360,48.8,91,0,0,0,0,0,0,9.800000000000011,66368
L,300.8,310.6,1402,53.7,93,0,0,0,0,0,0,9.800000000000011,75287.40000000001
L,300.9,310.6,1552,34.9,95,0,0,0,0,0,0,9.700000000000045,54164.799999999996
L,300.9,310.7,1392,44.2,97,0,0,0,0,0,0,9.800000000000011,61526.4
L,301.1,310.8,1521,41,99,0,0,0,0,0,0,9.699999999999989,62361
L,301.1,310.8,1724,27.5,101,0,0,0,0,0,0,9.699999999999989,47410
M,301,310.7,1455,46.1,103,0,0,0,0,0,0,9.699999999999989,67075.5
H,301,310.6,1366,50.6,106,0,0,0,0,0,0,9.600000000000023,69119.6
H,301.1,310.6,1407,43.9,111,0,0,0,0,0,0,9.5,61767.299999999996
L,301.1,310.8,1470,49.3,116,0,0,0,0,0,0,9.699999999999989,72471
M,301.2,310.9,1359,50.8,118,0,0,0,0,0,0,9.699999999999989,69037.2
H,301.1,310.8,1792,25.8,121,0,0,0,0,0,0,9.699999999999989,46233.6
M,301.1,310.9,1552,37.9,126,0,0,0,0,0,0,9.799999999999955,58820.799999999996
L,301.2,311,1612,32.9,129,0,0,0,0,0,0,9.800000000000011,53034.799999999996
M,301.2,311,1424,41.4,131,0,0,0,0,0,0,9.800000000000011,58953.6
H,301.3,311,1341,59.3,134,0,0,0,0,0,0,9.699999999999989,79521.3
L,301.2,310.8,1479,38.2,139,0,0,0,0,0,0,9.600000000000023,56497.8
L,301.2,310.9,1413,50.1,141,0,0,0,0,0,0,9.699999999999989,70791.3
L,301.3,310.9,2165,17.4,143,0,0,0,0,0,0,9.599999999999966,37671
M,301.3,311,1641,33,145,0,0,0,0,0,0,9.699999999999989,54153
M,301.3,311,1495,40.8,148,0,0,0,0,0,0,9.699999999999989,60995.99999999999
L,301.3,311,1576,30.4,151,0,0,0,0,0,0,9.699999999999989,47910.399999999994
L,301.2,310.9,1467,37.1,153,0,0,0,0,0,0,9.699999999999989,54425.700000000004
L,301.2,310.8,1479,41.2,155,0,0,0,0,0,0,9.600000000000023,60934.8
L,301.3,310.9,1596,33.9,157,0,0,0,0,0,0,9.599999999999966,54104.399999999994
M,301.3,310.9,1512,36.9,159,0,0,0,0,0,0,9.599999999999966,55792.799999999996
L,301.4,310.9,1414,38.8,162,0,0,0,0,0,0,9.5,54863.2
L,301.3,310.8,1390,57.4,164,0,0,0,0,0,0,9.5,79786
L,301.2,310.7,1644,31.6,166,0,0,0,0,0,0,9.5,51950.4
M,301.2,310.7,1394,42.8,168,0,0,0,0,0,0,9.5,59663.2
L,301.1,310.5,1324,52.4,171,0,0,0,0,0,0,9.399999999999977,69377.59999999999
L,301,310.4,1476,43.6,173,0,0,0,0,0,0,9.399999999999977,64353.6
L,301,310.4,2204,16.6,175,0,0,0,0,0,0,9.399999999999977,36586.4
M,301,310.4,1665,30.9,177,0,0,0,0,0,0,9.399999999999977,51448.5
L,300.9,310.4,1445,41.7,180,0,0,0,0,0,0,9.5,60256.50000000001
H,300.8,310.3,1457,46.8,182,0,0,0,0,0,0,9.5,68187.59999999999
L,300.8,310.2,1492,46.3,187,0,0,0,0,0,0,9.399999999999977,69079.59999999999
L,300.8,310.1,1405,61.2,189,1,0,0,1,1,0,9.300000000000011,85986
L,300.7,310.1,1542,35.5,191,0,0,0,0,0,0,9.400000000000034,54741
L,300.8,310.2,1520,37.7,193,0,0,0,0,0,0,9.399999999999977,57304.00000000001
M,300.8,310.2,1598,36.5,195,0,0,0,0,0,0,9.399999999999977,58327
L,300.8,310.3,1538,36.1,198,0,0,0,0,0,0,9.5,55521.8
L,300.9,310.4,1615,30.9,200,0,0,0,0,0,0,9.5,49903.5
L,301,310.5,1408,47,202,0,0,0,0,0,0,9.5,66176
L,301,310.5,1379,57.3,204,1,0,0,0,1,0,9.5,79016.7
L,301,310.6,1493,37.8,206,1,1,0,0,0,0,9.600000000000023,56435.399999999994
L,301.1,310.7,1376,49.1,0,0,0,0,0,0,0,9.599999999999966,67561.6
M,301.1,310.7,1583,40.7,2,0,0,0,0,0,0,9.599999999999966,64428.100000000006
M,301.2,310.8,1396,47.4,5,0,0,0,0,0,0,9.600000000000023,66170.4
L,301.1,310.7,1436,45.3,8,0,0,0,0,0,0,9.599999999999966,65050.799999999996
L,301.1,310.6,1417,47.6,10,0,0,0,0,0,0,9.5,67449.2
L,301,310.6,1641,33.4,12,0,0,0,0,0,0,9.600000000000023,54809.399999999994
M,301,310.6,1698,27.3,14,0,0,0,0,0,0,9.600000000000023,46355.4
L,300.9,310.4,1541,39.1,17,0,0,0,0,0,0,9.5,60253.100000000006
L,300.8,310.3,1383,46.6,19,0,0,0,0,0,0,9.5,64447.8
L,300.8,310.4,1368,46.8,21,0,0,0,0,0,0,9.599999999999966,64022.399999999994
L,300.8,310.4,1570,35.2,23,0,0,0,0,0,0,9.599999999999966,55264.00000000001
L,300.9,310.5,1616,33.5,25,0,0,0,0,0,0,9.600000000000023,54136
M,300.9,310.5,1444,43.2,27,0,0,0,0,0,0,9.600000000000023,62380.8
L,300.9,310.4,2021,18.8,30,0,0,0,0,0,0,9.5,37994.8
M,300.9,310.5,1702,29.3,32,0,0,0,0,0,0,9.600000000000023,49868.6
M,301.1,310.6,1429,52.7,35,0,0,0,0,0,0,9.5,75308.3
L,301.2,310.8,1711,28.9,38,0,0,0,0,0,0,9.600000000000023,49447.899999999994
M,301.2,310.7,1543,32.9,40,0,0,0,0,0,0,9.5,50764.7
L,301.3,310.8,1628,32.2,43,0,0,0,0,0,0,9.5,52421.600000000006
L,301.2,310.8,1233,64.6,45,0,0,0,0,0,0,9.600000000000023,79651.79999999999
L,301.2,310.8,1461,40.6,47,0,0,0,0,0,0,9.600000000000023,59316.6
L,301.2,310.7,1568,38.3,49,0,0,0,0,0,0,9.5,60054.399999999994
L,301.3,310.8,1432,54.4,51,0,0,0,0,0,0,9.5,77900.8
M,301.2,310.7,1527,41.1,53,0,0,0,0,0,0,9.5,62759.700000000004
M,301.3,310.8,1455,41.2,56,0,0,0,0,0,0,9.5,59946.00000000001
M,301.3,310.8,1418,45.4,59,0,0,0,0,0,0,9.5,64377.2
L,301.3,310.8,1719,29.5,62,0,0,0,0,0,0,9.5,50710.5
M,301.2,310.8,1734,31.3,64,0,0,0,0,0,0,9.600000000000023,54274.200000000004
M,301.2,310.7,1426,46.1,67,0,0,0,0,0,0,9.5,65738.6
L,301.1,310.6,1611,35.2,70,0,0,0,0,0,0,9.5,56707.200000000004
M,301.1,310.6,1479,41.1,72,0,0,0,0,0,0,9.5,60786.9
L,301,310.5,1317,50.9,75,0,0,0,0,0,0,9.5,67035.3
L,301,310.5,1248,61.4,77,0,0,0,0,0,0,9.5,76627.2
L,301,310.5,1932,21.7,79,0,0,0,0,0,0,9.5,41924.4
M,301.1,310.5,1547,35.8,81,0,0,0,0,0,0,9.399999999999977,55382.6
L,301,310.4,1614,31.6,84,0,0,0,0,0,0,9.399999999999977,51002.4
H,301,310.4,1512,44.9,86,0,0,0,0,0,0,9.399999999999977,67888.8
L,301.1,310.5,1529,38.7,91,0,0,0,0,0,0,9.399999999999977,59172.3
H,301.1,310.6,1782,24.9,93,0,0,0,0,0,0,9.5,44371.799999999996
L,301,310.5,1429,39.4,98,0,0,0,0,0,0,9.5,56302.6
M,301.1,310.5,1309,60.7,100,0,0,0,0,0,0,9.399999999999977,79456.3
L,301.1,310.5,1428,44.1,103,0,0,0,0,0,0,9.399999999999977,62974.8
L,301.2,310.6,1385,49.2,105,0,0,0,0,0,0,9.400000000000034,68142
L,301.2,310.7,1517,39.4,107,0,0,0,0,0,0,9.5,59769.799999999996
M,301.2,310.6,1576,39.6,109,0,0,0,0,0,0,9.400000000000034,62409.600000000006
L,301.2,310.6,1437,51.2,112,0,0,0,0,0,0,9.400000000000034,73574.40000000001
H,301.2,310.6,1457,50.5,114,0,0,0,0,0,0,9.400000000000034,73578.5
L,301.1,310.5,1532,37.5,119,0,0,0,0,0,0,9.399999999999977,57450
M,301.1,310.5,1603,32.6,121,0,0,0,0,0,0,9.399999999999977,52257.8
L,301,310.4,1563,34.4,124,0,0,0,0,0,0,9.399999999999977,53767.2
L,301,310.3,1617,34.5,126,0,0,0,0,0,0,9.300000000000011,55786.5
M,300.8,310.1,1686,26.9,128,0,0,0,0,0,0,9.300000000000011,45353.399999999994
L,300.9,310.2,1382,50.4,131,0,0,0,0,0,0,9.300000000000011,69652.8
L,300.9,310.1,2090,17.8,133,0,0,0,0,0,0,9.200000000000045,37202
L,300.9,310.3,1446,44.5,135,0,0,0,0,0,0,9.400000000000034,64347
M,300.9,310.2,1533,38.1,137,0,0,0,0,0,0,9.300000000000011,58407.3
L,300.9,310.3,1440,47.6,140,0,0,0,0,0,0,9.400000000000034,68544
M,301,310.4,1793,25,142,0,0,0,0,0,0,9.399999999999977,44825
M,301,310.4,1517,46.1,145,0,0,0,0,0,0,9.399999999999977,69933.7
L,300.9,310.4,1544,36,148,0,0,0,0,0,0,9.5,55584
L,300.9,310.3,1321,48.8,150,0,0,0,0,0,0,9.400000000000034,64464.799999999996
M,300.9,310.3,1416,50.9,152,0,0,0,0,0,0,9.400000000000034,72074.4
L,300.8,310.2,1514,40,155,0,0,0,0,0,0,9.399999999999977,60560
M,300.8,310.2,1304,52.5,157,0,0,0,0,0,0,9.399999999999977,68460
L,300.7,310.2,1286,64.9,160,0,0,0,0,0,0,9.5,83461.40000000001
M,300.7,310.1,1483,40.2,162,0,0,0,0,0,0,9.400000000000034,59616.600000000006
L,300.7,310.1,1351,46.9,165,0,0,0,0,0,0,9.400000000000034,63361.9
M,300.7,310.1,1367,52.6,167,0,0,0,0,0,0,9.400000000000034,71904.2
L,300.7,310.1,1721,32.3,170,0,0,0,0,0,0,9.400000000000034,55588.299999999996
L,300.6,310,1455,40.4,172,0,0,0,0,0,0,9.399999999999977,58782
L,300.6,310,1425,49.5,174,0,0,0,0,0,0,9.399999999999977,70537.5
L,300.7,310,1672,29.7,176,0,0,0,0,0,0,9.300000000000011,49658.4
M,300.7,310,1641,34.6,178,0,0,0,0,0,0,9.300000000000011,56778.600000000006
M,300.5,310,1580,37,181,0,0,0,0,0,0,9.5,58460
H,300.5,310,1495,47.4,184,0,0,0,0,0,0,9.5,70863
M,300.5,309.9,1994,19.8,189,0,0,0,0,0,0,9.399999999999977,39481.200000000004
M,300.4,309.9,1415,31.8,192,0,0,0,0,0,0,9.5,44997
M,300.4,309.8,1725,30.4,195,0,0,0,0,0,0,9.400000000000034,52440
M,300.4,309.8,1430,43.4,198,0,0,0,0,0,0,9.400000000000034,62062
L,300.4,309.8,1395,48.1,201,0,0,0,0,0,0,9.400000000000034,67099.5
M,300.4,309.8,1435,43.6,203,0,0,0,0,0,0,9.400000000000034,62566
L,300.4,309.9,1681,28.6,206,0,0,0,0,0,0,9.5,48076.600000000006
L,300.5,310,1451,48.6,208,0,0,0,0,0,0,9.5,70518.6
H,300.5,309.9,1397,45.9,210,1,1,0,0,0,0,9.399999999999977,64122.299999999996
M,300.4,309.8,1421,47.2,0,0,0,0,0,0,0,9.400000000000034,67071.2
M,300.3,309.8,1444,42,3,0,0,0,0,0,0,9.5,60648
L,300.2,309.8,1827,23,6,0,0,0,0,0,0,9.600000000000023,42021
H,300.2,309.8,1374,47.7,8,0,0,0,0,0,0,9.600000000000023,65539.8
L,300.2,309.8,1650,29.6,13,0,0,0,0,0,0,9.600000000000023,48840
L,300.2,309.7,1275,60.7,15,0,0,0,0,0,0,9.5,77392.5
L,300.2,309.7,1421,44.6,17,0,0,0,0,0,0,9.5,63376.6
L,300.2,309.8,1557,33.8,19,0,0,0,0,0,0,9.600000000000023,52626.6
L,300.1,309.8,1506,35.2,21,0,0,0,0,0,0,9.699999999999989,53011.200000000004
L,300.1,309.7,1362,49.1,23,0,0,0,0,0,0,9.599999999999966,66874.2
L,300,309.7,1542,47.1,25,0,0,0,0,0,0,9.699999999999989,72628.2
L,300,309.6,1496,38.8,27,0,0,0,0,0,0,9.600000000000023,58044.799999999996
M,300,309.6,1491,42,29,0,0,0,0,0,0,9.600000000000023,62622
L,300.1,309.6,1565,34.8,32,0,0,0,0,0,0,9.5,54461.99999999999
L,300.1,309.7,1481,37.9,34,0,0,0,0,0,0,9.599999999999966,56129.9
M,300.1,309.7,1420,48.4,36,0,0,0,0,0,0,9.599999999999966,68728
L,300.2,309.8,1398,54.8,39,0,0,0,0,0,0,9.600000000000023,76610.4
M,300.2,309.8,1466,45.7,41,0,0,0,0,0,0,9.600000000000023,66996.2
L,300.1,309.8,1430,56.7,44,0,0,0,0,0,0,9.699999999999989,81081
L,300.1,309.7,1441,40.1,46,0,0,0,0,0,0,9.599999999999966,57784.1
M,300.1,309.7,1348,57.3,48,0,0,0,0,0,0,9.599999999999966,77240.4
L,300,309.6,1738,28.7,51,0,0,0,0,0,0,9.600000000000023,49880.6
M,300,309.6,1618,36.2,53,0,0,0,0,0,0,9.600000000000023,58571.600000000006
M,299.9,309.6,1489,41.7,56,0,0,0,0,0,0,9.700000000000045,62091.3
M,299.9,309.5,1412,57.9,59,0,0,0,0,0,0,9.600000000000023,81754.8
M,299.9,309.5,2065,18.1,62,0,0,0,0,0,0,9.600000000000023,37376.5
L,300,309.6,1571,33.1,65,0,0,0,0,0,0,9.600000000000023,52000.100000000006
M,300,309.6,1423,48.7,67,0,0,0,0,0,0,9.600000000000023,69300.1
H,300,309.5,1781,24.9,70,0,0,0,0,0,0,9.5,44346.899999999994
L,300.1,309.6,1321,46.9,75,0,0,0,0,0,0,9.5,61954.9
L,300.1,309.6,1546,36.7,77,0,0,0,0,0,0,9.5,56738.200000000004
M,300,309.5,1879,22.4,79,0,0,0,0,0,0,9.5,42089.6
H,300,309.5,1735,28.9,82,0,0,0,0,0,0,9.5,50141.5
L,300,309.5,1506,38.8,87,0,0,0,0,0,0,9.5,58432.799999999996
H,300,309.6,1629,32.3,89,0,0,0,0,0,0,9.600000000000023,52616.7
L,300,309.6,1694,28.7,94,0,0,0,0,0,0,9.600000000000023,48617.799999999996
L,300.1,309.6,1541,37,96,0,0,0,0,0,0,9.5,57017
L,300,309.6,1514,44.6,98,0,0,0,0,0,0,9.600000000000023,67524.40000000001
L,300.1,309.7,1485,45.9,100,0,0,0,0,0,0,9.599999999999966,68161.5
L,300.2,309.8,1430,55,102,0,0,0,0,0,0,9.600000000000023,78650
L,300.2,309.7,1771,27.1,104,0,0,0,0,0,0,9.5,47994.100000000006
L,300.2,309.8,1481,41.9,106,0,0,0,0,0,0,9.600000000000023,62053.9
H,300.2,309.7,1483,43.8,108,0,0,0,0,0,0,9.5,64955.399999999994
H,300.1,309.6,1463,45.1,113,0,0,0,0,0,0,9.5,65981.3
L,300.1,309.7,1410,48.3,118,0,0,0,0,0,0,9.599999999999966,68103
L,300.2,309.7,1656,34.3,120,0,0,0,0,0,0,9.5,56800.799999999996
M,300.2,309.8,1487,39.2,122,0,0,0,0,0,0,9.600000000000023,58290.4
H,300.3,309.9,1509,46.6,125,0,0,0,0,0,0,9.599999999999966,70319.40000000001
H,300.3,309.9,1677,30.1,130,0,0,0,0,0,0,9.599999999999966,50477.700000000004
L,300.3,309.8,1450,55,135,0,0,0,0,0,0,9.5,79750
M,300.2,309.7,1413,43,137,0,0,0,0,0,0,9.5,60759
L,300.1,309.7,1680,33.8,140,0,0,0,0,0,0,9.599999999999966,56783.99999999999
L,300.2,309.7,1678,30.5,142,0,0,0,0,0,0,9.5,51179
M,300.2,309.7,1408,44,144,0,0,0,0,0,0,9.5,61952
M,300.1,309.6,1376,52.1,147,0,0,0,0,0,0,9.5,71689.6
L,300,309.6,1526,46.4,150,0,0,0,0,0,0,9.600000000000023,70806.4
M,300,309.6,1587,32.6,152,0,0,0,0,0,0,9.600000000000023,51736.200000000004
L,300.1,309.7,1351,58.2,155,0,0,0,0,0,0,9.599999999999966,78628.2
M,300.1,309.6,1501,38,157,0,0,0,0,0,0,9.5,57038
L,300.1,309.7,1601,35.8,160,0,0,0,0,0,0,9.599999999999966,57315.799999999996
M,300,309.6,1573,39.7,162,0,0,0,0,0,0,9.600000000000023,62448.100000000006
M,300.1,309.6,1584,36.7,165,0,0,0,0,0,0,9.5,58132.8
L,300.1,309.6,1649,33.6,168,0,0,0,0,0,0,9.5,55406.4
M,300.2,309.7,1183,61.4,170,0,0,0,0,0,0,9.5,72636.2
L,300.1,309.7,2151,17.5,173,0,0,0,0,0,0,9.599999999999966,37642.5
L,300.2,309.8,1526,45.6,175,0,0,0,0,0,0,9.600000000000023,69585.6
M,300.3,309.9,1611,29,177,0,0,0,0,0,0,9.599999999999966,46719
L,300.3,309.9,1601,31.7,180,0,0,0,0,0,0,9.599999999999966,50751.7
L,300.3,310,1560,40.8,182,0,0,0,0,0,0,9.699999999999989,63647.99999999999
L,300.4,310.1,1544,41.9,184,0,0,0,0,0,0,9.700000000000045,64693.6
M,300.4,310,1560,42.3,186,0,0,0,0,0,0,9.600000000000023,65988
L,300.4,310,1423,44.2,189,0,0,0,0,0,0,9.600000000000023,62896.600000000006
L,300.4,310.1,1614,33.5,191,0,0,0,0,0,0,9.700000000000045,54069
M,300.4,310.1,1457,35.1,193,0,0,0,0,0,0,9.700000000000045,51140.700000000004
L,300.4,310.1,1503,42.2,196,0,0,0,0,0,0,9.700000000000045,63426.600000000006
H,300.4,310.1,1484,38,198,0,0,0,0,0,0,9.700000000000045,56392
L,300.3,309.9,1540,39.9,203,0,0,0,0,0,0,9.599999999999966,61446
H,300.3,309.9,1405,52.1,205,0,0,0,0,0,0,9.599999999999966,73200.5
H,300.3,309.9,1394,46.7,210,1,1,0,0,0,0,9.599999999999966,65099.8
L,300.3,309.9,1518,36.4,0,0,0,0,0,0,0,9.599999999999966,55255.2
L,300.3,309.9,1527,41.4,2,0,0,0,0,0,0,9.599999999999966,63217.799999999996
L,300.3,309.9,1377,55.3,4,0,0,0,0,0,0,9.599999999999966,76148.09999999999
M,300.3,310,1537,37.5,6,0,0,0,0,0,0,9.699999999999989,57637.5
M,300.3,310,1409,43.2,9,0,0,0,0,0,0,9.699999999999989,60868.8
L,300.3,309.9,1393,56.1,12,0,0,0,0,0,0,9.599999999999966,78147.3
L,300.2,309.7,1448,36.8,14,0,0,0,0,0,0,9.5,53286.399999999994
L,300.2,309.8,1418,49.3,16,0,0,0,0,0,0,9.600000000000023,69907.4
M,300.2,309.8,1743,24.1,18,0,0,0,0,0,0,9.600000000000023,42006.3
M,300.2,309.8,1394,47.4,21,0,0,0,0,0,0,9.600000000000023,66075.59999999999
L,300.3,309.8,1523,39.2,24,0,0,0,0,0,0,9.5,59701.600000000006
L,300.2,309.8,1353,59.4,26,0,0,0,0,0,0,9.600000000000023,80368.2
M,300.3,309.9,1447,46.5,28,0,0,0,0,0,0,9.599999999999966,67285.5
L,300.3,309.9,1570,34,31,0,0,0,0,0,0,9.599999999999966,53380
M,300.3,309.9,1494,38.5,33,0,0,0,0,0,0,9.599999999999966,57519
L,300.3,309.9,1621,34.1,36,0,0,0,0,0,0,9.599999999999966,55276.100000000006
L,300.4,310,1769,26.1,38,0,0,0,0,0,0,9.600000000000023,46170.9
L,300.4,310,1282,66.1,40,0,0,0,0,0,0,9.600000000000023,84740.2
L,300.4,310,1581,30.3,42,0,0,0,0,0,0,9.600000000000023,47904.3
L,300.6,310.1,1656,32.7,44,0,0,0,0,0,0,9.5,54151.200000000004
L,300.6,310.2,1648,31.7,46,0,0,0,0,0,0,9.599999999999966,52241.6
L,300.7,310.2,1639,31.4,48,0,0,0,0,0,0,9.5,51464.6
L,300.7,310.2,1348,54.8,50,0,0,0,0,0,0,9.5,73870.4
L,300.8,310.3,1537,33.3,52,0,0,0,0,0,0,9.5,51182.1
M,300.8,310.3,1270,61,54,0,0,0,0,0,0,9.5,77470
L,300.7,310.3,1662,34.4,57,0,0,0,0,0,0,9.600000000000023,57172.799999999996
M,300.7,310.3,1471,40.2,59,0,0,0,0,0,0,9.600000000000023,59134.200000000004
L,300.6,310.1,1337,45.8,62,0,0,0,0,0,0,9.5,61234.6
H,300.7,310.2,1877,24.8,64,0,0,0,0,0,0,9.5,46549.6
L,300.6,310.2,1519,44.6,69,0,0,0,0,0,0,9.599999999999966,67747.40000000001
L,300.6,310.2,1378,47.3,71,0,0,0,0,0,0,9.599999999999966,65179.399999999994
L,300.7,310.2,1696,27.5,73,0,0,0,0,0,0,9.5,46640
L,300.7,310.1,1376,50.8,75,0,0,0,0,0,0,9.400000000000034,69900.8
L,300.7,310.2,1807,24.2,77,0,0,0,0,0,0,9.5,43729.4
L,300.7,310.1,1598,32.8,79,0,0,0,0,0,0,9.400000000000034,52414.399999999994
L,300.7,310.1,1565,40.2,81,0,0,0,0,0,0,9.400000000000034,62913.00000000001
L,300.7,310.2,1387,50.6,83,0,0,0,0,0,0,9.5,70182.2
L,300.7,310,1395,48,85,0,0,0,0,0,0,9.300000000000011,66960
M,300.6,310,1302,62.9,87,0,0,0,0,0,0,9.399999999999977,81895.8
M,300.6,310,1397,55.2,90,0,0,0,0,0,0,9.399999999999977,77114.40000000001
L,300.6,310,1313,52.9,93,0,0,0,0,0,0,9.399999999999977,69457.7
L,300.6,310,1505,35.9,95,0,0,0,0,0,0,9.399999999999977,54029.5
H,300.6,310,1483,44,97,0,0,0,0,0,0,9.399999999999977,65252
H,300.5,310,1358,60.4,102,0,0,0,0,0,0,9.5,82023.2
M,300.5,309.9,1735,27,107,0,0,0,0,0,0,9.399999999999977,46845
M,300.5,309.8,1416,48.5,110,0,0,0,0,0,0,9.300000000000011,68676
L,300.4,309.7,1740,31.1,113,0,0,0,0,0,0,9.300000000000011,54114
L,300.4,309.7,1692,27.4,115,0,0,0,0,0,0,9.300000000000011,46360.799999999996
L,300.5,309.8,1507,42.5,117,0,0,0,0,0,0,9.300000000000011,64047.5
M,300.4,309.6,1521,35,119,0,0,0,0,0,0,9.200000000000045,53235
L,300.4,309.6,1379,54.5,122,0,0,0,0,0,0,9.200000000000045,75155.5
L,300.4,309.6,1523,38.5,124,0,0,0,0,0,0,9.200000000000045,58635.5
H,300.4,309.6,1571,33.6,126,0,0,0,0,0,0,9.200000000000045,52785.600000000006
H,300.4,309.5,1547,50.7,131,0,0,0,0,0,0,9.100000000000023,78432.90000000001
M,300.5,309.7,1347,54.3,136,0,0,0,0,0,0,9.199999999999989,73142.09999999999
L,300.5,309.7,1560,30.2,139,0,0,0,0,0,0,9.199999999999989,47112
L,300.5,309.7,1384,48.6,141,0,0,0,0,0,0,9.199999999999989,67262.40000000001
L,300.5,309.7,1841,24.6,143,0,0,0,0,0,0,9.199999999999989,45288.600000000006
L,300.5,309.8,1663,29.1,145,1,0,0,0,0,0,9.300000000000011,48393.3
L,300.6,309.8,1418,42.7,147,0,0,0,0,0,0,9.199999999999989,60548.600000000006
L,300.7,309.9,1775,26.6,149,0,0,0,0,0,0,9.199999999999989,47215
L,300.7,309.8,1406,48.4,151,0,0,0,0,0,0,9.100000000000023,68050.4
L,300.6,309.9,1480,43.7,153,0,0,0,0,0,0,9.299999999999955,64676.00000000001
L,300.7,309.9,1412,45.3,155,0,0,0,0,0,0,9.199999999999989,63963.6
H,300.6,309.8,1913,22.5,157,0,0,0,0,0,0,9.199999999999989,43042.5
L,300.6,309.8,1629,37.6,162,0,0,0,0,0,0,9.199999999999989,61250.4
L,300.5,309.8,1939,21.4,164,0,0,0,0,0,0,9.300000000000011,41494.6
H,300.6,309.8,1541,36.2,166,0,0,0,0,0,0,9.199999999999989,55784.200000000004
L,300.7,309.8,1330,54.4,171,0,0,0,0,0,0,9.100000000000023,72352
M,300.7,309.8,1490,38.8,173,0,0,0,0,0,0,9.100000000000023,57811.99999999999
L,300.7,309.9,1383,44.5,176,0,0,0,0,0,0,9.199999999999989,61543.5
L,300.8,310,1468,52.7,178,0,0,0,0,0,0,9.199999999999989,77363.6
M,300.8,309.9,1444,46,180,0,0,0,0,0,0,9.099999999999966,66424
L,300.7,309.8,1363,53.1,183,0,0,0,0,0,0,9.100000000000023,72375.3
L,300.6,309.7,1617,33.2,185,0,0,0,0,0,0,9.099999999999966,53684.4
M,300.6,309.8,1694,31.1,187,0,0,0,0,0,0,9.199999999999989,52683.4
L,300.7,309.9,1815,27,190,0,0,0,0,0,0,9.199999999999989,49005
L,300.8,309.9,1312,65.3,192,1,0,0,0,1,0,9.099999999999966,85673.59999999999
H,300.8,309.9,2041,19.2,194,0,0,0,0,0,0,9.099999999999966,39187.2
L,300.9,310,1671,26.8,199,0,0,0,0,0,0,9.100000000000023,44782.8
M,300.9,310,1416,46.6,201,0,0,0,0,0,0,9.100000000000023,65985.6
M,300.9,310,1600,36,204,0,0,0,0,0,0,9.100000000000023,57600
L,300.9,310,2595,13.7,207,0,0,0,0,0,0,9.100000000000023,35551.5
M,300.9,309.9,1465,42.9,209,0,0,0,0,0,0,9,62848.5
M,301,310.1,1681,27.4,212,0,0,0,0,0,0,9.100000000000023,46059.399999999994
L,301.1,310.1,1457,39.6,215,0,0,0,0,0,0,9,57697.200000000004
H,301,310.1,1454,44.1,217,0,0,0,0,0,0,9.100000000000023,64121.4
L,301,310.1,1558,32.6,0,0,0,0,0,0,0,9.100000000000023,50790.8
H,301,310.1,1756,30.7,2,0,0,0,0,0,0,9.100000000000023,53909.2
L,301.1,310.1,1564,36.8,7,0,0,0,0,0,0,9,57555.2
L,301.1,310.2,1455,55.3,9,0,0,0,0,0,0,9.099999999999966,80461.5
M,301.2,310.1,2280,15.7,11,0,0,0,0,0,0,8.900000000000034,35796
M,301.1,310,1433,48.1,14,0,0,0,0,0,0,8.899999999999977,68927.3
L,301.1,310,1513,38,17,0,0,0,0,0,0,8.899999999999977,57494
L,301,309.9,1507,41.8,19,0,0,0,0,0,0,8.899999999999977,62992.6
L,301,310,1480,43.5,21,0,0,0,0,0,0,9,64380
H,301.1,310,1470,40.1,23,0,0,0,0,0,0,8.899999999999977,58947
L,301.1,310.1,1540,36.6,28,0,0,0,0,0,0,9,56364
H,301,310,1212,67.9,30,0,0,0,0,0,0,9,82294.8
L,301.1,310.1,1417,46.9,35,0,0,0,0,0,0,9,66457.3
M,301.2,310.1,1666,34.9,37,0,0,0,0,0,0,8.900000000000034,58143.399999999994
L,301.1,310.1,1666,27.2,40,0,0,0,0,0,0,9,45315.2
L,301.1,310.1,1489,45.8,42,0,0,0,0,0,0,9,68196.2
M,301.1,310.2,1850,27.7,44,0,0,0,0,0,0,9.099999999999966,51245
L,301.1,310.4,1874,24.8,47,0,0,0,0,0,0,9.299999999999955,46475.200000000004
L,301.1,310.4,1312,73.6,49,1,0,0,1,0,0,9.299999999999955,96563.2
L,301.2,310.4,1515,38.4,51,0,0,0,0,0,0,9.199999999999989,58176
L,301.2,310.4,1516,44.4,53,0,0,0,0,0,0,9.199999999999989,67310.4
L,301.2,310.5,1546,40,55,0,0,0,0,0,0,9.300000000000011,61840
L,301.3,310.6,1481,40.9,57,0,0,0,0,0,0,9.300000000000011,60572.9
H,301.3,310.6,1605,32.5,59,0,0,0,0,0,0,9.300000000000011,52162.5
H,301.2,310.7,1656,26.2,64,0,0,0,0,0,0,9.5,43387.2
H,301.2,310.6,1352,52,69,0,0,0,0,0,0,9.400000000000034,70304
L,301.3,310.7,1504,47.2,74,0,0,0,0,0,0,9.399999999999977,70988.8
L,301.3,310.6,1436,44.2,76,0,0,0,0,0,0,9.300000000000011,63471.200000000004
H,301.2,310.5,1505,43.6,78,0,0,0,0,0,0,9.300000000000011,65618
L,301.3,310.5,1406,47.1,83,0,0,0,0,0,0,9.199999999999989,66222.6
M,301.3,310.5,1481,39.7,85,0,0,0,0,0,0,9.199999999999989,58795.700000000004
L,301.4,310.7,1487,44.6,88,0,0,0,0,0,0,9.300000000000011,66320.2
L,301.4,310.7,1436,54.1,90,0,0,0,0,0,0,9.300000000000011,77687.6
M,301.4,310.7,1368,63.7,92,1,0,0,1,0,0,9.300000000000011,87141.6
L,301.4,310.7,1509,38.3,95,0,0,0,0,0,0,9.300000000000011,57794.7
L,301.4,310.8,1543,36.9,97,0,0,0,0,0,0,9.400000000000034,56936.7
L,301.4,310.8,1698,29.6,99,0,0,0,0,0,0,9.400000000000034,50260.8
M,301.4,310.7,1470,46.5,101,0,0,0,0,0,0,9.300000000000011,68355
M,301.4,310.8,1738,30.3,104,0,0,0,0,0,0,9.400000000000034,52661.4
M,301.4,310.8,1530,39.9,107,0,0,0,0,0,0,9.400000000000034,61047
L,301.4,310.8,1740,29.2,110,0,0,0,0,0,0,9.400000000000034,50808
L,301.4,310.8,1770,24.1,112,0,0,0,0,0,0,9.400000000000034,42657
H,301.3,310.6,1527,44,114,0,0,0,0,0,0,9.300000000000011,67188
L,301.3,310.7,1516,46,119,0,0,0,0,0,0,9.399999999999977,69736
L,301.4,310.7,1616,36.5,121,0,0,0,0,0,0,9.300000000000011,58984
L,301.4,310.7,1786,26.1,123,0,0,0,0,0,0,9.300000000000011,46614.600000000006
L,301.4,310.8,1389,52.7,125,0,0,0,0,0,0,9.400000000000034,73200.3
M,301.4,310.7,1639,29.8,127,0,0,0,0,0,0,9.300000000000011,48842.200000000004
H,301.5,310.7,1394,46.7,130,0,0,0,0,0,0,9.199999999999989,65099.8
L,301.5,310.7,1686,27.9,135,0,0,0,0,0,0,9.199999999999989,47039.399999999994
M,301.5,310.6,1638,31.9,137,0,0,0,0,0,0,9.100000000000023,52252.2
M,301.5,310.6,1447,41.9,140,0,0,0,0,0,0,9.100000000000023,60629.299999999996
H,301.5,310.6,1512,39,143,0,0,0,0,0,0,9.100000000000023,58968
L,301.6,310.8,1961,21.8,148,0,0,0,0,0,0,9.199999999999989,42749.8
L,301.5,310.7,1596,35.4,150,0,0,0,0,0,0,9.199999999999989,56498.399999999994
M,301.5,310.7,1871,21.3,152,0,0,0,0,0,0,9.199999999999989,39852.3
L,301.5,310.7,1942,20.5,155,0,0,0,0,0,0,9.199999999999989,39811
L,301.4,310.6,1557,38.2,157,0,0,0,0,0,0,9.200000000000045,59477.4
L,301.4,310.6,1550,36.8,159,0,0,0,0,0,0,9.200000000000045,57039.99999999999
L,301.3,310.6,1966,22.6,161,0,0,0,0,0,0,9.300000000000011,44431.600000000006
M,301.3,310.6,1499,36.1,163,0,0,0,0,0,0,9.300000000000011,54113.9
L,301.3,310.6,1521,36.3,166,0,0,0,0,0,0,9.300000000000011,55212.299999999996
M,301.4,310.7,1375,42,168,0,0,0,0,0,0,9.300000000000011,57750
L,301.4,310.6,1634,31.1,171,0,0,0,0,0,0,9.200000000000045,50817.4
M,301.3,310.6,1378,49.4,173,0,0,0,0,0,0,9.300000000000011,68073.2
L,301.4,310.7,1428,53.7,176,0,0,0,0,0,0,9.300000000000011,76683.6
M,301.4,310.6,1855,25.3,178,0,0,0,0,0,0,9.200000000000045,46931.5
L,301.4,310.6,1578,33,181,0,0,0,0,0,0,9.200000000000045,52074
M,301.4,310.5,1451,45.3,183,0,0,0,0,0,0,9.100000000000023,65730.3
L,301.5,310.5,1644,34.9,186,0,0,0,0,0,0,9,57375.6
L,301.4,310.4,1388,45.3,188,0,0,0,0,0,0,9,62876.399999999994
L,301.4,310.4,1543,40.9,190,0,0,0,0,0,0,9,63108.7
L,301.3,310.4,1501,41.6,192,0,0,0,0,0,0,9.099999999999966,62441.6
L,301.3,310.4,1507,39.1,194,0,0,0,0,0,0,9.099999999999966,58923.700000000004
L,301.4,310.4,1559,36,196,0,0,0,0,0,0,9,56124
L,301.5,310.5,1528,35.7,198,0,0,0,0,0,0,9,54549.600000000006
M,301.5,310.5,1503,38.2,200,0,0,0,0,0,0,9,57414.600000000006
L,301.5,310.5,1372,44,203,0,0,0,0,0,0,9,60368
M,301.5,310.5,1600,32.8,205,0,0,0,0,0,0,9,52479.99999999999
L,301.5,310.6,1453,44,208,0,0,0,0,0,0,9.100000000000023,63932
M,301.6,310.7,1813,24.6,210,0,0,0,0,0,0,9.099999999999966,44599.8
L,301.6,310.7,1457,40.4,213,0,0,0,0,0,0,9.099999999999966,58862.799999999996
M,301.6,310.6,1553,38.9,0,0,0,0,0,0,0,9,60411.7
L,301.7,310.7,1763,25.9,3,0,0,0,0,0,0,9,45661.7
L,301.7,310.7,2023,20.9,5,0,0,0,0,0,0,9,42280.7
M,301.6,310.7,1457,47.8,7,0,0,0,0,0,0,9.099999999999966,69644.59999999999
L,301.6,310.7,1679,29.5,10,0,0,0,0,0,0,9.099999999999966,49530.5
L,301.6,310.6,2103,19.7,12,0,0,0,0,0,0,9,41429.1
M,301.5,310.7,1460,38.6,14,0,0,0,0,0,0,9.199999999999989,56356
M,301.5,310.7,1454,39.4,17,0,0,0,0,0,0,9.199999999999989,57287.6
L,301.5,310.6,1481,46.8,20,0,0,0,0,0,0,9.100000000000023,69310.8
L,301.5,310.7,1424,51.1,22,0,0,0,0,0,0,9.199999999999989,72766.40000000001
L,301.6,310.7,1494,39.5,24,0,0,0,0,0,0,9.099999999999966,59013
M,301.5,310.6,1424,47,26,0,0,0,0,0,0,9.100000000000023,66928
M,301.5,310.7,1347,47.9,29,0,0,0,0,0,0,9.199999999999989,64521.299999999996
L,301.5,310.6,1374,46.7,32,0,0,0,0,0,0,9.100000000000023,64165.8
M,301.5,310.6,1403,47.4,34,0,0,0,0,0,0,9.100000000000023,66502.2
M,301.5,310.6,1573,37.4,37,0,0,0,0,0,0,9.100000000000023,58830.2
M,301.6,310.6,1691,30.1,40,0,0,0,0,0,0,9,50899.100000000006
H,301.5,310.5,1538,44.3,43,0,0,0,0,0,0,9,68133.4
L,301.5,310.5,1556,39.1,48,0,0,0,0,0,0,9,60839.600000000006
M,301.5,310.4,1593,36.8,50,0,0,0,0,0,0,8.899999999999977,58622.399999999994
L,301.5,310.4,1474,39.9,53,0,0,0,0,0,0,8.899999999999977,58812.6
L,301.5,310.4,1543,34,55,0,0,0,0,0,0,8.899999999999977,52462
H,301.5,310.5,1587,33.8,57,0,0,0,0,0,0,9,53640.6
L,301.6,310.6,1222,70,62,0,0,0,0,0,0,9,85540
L,301.7,310.6,1513,41.1,64,0,0,0,0,0,0,8.900000000000034,62184.3
L,301.7,310.6,1660,28.7,66,0,0,0,0,0,0,8.900000000000034,47642
L,301.7,310.6,1545,42.1,68,0,0,0,0,0,0,8.900000000000034,65044.5
M,301.7,310.6,1380,45.8,70,0,0,0,0,0,0,8.900000000000034,63203.99999999999
L,301.6,310.6,1321,60.8,73,0,0,0,0,0,0,9,80316.8
M,301.6,310.6,1309,65.8,75,1,0,0,1,0,0,9,86132.2
M,301.7,310.7,1627,31.3,78,0,0,0,0,0,0,9,50925.1
M,301.6,310.7,1791,23.8,81,0,0,0,0,0,0,9.099999999999966,42625.8
M,301.7,310.7,1861,21.8,84,0,0,0,0,0,0,9,40569.8
L,301.7,310.7,1493,51.1,87,0,0,0,0,0,0,9,76292.3
M,301.7,310.7,1442,41.1,89,0,0,0,0,0,0,9,59266.200000000004
L,301.7,310.7,1532,39.8,92,0,0,0,0,0,0,9,60973.6
M,301.6,310.7,1421,44.4,94,0,0,0,0,0,0,9.099999999999966,63092.4
L,301.6,310.6,1613,42.5,97,0,0,0,0,0,0,9,68552.5
M,301.7,310.6,1876,22.1,99,0,0,0,0,0,0,8.900000000000034,41459.600000000006
L,301.6,310.5,1593,34.5,102,0,0,0,0,0,0,8.899999999999977,54958.5
L,301.6,310.5,1397,49.4,104,0,0,0,0,0,0,8.899999999999977,69011.8
M,301.6,310.5,1414,49.3,106,0,0,0,0,0,0,8.899999999999977,69710.2
M,301.5,310.4,1378,55.3,109,0,0,0,0,0,0,8.899999999999977,76203.4
L,301.4,310.4,1301,51.2,112,0,0,0,0,0,0,9,66611.2
M,301.5,310.5,1737,29.3,114,0,0,0,0,0,0,9,50894.1
L,301.5,310.5,1396,44.5,117,0,0,0,0,0,0,9,62122
L,301.5,310.5,1534,39.3,119,0,0,0,0,0,0,9,60286.2
M,301.5,310.5,1774,25.5,121,0,0,0,0,0,0,9,45237
H,301.5,310.5,1453,48,124,0,0,0,0,0,0,9,69744
L,301.5,310.5,1453,44.2,129,0,0,0,0,0,0,9,64222.600000000006
L,301.4,310.5,1380,48.4,131,0,0,0,0,0,0,9.100000000000023,66792
L,301.4,310.4,1334,43.2,133,0,0,0,0,0,0,9,57628.8
L,301.5,310.5,1702,28.7,135,0,0,0,0,0,0,9,48847.4
L,301.6,310.6,1431,37.5,137,0,0,0,0,0,0,9,53662.5
M,301.5,310.5,1308,60.5,139,0,0,0,0,0,0,9,79134
L,301.5,310.6,1565,43.9,142,0,0,0,0,0,0,9.100000000000023,68703.5
M,301.5,310.4,1486,39.6,144,0,0,0,0,0,0,8.899999999999977,58845.6
L,301.5,310.5,1479,34.2,147,0,0,0,0,0,0,9,50581.8
L,301.5,310.5,1927,22.4,149,0,0,0,0,0,0,9,43164.799999999996
L,301.5,310.4,1488,41.1,151,0,0,0,0,0,0,8.899999999999977,61156.8
M,301.5,310.4,1350,54.9,153,0,0,0,0,0,0,8.899999999999977,74115
L,301.6,310.4,1561,35.3,156,0,0,0,0,0,0,8.799999999999955,55103.299999999996
M,301.5,310.4,1276,55.6,158,0,0,0,0,0,0,8.899999999999977,70945.6
H,301.5,310.4,1580,35.7,161,0,0,0,0,0,0,8.899999999999977,56406.00000000001
M,301.4,310.3,1610,29.1,166,0,0,0,0,0,0,8.900000000000034,46851
L,301.4,310.3,2203,16.6,169,0,0,0,0,0,0,8.900000000000034,36569.8
L,301.4,310.3,1639,32.7,171,0,0,0,0,0,0,8.900000000000034,53595.3
M,301.4,310.4,1553,44.7,173,0,0,0,0,0,0,9,69419.1
L,301.4,310.3,1374,47.6,176,0,0,0,0,0,0,8.900000000000034,65402.4
L,301.4,310.4,1430,50.9,178,0,0,0,0,0,0,9,72787
L,301.3,310.3,1626,31.3,180,0,0,0,0,0,0,9,50893.8
H,301.4,310.5,1421,43.8,182,0,0,0,0,0,0,9.100000000000023,62239.799999999996
M,301.3,310.4,1501,39.8,187,0,0,0,0,0,0,9.099999999999966,59739.799999999996
M,301.3,310.4,2093,18.7,190,0,0,0,0,0,0,9.099999999999966,39139.1
L,301.3,310.4,1504,47.2,193,0,0,0,0,0,0,9.099999999999966,70988.8
L,301.3,310.4,1538,38.4,195,0,0,0,0,0,0,9.099999999999966,59059.2
L,301.3,310.4,1440,41.5,197,0,0,0,0,0,0,9.099999999999966,59760
L,301.3,310.4,1414,51.4,199,0,0,0,0,0,0,9.099999999999966,72679.59999999999
H,301.4,310.5,1536,39.9,201,0,0,0,0,0,0,9.100000000000023,61286.399999999994
L,301.4,310.5,1476,39.2,206,0,0,0,0,0,0,9.100000000000023,57859.200000000004
L,301.4,310.5,1571,33.9,208,0,0,0,0,0,0,9.100000000000023,53256.899999999994
L,301.5,310.6,1998,20.2,210,0,0,0,0,0,0,9.100000000000023,40359.6
L,301.5,310.6,1357,42.1,212,0,0,0,0,0,0,9.100000000000023,57129.700000000004
L,301.6,310.7,1424,50.5,214,0,0,0,0,0,0,9.099999999999966,71912
L,301.6,310.7,1380,51.8,216,1,0,0,0,1,0,9.099999999999966,71484
L,301.5,310.7,1618,35.5,218,0,0,0,0,0,0,9.199999999999989,57439
L,301.5,310.6,1579,28,220,0,0,0,0,0,0,9.100000000000023,44212
L,301.5,310.7,1423,44,222,0,0,0,0,0,0,9.199999999999989,62612
L,301.5,310.7,1435,38.5,224,0,0,0,0,0,0,9.199999999999989,55247.5
M,301.5,310.7,1336,65.6,0,1,0,0,1,0,0,9.199999999999989,87641.59999999999
L,301.6,310.8,1392,42.4,3,0,0,0,0,0,0,9.199999999999989,59020.799999999996
L,301.5,310.8,1417,49.7,5,0,0,0,0,0,0,9.300000000000011,70424.90000000001
L,301.4,310.7,1425,45.1,7,0,0,0,0,0,0,9.300000000000011,64267.5
L,301.5,310.8,1512,38.9,9,0,0,0,0,0,0,9.300000000000011,58816.799999999996
L,301.5,310.9,1318,50.6,11,0,0,0,0,0,0,9.399999999999977,66690.8
L,301.6,310.9,1538,40.4,13,0,0,0,0,0,0,9.299999999999955,62135.2
L,301.6,310.9,1532,43.6,15,0,0,0,0,0,0,9.299999999999955,66795.2
L,301.7,311,1715,24.8,17,0,0,0,0,0,0,9.300000000000011,42532
L,301.7,311,1700,28.7,19,0,0,0,0,0,0,9.300000000000011,48790
L,301.7,311,1548,40.3,21,0,0,0,0,0,0,9.300000000000011,62384.399999999994
L,301.7,311,1546,43,23,0,0,0,0,0,0,9.300000000000011,66478
L,301.7,311,1343,49.2,25,0,0,0,0,0,0,9.300000000000011,66075.6
M,301.7,311,1510,47.8,27,0,0,0,0,0,0,9.300000000000011,72178
M,301.8,311,1839,23.6,30,0,0,0,0,0,0,9.199999999999989,43400.4
M,301.8,311,1756,26.7,33,0,0,0,0,0,0,9.199999999999989,46885.2
M,301.7,310.9,1300,62.7,36,0,0,0,0,0,0,9.199999999999989,81510
M,301.7,311,1311,55.8,39,0,0,0,0,0,0,9.300000000000011,73153.8
L,301.7,310.9,1636,31.3,42,0,0,0,0,0,0,9.199999999999989,51206.8
L,301.6,310.9,1643,34.1,44,0,0,0,0,0,0,9.299999999999955,56026.3
L,301.6,310.8,1418,44.7,46,0,0,0,0,0,0,9.199999999999989,63384.600000000006
M,301.7,310.8,1516,40.4,48,0,0,0,0,0,0,9.100000000000023,61246.4
H,301.6,310.9,1419,50.2,51,0,0,0,0,0,0,9.299999999999955,71233.8
L,301.6,310.9,1623,34.1,56,0,0,0,0,0,0,9.299999999999955,55344.3
M,301.6,310.8,1664,32,58,0,0,0,0,0,0,9.199999999999989,53248
M,301.5,310.7,1744,28.2,61,0,0,0,0,0,0,9.199999999999989,49180.799999999996
M,301.5,310.7,1510,36,64,0,0,0,0,0,0,9.199999999999989,54360
M,301.5,310.6,1382,58.1,67,0,0,0,0,0,0,9.100000000000023,80294.2
L,301.4,310.6,1381,46.1,70,0,0,0,0,0,0,9.200000000000045,63664.1
L,301.3,310.6,1556,39,72,0,0,0,0,0,0,9.300000000000011,60684
M,301.4,310.6,1464,37.4,74,0,0,0,0,0,0,9.200000000000045,54753.6
L,301.4,310.6,1481,37.6,77,0,0,0,0,0,0,9.200000000000045,55685.6
L,301.5,310.7,1323,49.7,79,0,0,0,0,0,0,9.199999999999989,65753.1
L,301.5,310.7,1426,46.1,81,0,0,0,0,0,0,9.199999999999989,65738.6
H,301.4,310.7,1516,36.4,83,0,0,0,0,0,0,9.300000000000011,55182.4
L,301.3,310.6,1416,45.2,88,0,0,0,0,0,0,9.300000000000011,64003.200000000004
L,301.3,310.6,1440,53.8,90,0,0,0,0,0,0,9.300000000000011,77472
L,301.3,310.6,1576,30.4,92,0,0,0,0,0,0,9.300000000000011,47910.399999999994
L,301.3,310.6,1387,53.6,94,0,0,0,0,0,0,9.300000000000011,74343.2
M,301.4,310.6,1464,48.6,96,0,0,0,0,0,0,9.200000000000045,71150.40000000001
L,301.4,310.6,2137,18,99,0,0,0,0,0,0,9.200000000000045,38466
M,301.4,310.6,1431,40.6,101,0,0,0,0,0,0,9.200000000000045,58098.6
L,301.3,310.6,1458,48,104,0,0,0,0,0,0,9.300000000000011,69984
L,301.4,310.7,1280,61,106,0,0,0,0,0,0,9.300000000000011,78080
L,301.4,310.7,1657,28.7,108,0,0,0,0,0,0,9.300000000000011,47555.9
M,301.4,310.6,1565,36.1,110,0,0,0,0,0,0,9.200000000000045,56496.5
L,301.3,310.6,1560,36.8,113,0,0,0,0,0,0,9.300000000000011,57407.99999999999
M,301.5,310.7,1359,47.1,115,0,0,0,0,0,0,9.199999999999989,64008.9
L,301.5,310.8,1500,41,118,0,0,0,0,0,0,9.300000000000011,61500
L,301.5,310.8,1785,25.5,120,0,0,0,0,0,0,9.300000000000011,45517.5
L,301.5,310.9,1891,23.2,122,0,0,0,0,0,0,9.399999999999977,43871.2
H,301.5,310.9,1524,40.4,124,0,0,0,0,0,0,9.399999999999977,61569.6
M,301.6,311,1431,42.3,129,0,0,0,0,0,0,9.399999999999977,60531.299999999996
L,301.6,310.9,1385,51.2,132,0,0,0,0,0,0,9.299999999999955,70912
L,301.7,311,1503,44.8,134,0,0,0,0,0,0,9.300000000000011,67334.4
M,301.7,311,1311,46.8,136,0,0,0,0,0,0,9.300000000000011,61354.799999999996
M,301.6,310.9,1575,40.1,139,0,0,0,0,0,0,9.299999999999955,63157.5
L,301.6,311,1485,40.1,142,0,0,0,0,0,0,9.399999999999977,59548.5
L,301.7,311,1527,42.2,144,0,0,0,0,0,0,9.300000000000011,64439.4
M,301.7,311,1537,33.5,146,0,0,0,0,0,0,9.300000000000011,51489.5
H,301.8,311.1,1463,50.1,149,0,0,0,0,0,0,9.300000000000011,73296.3
L,301.7,311.2,1482,43.6,154,0,0,0,0,0,0,9.5,64615.200000000004
L,301.8,311.2,1417,55.9,156,0,0,0,0,0,0,9.399999999999977,79210.3
M,301.7,311.1,1506,39.5,158,0,0,0,0,0,0,9.400000000000034,59487
H,301.7,311.2,1639,30,161,0,0,0,0,0,0,9.5,49170
L,301.7,311.2,1418,38,166,0,0,0,0,0,0,9.5,53884
M,301.7,311,1298,58.1,168,0,0,0,0,0,0,9.300000000000011,75413.8
M,301.8,311.1,1395,44.6,171,0,0,0,0,0,0,9.300000000000011,62217
M,301.7,311.1,1578,40.5,174,0,0,0,0,0,0,9.400000000000034,63909
M,301.8,311.1,1597,29.8,177,0,0,0,0,0,0,9.300000000000011,47590.6
H,301.7,311,2016,19.3,180,0,0,0,0,0,0,9.300000000000011,38908.8
L,301.7,311,1585,35.9,185,0,0,0,0,0,0,9.300000000000011,56901.5
M,301.7,311,1505,44,187,0,0,0,0,0,0,9.300000000000011,66220
M,301.7,311,1505,37.1,190,0,0,0,0,0,0,9.300000000000011,55835.5
L,301.6,310.9,1706,29.5,193,0,0,0,0,0,0,9.299999999999955,50327
L,301.6,310.9,1385,50.7,195,0,0,0,0,0,0,9.299999999999955,70219.5
L,301.8,311.1,1495,36.9,197,0,0,0,0,0,0,9.300000000000011,55165.5
M,301.8,311.1,1663,31.6,199,0,0,0,0,0,0,9.300000000000011,52550.8
L,301.8,311.2,1840,26.6,202,0,0,0,0,0,0,9.399999999999977,48944
L,301.8,311.2,1822,26.2,204,0,0,0,0,0,0,9.399999999999977,47736.4
L,301.7,311.1,1644,32.8,206,0,0,0,0,0,0,9.400000000000034,53923.2
L,301.7,311,1441,44.3,208,1,1,0,0,0,0,9.300000000000011,63836.299999999996
L,301.5,310.9,1451,40.6,0,0,0,0,0,0,0,9.399999999999977,58910.6
L,301.5,310.9,1400,50.8,2,0,0,0,0,0,0,9.399999999999977,71120
L,301.4,310.8,1362,53.2,4,0,0,0,0,0,0,9.400000000000034,72458.40000000001
M,301.4,310.8,1782,26.5,6,0,0,0,0,0,0,9.400000000000034,47223
L,301.4,310.9,1536,38.3,9,0,0,0,0,0,0,9.5,58828.799999999996
L,301.5,310.9,1580,32.3,11,0,0,0,0,0,0,9.399999999999977,51033.99999999999
M,301.4,311,1427,43.2,13,0,0,0,0,0,0,9.600000000000023,61646.4
L,301.3,310.9,1509,41.7,16,0,0,0,0,0,0,9.599999999999966,62925.3
H,301.3,310.8,1434,39.5,18,0,0,0,0,0,0,9.5,56643
L,301.2,310.8,1392,52.6,23,0,0,0,0,0,0,9.600000000000023,73219.2
M,301.3,310.8,1509,40.1,25,0,0,0,0,0,0,9.5,60510.9
M,301.2,310.7,1962,22.5,28,0,0,0,0,0,0,9.5,44145
L,301.3,310.7,1536,39.3,31,0,0,0,0,0,0,9.399999999999977,60364.799999999996
L,301.3,310.8,1381,47.9,33,0,0,0,0,0,0,9.5,66149.9
H,301.2,310.7,1747,27.3,35,0,0,0,0,0,0,9.5,47693.1
L,301.2,310.6,1670,30,40,0,0,0,0,0,0,9.400000000000034,50100
L,301.3,310.6,1451,47.5,42,0,0,0,0,0,0,9.300000000000011,68922.5
L,301.2,310.7,1951,21.3,44,0,0,0,0,0,0,9.5,41556.3
M,301.3,310.7,1819,25.5,46,0,0,0,0,0,0,9.399999999999977,46384.5
M,301.3,310.8,1372,54.2,49,0,0,0,0,0,0,9.5,74362.40000000001
L,301.3,310.8,1560,38.5,52,0,0,0,0,0,0,9.5,60060
M,301.3,310.8,1494,35.3,54,0,0,0,0,0,0,9.5,52738.2
L,301.3,310.8,1531,53.4,57,0,0,0,0,0,0,9.5,81755.4
L,301.3,310.8,1450,46.9,59,0,0,0,0,0,0,9.5,68005
M,301.3,310.7,1391,52.5,61,0,0,0,0,0,0,9.399999999999977,73027.5
L,301.2,310.6,1389,45.3,64,0,0,0,0,0,0,9.400000000000034,62921.7
L,301.2,310.6,1409,50.9,66,0,0,0,0,0,0,9.400000000000034,71718.09999999999
H,301.1,310.6,1388,58.5,68,0,0,0,0,0,0,9.5,81198
M,301.1,310.6,1410,43.9,73,0,0,0,0,0,0,9.5,61899
M,301.1,310.5,1646,30.7,76,0,0,0,0,0,0,9.399999999999977,50532.2
M,301.1,310.7,2219,16.7,79,0,0,0,0,0,0,9.599999999999966,37057.299999999996
L,301.2,310.7,1551,41.2,82,0,0,0,0,0,0,9.5,63901.200000000004
L,301.2,310.6,1811,24,84,0,0,0,0,0,0,9.400000000000034,43464
L,301.3,310.7,1608,31.4,86,0,0,0,0,0,0,9.399999999999977,50491.2
L,301.3,310.8,1428,55.2,88,0,0,0,0,0,0,9.5,78825.6
L,301.4,310.8,1477,50.4,90,0,0,0,0,0,0,9.400000000000034,74440.8
M,301.3,310.7,1300,58.3,92,0,0,0,0,0,0,9.399999999999977,75790
M,301.2,310.7,1615,34.9,95,0,0,0,0,0,0,9.5,56363.5
L,301.2,310.7,1676,32.4,98,0,0,0,0,0,0,9.5,54302.399999999994
M,301.1,310.7,2636,12.2,100,1,0,0,1,0,0,9.599999999999966,32159.199999999997
M,301.1,310.6,1310,48.8,103,0,0,0,0,0,0,9.5,63927.99999999999
L,301.1,310.7,1334,48.2,106,0,0,0,0,0,0,9.599999999999966,64298.8
M,301.1,310.7,1621,31,108,0,0,0,0,0,0,9.599999999999966,50251
M,301.1,310.7,1367,43.4,111,0,0,0,0,0,0,9.599999999999966,59327.799999999996
L,301,310.6,1588,33.7,114,0,0,0,0,0,0,9.600000000000023,53515.600000000006
M,301,310.7,1497,37.6,116,0,0,0,0,0,0,9.699999999999989,56287.200000000004
L,301.1,310.8,1608,32.9,119,0,0,0,0,0,0,9.699999999999989,52903.2
L,301,310.8,1549,41.4,121,0,0,0,0,0,0,9.800000000000011,64128.6
L,301,310.7,1391,45,123,0,0,0,0,0,0,9.699999999999989,62595
L,300.9,310.8,1490,38.1,125,0,0,0,0,0,0,9.900000000000034,56769
L,301,310.7,1727,34.5,127,0,0,0,0,0,0,9.699999999999989,59581.5
L,300.9,310.6,1504,46.4,129,0,0,0,0,0,0,9.700000000000045,69785.59999999999
L,300.9,310.6,1350,53.8,131,0,0,0,0,0,0,9.700000000000045,72630
M,300.9,310.7,1420,43,133,0,0,0,0,0,0,9.800000000000011,61060
H,300.8,310.6,1465,44.1,136,0,0,0,0,0,0,9.800000000000011,64606.5
L,300.9,310.7,1427,44.1,141,0,0,0,0,0,0,9.800000000000011,62930.700000000004
L,300.9,310.7,1477,43.2,143,0,0,0,0,0,0,9.800000000000011,63806.4
M,301,310.7,1493,48.1,145,0,0,0,0,0,0,9.699999999999989,71813.3
M,301,310.7,1657,29.9,148,0,0,0,0,0,0,9.699999999999989,49544.299999999996
L,300.9,310.7,1359,46,151,0,0,0,0,0,0,9.800000000000011,62514
L,300.8,310.6,1551,34.5,153,0,0,0,0,0,0,9.800000000000011,53509.5
M,300.8,310.6,1545,37.5,155,0,0,0,0,0,0,9.800000000000011,57937.5
M,300.9,310.6,1709,29.2,158,0,0,0,0,0,0,9.700000000000045,49902.799999999996
M,300.9,310.7,1268,56.3,161,0,0,0,0,0,0,9.800000000000011,71388.4
L,300.9,310.7,1740,25.3,164,0,0,0,0,0,0,9.800000000000011,44022
L,301,310.9,1828,25.1,166,0,0,0,0,0,0,9.899999999999977,45882.8
L,301,310.9,1822,21.6,168,0,0,0,0,0,0,9.899999999999977,39355.200000000004
M,301,310.9,1515,41.8,170,0,0,0,0,0,0,9.899999999999977,63326.99999999999
L,301,310.9,1392,52.9,173,0,0,0,0,0,0,9.899999999999977,73636.8
H,300.9,310.9,1474,35.7,175,0,0,0,0,0,0,10,52621.8
M,301,310.9,1359,53.4,180,0,0,0,0,0,0,9.899999999999977,72570.59999999999
L,301.1,311,1565,52.3,183,0,0,0,0,0,0,9.899999999999977,81849.5
M,301.1,311.1,1384,42.5,185,0,0,0,0,0,0,10,58820
L,301.1,311.1,1387,53.1,188,0,0,0,0,0,0,10,73649.7
L,301.1,311,1378,51.1,190,0,0,0,0,0,0,9.899999999999977,70415.8
L,301,310.9,1809,25.7,192,0,0,0,0,0,0,9.899999999999977,46491.299999999996
H,301.1,311,1339,52.8,194,0,0,0,0,0,0,9.899999999999977,70699.2
M,301,311,1423,38.6,199,0,0,0,0,0,0,10,54927.8
L,301.1,311.1,1570,41.6,202,0,0,0,0,0,0,10,65312
L,301.2,311.2,1558,34.1,204,0,0,0,0,0,0,10,53127.8
L,301.1,311.1,1799,21.7,206,0,0,0,0,0,0,10,39038.299999999996
M,301.1,311.2,1591,35,208,0,0,0,0,0,0,10.099999999999966,55685
L,301.2,311.2,1635,29.6,211,0,0,0,0,0,0,10,48396
L,301.3,311.3,1509,42.5,213,0,0,0,0,0,0,10,64132.5
M,301.3,311.4,1838,23.2,215,0,0,0,0,0,0,10.099999999999966,42641.6
M,301.3,311.5,1648,32.4,0,0,0,0,0,0,0,10.199999999999989,53395.2
M,301.2,311.5,1498,49.5,3,0,0,0,0,0,0,10.300000000000011,74151
L,301.2,311.4,1757,28,6,0,0,0,0,0,0,10.199999999999989,49196
M,301.1,311.3,1389,53.3,8,0,0,0,0,0,0,10.199999999999989,74033.7
L,301.1,311.3,1498,37.6,11,0,0,0,0,0,0,10.199999999999989,56324.8
M,301,311.2,1521,35.8,13,0,0,0,0,0,0,10.199999999999989,54451.799999999996
M,301,311.2,1394,41.3,16,0,0,0,0,0,0,10.199999999999989,57572.2
H,301,311.2,1602,32.7,19,0,0,0,0,0,0,10.199999999999989,52385.4
L,300.9,311.1,1417,40.7,24,0,0,0,0,0,0,10.200000000000045,57671.9
L,301,311.2,1511,42.9,26,0,0,0,0,0,0,10.199999999999989,64821.9
M,301.1,311.3,1654,30.7,28,0,0,0,0,0,0,10.199999999999989,50777.799999999996
M,301.1,311.3,1836,22.8,31,0,0,0,0,0,0,10.199999999999989,41860.8
L,301.1,311.3,1622,35.6,34,0,0,0,0,0,0,10.199999999999989,57743.200000000004
L,301,311.2,1467,45.4,36,0,0,0,0,0,0,10.199999999999989,66601.8
M,301.1,311.3,1909,22.7,38,0,0,0,0,0,0,10.199999999999989,43334.299999999996
L,301.1,311.2,1910,20.2,41,0,0,0,0,0,0,10.099999999999966,38582
H,301.1,311.3,2207,16.6,43,0,0,0,0,0,0,10.199999999999989,36636.200000000004
M,301.1,311.2,1384,49.4,48,0,0,0,0,0,0,10.099999999999966,68369.59999999999
L,301.1,311.3,1630,29.5,51,0,0,0,0,0,0,10.199999999999989,48085
L,301.1,311.3,1268,60,53,0,0,0,0,0,0,10.199999999999989,76080
L,301.1,311.4,1531,38.7,55,0,0,0,0,0,0,10.299999999999955,59249.700000000004
M,301,311.3,1454,41.5,57,0,0,0,0,0,0,10.300000000000011,60341
L,301,311.3,1342,50.9,60,0,0,0,0,0,0,10.300000000000011,68307.8
L,301,311.2,1363,46.3,62,0,0,0,0,0,0,10.199999999999989,63106.899999999994
L,301,311.2,1412,42.1,64,0,0,0,0,0,0,10.199999999999989,59445.200000000004
H,301,311.3,1597,39.2,66,0,0,0,0,0,0,10.300000000000011,62602.4
L,301,311.3,1349,47,71,0,0,0,0,0,0,10.300000000000011,63403
L,301,311.3,1472,35.3,73,0,0,0,0,0,0,10.300000000000011,51961.6
L,301,311.4,1478,39.5,75,0,0,0,0,0,0,10.399999999999977,58381
H,300.9,311.3,1295,58.9,77,0,0,0,0,0,0,10.400000000000034,76275.5
M,300.8,311.2,1592,32.9,82,0,0,0,0,0,0,10.399999999999977,52376.799999999996
L,300.8,311.2,1430,54.4,85,0,0,0,0,0,0,10.399999999999977,77792
M,300.8,311.2,1488,40.1,87,0,0,0,0,0,0,10.399999999999977,59668.8
H,300.9,311.2,1518,35,90,0,0,0,0,0,0,10.300000000000011,53130
H,300.8,311.2,2237,17,95,0,0,0,0,0,0,10.399999999999977,38029
M,300.9,311.3,1801,24.6,100,0,0,0,0,0,0,10.400000000000034,44304.600000000006
L,301,311.4,1573,37.6,103,0,0,0,0,0,0,10.399999999999977,59144.8
L,300.9,311.4,2073,21.4,105,0,0,0,0,0,0,10.5,44362.2
L,300.9,311.3,1953,19.4,107,0,0,0,0,0,0,10.400000000000034,37888.2
L,300.8,311.2,1492,39,109,0,0,0,0,0,0,10.399999999999977,58188
L,300.8,311.2,1397,48.7,111,0,0,0,0,0,0,10.399999999999977,68033.90000000001
M,300.8,311.3,1465,43.2,113,0,0,0,0,0,0,10.5,63288.00000000001
L,300.8,311.3,1782,26.9,116,0,0,0,0,0,0,10.5,47935.799999999996
M,300.9,311.4,1434,45.4,118,0,0,0,0,0,0,10.5,65103.6
H,300.9,311.4,1387,42.7,121,0,0,0,0,0,0,10.5,59224.9
M,300.9,311.4,1532,41.5,126,0,0,0,0,0,0,10.5,63578
L,300.9,311.5,1505,41.1,129,0,0,0,0,0,0,10.600000000000023,61855.5
L,301,311.6,1440,43.3,131,0,0,0,0,0,0,10.600000000000023,62351.99999999999
L,301,311.6,1470,43.4,133,0,0,0,0,0,0,10.600000000000023,63798
L,301.1,311.7,1408,46.3,135,0,0,0,0,0,0,10.599999999999966,65190.399999999994
M,301,311.6,1357,45.6,137,0,0,0,0,0,0,10.600000000000023,61879.200000000004
M,301,311.6,1454,40,140,0,0,0,0,0,0,10.600000000000023,58160
L,301,311.6,1352,63.5,143,0,0,0,0,0,0,10.600000000000023,85852
M,301,311.6,1448,43.9,145,0,0,0,0,0,0,10.600000000000023,63567.2
L,300.9,311.6,1671,33.5,148,0,0,0,0,0,0,10.700000000000045,55978.5
L,301,311.7,1670,31.3,150,0,0,0,0,0,0,10.699999999999989,52271
L,301,311.7,1547,34.5,152,0,0,0,0,0,0,10.699999999999989,53371.5
L,301,311.6,1461,40.6,154,0,0,0,0,0,0,10.600000000000023,59316.6
M,301,311.6,1609,35.8,156,0,0,0,0,0,0,10.600000000000023,57602.2
M,300.9,311.5,1704,31.3,159,0,0,0,0,0,0,10.600000000000023,53335.200000000004
M,301,311.5,1550,34.9,162,0,0,0,0,0,0,10.5,54095
M,301,311.5,1530,43.9,165,0,0,0,0,0,0,10.5,67167
L,300.9,311.3,1449,40.2,168,0,0,0,0,0,0,10.400000000000034,58249.8
L,300.9,311.3,1613,32.7,170,0,0,0,0,0,0,10.400000000000034,52745.100000000006
L,300.8,311.2,1376,48.1,172,0,0,0,0,0,0,10.399999999999977,66185.6
L,300.8,311.2,1434,45.6,174,0,0,0,0,0,0,10.399999999999977,65390.4
L,300.8,311.1,1480,41.1,176,0,0,0,0,0,0,10.300000000000011,60828
M,300.8,311.2,1634,31.9,178,0,0,0,0,0,0,10.399999999999977,52124.6
L,300.8,311.2,1481,38.5,181,0,0,0,0,0,1,10.399999999999977,57018.5
H,300.9,311.3,1668,28.9,183,0,0,0,0,0,0,10.400000000000034,48205.2
L,301,311.4,1484,36.2,188,0,0,0,0,0,0,10.399999999999977,53720.8
M,300.9,311.3,1603,31.8,190,0,0,0,0,0,0,10.400000000000034,50975.4
L,301,311.4,1481,37.5,193,0,0,0,0,0,0,10.399999999999977,55537.5
L,301,311.5,1559,31.8,195,0,0,0,0,0,0,10.5,49576.200000000004
L,301,311.5,1444,39.8,197,0,0,0,0,0,0,10.5,57471.2
M,301.2,311.6,1423,48,199,0,0,0,0,0,0,10.400000000000034,68304
L,301.1,311.6,1432,48.1,202,0,0,0,0,0,0,10.5,68879.2
L,301.2,311.7,1463,48.3,204,0,0,0,0,0,0,10.5,70662.9
L,301.2,311.7,1433,49.3,206,0,0,0,0,0,0,10.5,70646.9
L,301.2,311.6,1461,52.9,208,1,0,0,0,1,0,10.400000000000034,77286.9
M,301.1,311.6,1266,55.5,210,0,0,0,0,0,0,10.5,70263
H,301.1,311.6,1417,53.4,0,0,0,0,0,0,0,10.5,75667.8
L,301.1,311.6,1488,43.4,5,0,0,0,0,0,0,10.5,64579.2
L,301.1,311.7,1816,24.5,7,0,0,0,0,0,0,10.599999999999966,44492
M,301,311.6,1301,55,9,0,0,0,0,0,0,10.600000000000023,71555
M,300.9,311.5,1836,21.8,12,0,0,0,0,0,0,10.600000000000023,40024.8
M,300.8,311.4,1521,39.9,15,0,0,0,0,0,0,10.599999999999966,60687.9
L,300.8,311.4,1322,67.2,18,1,0,0,1,0,0,10.599999999999966,88838.40000000001
L,300.8,311.4,1492,40.6,20,0,0,0,0,0,0,10.599999999999966,60575.200000000004
L,300.8,311.4,1536,40.9,22,0,0,0,0,0,0,10.599999999999966,62822.399999999994
L,300.7,311.2,1878,24.3,24,0,0,0,0,0,0,10.5,45635.4
L,300.6,311.1,1471,40.7,26,0,0,0,0,0,0,10.5,59869.700000000004
H,300.6,311.1,1452,40.2,28,0,0,0,0,0,0,10.5,58370.4
L,300.7,311.2,1452,44.4,33,0,0,0,0,0,0,10.5,64468.799999999996
M,300.7,311.3,1348,53,35,0,0,0,0,0,0,10.600000000000023,71444
H,300.8,311.4,1453,44.6,38,0,0,0,0,0,0,10.599999999999966,64803.8
L,300.8,311.4,1316,57.6,43,0,0,0,0,0,0,10.599999999999966,75801.6
M,300.8,311.4,1732,26.9,45,0,0,0,0,0,0,10.599999999999966,46590.799999999996
L,300.7,311.3,1522,35.2,48,0,0,0,0,0,0,10.600000000000023,53574.4
M,300.7,311.3,1487,39.8,50,0,0,0,0,0,0,10.600000000000023,59182.6
M,300.8,311.4,1852,22.2,53,0,0,0,0,0,0,10.599999999999966,41114.4
L,300.7,311.2,1486,46.8,56,0,0,0,0,0,0,10.5,69544.8
M,300.7,311.3,1562,37.1,58,0,0,0,0,0,0,10.600000000000023,57950.200000000004
L,300.7,311.2,1457,51.4,61,0,0,0,0,0,0,10.5,74889.8
M,300.7,311.2,1769,26.5,63,0,0,0,0,0,0,10.5,46878.5
H,300.7,311.3,1374,53.1,66,0,0,0,0,0,0,10.600000000000023,72959.40000000001
L,300.8,311.3,1524,43.5,71,0,0,0,0,0,0,10.5,66294
L,300.8,311.3,1498,40.2,73,0,0,0,0,0,0,10.5,60219.600000000006
L,300.8,311.3,1462,41.4,75,0,0,0,0,0,0,10.5,60526.799999999996
M,300.8,311.2,1429,52.3,77,0,0,0,0,0,0,10.399999999999977,74736.7
L,300.7,311.2,1399,47.9,80,0,0,0,0,0,0,10.5,67012.09999999999
M,300.8,311.2,1434,39.1,82,0,0,0,0,0,0,10.399999999999977,56069.4
L,300.7,311.1,1324,52.2,85,0,0,0,0,0,0,10.400000000000034,69112.8
L,300.6,311,1563,40.7,87,0,0,0,0,0,0,10.399999999999977,63614.100000000006
L,300.6,311,1543,34.7,89,0,0,0,0,0,0,10.399999999999977,53542.100000000006
L,300.7,311,1413,52,91,0,0,0,0,0,1,10.300000000000011,73476
M,300.7,311,1378,41.2,93,0,0,0,0,0,0,10.300000000000011,56773.600000000006
M,300.7,311.1,1373,49.9,96,0,0,0,0,0,0,10.400000000000034,68512.7
H,300.7,311,1981,19.9,99,0,0,0,0,0,0,10.300000000000011,39421.899999999994
M,300.7,311,1263,52.3,104,0,0,0,0,0,0,10.300000000000011,66054.9
L,300.7,311,1312,52.1,107,0,0,0,0,0,0,10.300000000000011,68355.2
L,300.7,311,1969,20.7,109,0,0,0,0,0,0,10.300000000000011,40758.299999999996
M,300.8,311.2,1365,51.7,111,0,0,0,0,0,0,10.399999999999977,70570.5
L,300.9,311.2,1789,25.5,114,0,0,0,0,0,0,10.300000000000011,45619.5
M,300.8,311.1,1583,32.1,116,0,0,0,0,0,0,10.300000000000011,50814.3
L,300.7,311,1436,44.9,119,0,0,0,0,0,0,10.300000000000011,64476.4
M,300.7,311,1559,42.8,121,0,0,0,0,0,0,10.300000000000011,66725.2
L,300.7,311,1377,49.9,124,0,0,0,0,0,0,10.300000000000011,68712.3
L,300.7,311,1462,41.9,126,0,0,0,0,0,0,10.300000000000011,61257.799999999996
L,300.7,311,1318,48.2,128,0,0,0,0,0,0,10.300000000000011,63527.600000000006
M,300.7,311,1378,51.6,130,0,0,0,0,0,0,10.300000000000011,71104.8
L,300.6,310.9,1344,46.7,133,0,0,0,0,0,0,10.299999999999955,62764.8
L,300.7,311.1,2377,14.3,135,0,0,0,0,0,0,10.400000000000034,33991.1
L,300.7,311.1,1427,50.3,137,0,0,0,0,0,0,10.400000000000034,71778.09999999999
L,300.9,311.2,1353,60.4,139,0,0,0,0,0,0,10.300000000000011,81721.2
L,300.8,311.3,1505,45.5,141,0,0,0,0,0,0,10.5,68477.5
H,300.8,311.2,1612,32.5,143,0,0,0,0,0,0,10.399999999999977,52390
L,300.7,311.1,1440,43,148,0,0,0,0,0,0,10.400000000000034,61920
M,300.7,311,1334,53.9,150,0,0,0,0,0,0,10.300000000000011,71902.59999999999
M,300.7,311,1706,25,153,0,0,0,0,0,0,10.300000000000011,42650
H,300.8,311.1,1698,24.8,156,0,0,0,0,0,0,10.300000000000011,42110.4
L,300.7,311.1,1688,30.7,161,0,0,0,0,0,0,10.400000000000034,51821.6
L,300.7,311.1,2437,13.8,163,0,0,0,0,0,0,10.400000000000034,33630.6
L,300.7,311.1,1478,46.8,165,0,0,0,0,0,0,10.400000000000034,69170.4
M,300.7,311.1,1608,35.3,167,0,0,0,0,0,0,10.400000000000034,56762.399999999994
L,300.7,311.1,2478,13.4,170,1,0,0,1,0,0,10.400000000000034,33205.200000000004
L,300.8,311.1,1509,33.4,172,0,0,0,0,0,0,10.300000000000011,50400.6
L,300.7,311,1596,36.9,174,0,0,0,0,0,0,10.300000000000011,58892.399999999994
M,300.7,311,1740,25.6,176,0,0,0,0,0,0,10.300000000000011,44544
L,300.6,310.8,1375,53.2,179,0,0,0,0,0,0,10.199999999999989,73150
M,300.6,310.7,1705,31.2,181,0,0,0,0,0,0,10.099999999999966,53196
M,300.5,310.6,1621,32,184,0,0,0,0,0,0,10.100000000000023,51872
M,300.6,310.7,1566,38.2,187,0,0,0,0,0,0,10.099999999999966,59821.200000000004
M,300.6,310.7,1388,42.9,190,0,0,0,0,0,0,10.099999999999966,59545.2
M,300.6,310.7,1457,36.7,193,0,0,0,0,0,0,10.099999999999966,53471.9
M,300.6,310.6,1463,45.5,196,0,0,0,0,0,0,10,66566.5
L,300.5,310.5,1564,38.2,199,0,0,0,0,0,0,10,59744.8
H,300.5,310.6,1411,47.2,201,0,0,0,0,0,0,10.100000000000023,66599.2
L,300.5,310.6,1540,46.7,206,0,0,0,0,0,0,10.100000000000023,71918
L,300.5,310.6,1950,20.3,208,0,0,0,0,0,0,10.100000000000023,39585
M,300.6,310.7,1339,52.9,0,0,0,0,0,0,0,10.099999999999966,70833.09999999999
H,300.6,310.6,1419,39.6,3,0,0,0,0,0,0,10,56192.4
L,300.5,310.6,1499,45.2,8,0,0,0,0,0,0,10.100000000000023,67754.8
L,300.5,310.6,1368,49.6,10,0,0,0,0,0,0,10.100000000000023,67852.8
L,300.5,310.5,1536,36.2,12,0,0,0,0,0,0,10,55603.200000000004
M,300.5,310.5,1469,42.9,14,0,0,0,0,0,0,10,63020.1
L,300.5,310.5,2633,12.2,17,1,0,0,1,0,0,10,32122.6
L,300.4,310.4,1298,61.4,19,0,0,0,0,0,0,10,79697.2
M,300.4,310.4,1544,36.3,21,0,0,0,0,0,0,10,56047.2
H,300.5,310.5,1403,47.7,24,0,0,0,0,0,0,10,66923.1
L,300.5,310.5,1452,42.9,29,0,0,0,0,0,0,10,62290.799999999996
L,300.6,310.5,1509,43.1,31,0,0,0,0,0,0,9.899999999999977,65037.9
M,300.7,310.6,1474,37,33,0,0,0,0,0,0,9.900000000000034,54538
M,300.7,310.7,1377,46.7,36,0,0,0,0,0,0,10,64305.9
L,300.8,310.8,1741,27.1,39,0,0,0,0,0,0,10,47181.100000000006
L,300.8,310.8,1460,53.8,41,0,0,0,0,0,0,10,78548
H,300.7,310.6,1631,32.6,43,0,0,0,0,0,0,9.900000000000034,53170.600000000006
L,300.7,310.5,1561,33.2,48,0,0,0,0,0,0,9.800000000000011,51825.200000000004
M,300.7,310.6,1572,38.5,50,0,0,0,0,0,0,9.900000000000034,60522
L,300.6,310.6,2127,18.7,53,0,0,0,0,0,0,10,39774.9
H,300.6,310.6,1448,44.7,55,0,0,0,0,0,0,10,64725.600000000006
L,300.6,310.7,1543,39.6,60,0,0,0,0,0,0,10.099999999999966,61102.8
L,300.6,310.6,1508,34.8,62,0,0,0,0,0,0,10,52478.399999999994
M,300.6,310.6,1403,50.4,64,0,0,0,0,0,0,10,70711.2
L,300.6,310.6,1454,39.7,67,0,0,0,0,0,0,10,57723.8
L,300.7,310.8,1772,27.3,69,0,0,0,0,0,0,10.100000000000023,48375.6
L,300.7,310.8,1479,49.1,71,0,0,0,0,0,0,10.100000000000023,72618.90000000001
L,300.7,310.9,1723,31,73,0,0,0,0,0,0,10.199999999999989,53413
M,300.7,310.8,1469,46.4,75,0,0,0,0,0,0,10.100000000000023,68161.59999999999
H,300.6,310.6,1830,26.2,78,0,0,0,0,0,0,10,47946
L,300.6,310.6,1497,38.2,83,0,0,0,0,0,0,10,57185.4
L,300.7,310.6,1540,52.7,85,0,0,0,0,0,0,9.900000000000034,81158
L,300.6,310.6,1514,39.5,87,0,0,0,0,0,0,10,59803
L,300.7,310.6,1654,34.2,89,0,0,0,0,0,0,9.900000000000034,56566.8
H,300.6,310.5,1519,37,91,0,0,0,0,0,0,9.899999999999977,56203
L,300.7,310.6,1720,30.3,96,0,0,0,0,0,0,9.900000000000034,52116
L,300.6,310.5,1470,37.7,98,0,0,0,0,0,0,9.899999999999977,55419.00000000001
L,300.6,310.5,1642,29.9,100,0,0,0,0,0,0,9.899999999999977,49095.799999999996
M,300.7,310.6,2006,19.1,102,0,0,0,0,0,0,9.900000000000034,38314.600000000006
M,300.7,310.6,1505,35.6,105,0,0,0,0,0,0,9.900000000000034,53578
M,300.7,310.6,1609,27.6,108,0,0,0,0,0,0,9.900000000000034,44408.4
M,300.7,310.5,1863,22.2,111,0,0,0,0,0,0,9.800000000000011,41358.6
L,300.6,310.4,1401,42.6,114,0,0,0,0,0,0,9.799999999999955,59682.6
L,300.6,310.4,2007,19.8,116,0,0,0,0,0,0,9.799999999999955,39738.6
L,300.6,310.4,1494,47.3,118,0,0,0,0,0,0,9.799999999999955,70666.2
L,300.6,310.4,1457,47.7,120,0,0,0,0,0,0,9.799999999999955,69498.90000000001
L,300.6,310.4,1556,37.7,122,0,0,0,0,0,0,9.799999999999955,58661.200000000004
H,300.6,310.4,1510,42.8,124,0,0,0,0,0,0,9.799999999999955,64627.99999999999
H,300.7,310.5,1567,38.7,129,0,0,0,0,0,0,9.800000000000011,60642.9
H,300.7,310.5,1476,43.1,134,0,0,0,0,0,0,9.800000000000011,63615.6
L,300.8,310.6,1663,30.6,139,0,0,0,0,0,0,9.800000000000011,50887.8
M,300.8,310.5,1409,50.6,141,0,0,0,0,0,0,9.699999999999989,71295.40000000001
L,300.8,310.6,1666,36.2,144,0,0,0,0,0,0,9.800000000000011,60309.200000000004
L,300.7,310.6,1520,45.9,146,0,0,0,0,0,0,9.900000000000034,69768
L,300.6,310.5,1644,33.8,148,0,0,0,0,0,0,9.899999999999977,55567.2
H,300.6,310.4,1479,35.6,150,0,0,0,0,0,0,9.799999999999955,52652.4
L,300.6,310.4,1446,49.7,155,0,0,0,0,0,0,9.799999999999955,71866.2
M,300.6,310.4,1407,51.1,157,0,0,0,0,0,0,9.799999999999955,71897.7
L,300.7,310.4,1234,51.7,160,0,0,0,0,0,0,9.699999999999989,63797.8
M,300.8,310.5,1696,29.7,162,0,0,0,0,0,0,9.699999999999989,50371.2
L,300.8,310.6,1384,52.9,165,0,0,0,0,0,0,9.800000000000011,73213.59999999999
M,300.8,310.7,1572,36.2,167,0,0,0,0,0,0,9.899999999999977,56906.4
M,300.8,310.7,1386,42.1,170,0,0,0,0,0,0,9.899999999999977,58350.6
L,300.8,310.7,1461,42.8,173,0,0,0,0,0,0,9.899999999999977,62530.799999999996
L,300.8,310.7,1525,39.4,175,0,0,0,0,0,0,9.899999999999977,60085
L,300.7,310.7,1333,61,177,0,0,0,0,0,0,10,81313
H,300.7,310.6,1505,40.6,179,0,0,0,0,0,0,9.900000000000034,61103
M,300.7,310.6,1439,41.7,184,0,0,0,0,0,0,9.900000000000034,60006.3
L,300.7,310.6,1491,43.2,187,0,0,0,0,0,0,9.900000000000034,64411.200000000004
M,300.7,310.6,1488,39.2,189,0,0,0,0,0,0,9.900000000000034,58329.600000000006
L,300.7,310.5,1536,47.4,192,0,0,0,0,0,0,9.800000000000011,72806.4
L,300.7,310.5,1960,21,194,0,0,0,0,0,0,9.800000000000011,41160
M,300.7,310.5,1594,31,196,0,0,0,0,0,0,9.800000000000011,49414
L,300.7,310.5,1357,52.6,199,0,0,0,0,0,0,9.800000000000011,71378.2
L,300.7,310.5,1445,41.1,201,0,0,0,0,0,0,9.800000000000011,59389.5
L,300.7,310.4,1543,47.3,203,0,0,0,0,0,0,9.699999999999989,72983.9
L,300.7,310.4,1366,52.6,205,0,0,0,0,0,0,9.699999999999989,71851.6
L,300.7,310.3,1458,40,207,0,0,0,0,0,0,9.600000000000023,58320
L,300.7,310.4,1416,61.8,209,1,0,0,1,1,0,9.699999999999989,87508.8
L,300.6,310.3,1794,24.4,211,0,0,0,0,0,0,9.699999999999989,43773.6
L,300.6,310.3,1484,41,213,0,0,0,0,0,0,9.699999999999989,60844
L,300.6,310.4,2514,13.4,215,0,0,0,0,0,0,9.799999999999955,33687.6
L,300.6,310.3,1648,30.5,217,1,1,0,0,0,0,9.699999999999989,50264
M,300.6,310.3,1614,32.7,0,0,0,0,0,0,0,9.699999999999989,52777.8
L,300.6,310.2,1622,34.1,3,0,0,0,0,0,0,9.599999999999966,55310.200000000004
M,300.6,310.2,1478,40.1,5,0,0,0,0,0,0,9.599999999999966,59267.8
L,300.6,310.2,1318,51,8,0,0,0,0,0,0,9.599999999999966,67218
L,300.7,310.2,1493,35.9,10,0,0,0,0,0,0,9.5,53598.7
H,300.7,310.3,1369,50.7,12,0,0,0,0,0,0,9.600000000000023,69408.3
L,300.6,310.2,1447,45.9,17,0,0,0,0,0,0,9.599999999999966,66417.3
L,300.6,310.1,1485,49.9,19,0,0,0,0,0,0,9.5,74101.5
L,300.6,310.2,1489,47.8,21,0,0,0,0,0,0,9.599999999999966,71174.2
M,300.6,310.2,1233,52.3,23,0,0,0,0,0,0,9.599999999999966,64485.899999999994
L,300.7,310.2,1642,32.6,26,0,0,0,0,0,0,9.5,53529.200000000004
M,300.7,310.2,1373,44.1,28,0,0,0,0,0,0,9.5,60549.3
L,300.7,310.2,1569,32.8,31,0,0,0,0,0,0,9.5,51463.2
L,300.8,310.2,1850,22.8,33,0,0,0,0,0,0,9.399999999999977,42180
M,300.8,310.3,1494,42.2,35,0,0,0,0,0,0,9.5,63046.8
H,300.8,310.3,1777,30.1,38,0,0,0,0,0,0,9.5,53487.700000000004
L,300.9,310.4,1454,43.1,43,0,0,0,0,0,0,9.5,62667.4
L,300.9,310.4,1536,34.2,45,0,0,0,0,0,0,9.5,52531.200000000004
L,300.8,310.5,1482,39,47,0,0,0,0,0,0,9.699999999999989,57798
H,300.9,310.5,1512,41.2,49,0,0,0,0,0,0,9.600000000000023,62294.4
M,300.8,310.5,1511,35.8,54,0,0,0,0,0,0,9.699999999999989,54093.799999999996
L,300.9,310.5,1599,40.5,57,0,0,0,0,0,0,9.600000000000023,64759.5
M,300.8,310.4,1518,36,59,0,0,0,0,0,0,9.599999999999966,54648
M,300.8,310.4,1450,39.4,62,0,0,0,0,0,0,9.599999999999966,57130
L,300.9,310.4,1427,47,65,0,0,0,0,0,0,9.5,67069
L,300.9,310.4,1561,32.7,67,0,0,0,0,0,0,9.5,51044.700000000004
H,300.9,310.4,1457,43.8,69,0,0,0,0,0,0,9.5,63816.6
M,301,310.6,1460,53.6,74,0,0,0,0,0,0,9.600000000000023,78256
L,301,310.5,1601,33.2,77,0,0,0,0,0,0,9.5,53153.200000000004
L,300.9,310.5,1570,40.1,79,0,0,0,0,0,0,9.600000000000023,62957
L,300.9,310.5,1565,35.9,81,0,0,0,0,0,0,9.600000000000023,56183.5
L,301,310.5,1378,44.4,83,0,0,0,0,0,0,9.5,61183.2
L,300.9,310.5,2288,16.1,85,0,0,0,0,0,0,9.600000000000023,36836.8
M,300.9,310.4,1375,44.7,87,0,0,0,0,0,0,9.5,61462.50000000001
L,300.9,310.4,1788,27.8,90,0,0,0,0,0,0,9.5,49706.4
M,300.9,310.4,1576,40.4,92,0,0,0,0,0,0,9.5,63670.399999999994
M,300.8,310.3,1868,24.5,95,0,0,0,0,0,0,9.5,45766
L,300.7,310.1,1261,56.6,98,0,0,0,0,0,0,9.400000000000034,71372.6
M,300.6,310,1542,33.9,100,0,0,0,0,0,0,9.399999999999977,52273.799999999996
L,300.6,310,1438,53.8,103,0,0,0,0,0,0,9.399999999999977,77364.4
L,300.6,310,1511,36.9,105,0,0,0,0,0,0,9.399999999999977,55755.9
L,300.6,310,1635,31,107,0,0,0,0,0,0,9.399999999999977,50685
L,300.6,309.9,1428,48.8,109,0,0,0,0,0,0,9.299999999999955,69686.4
M,300.5,309.8,1410,44.4,111,0,0,0,0,0,0,9.300000000000011,62604
L,300.5,309.9,1423,47.9,114,0,0,0,0,0,0,9.399999999999977,68161.7
M,300.5,309.9,1552,41.3,116,0,0,0,0,0,0,9.399999999999977,64097.6
M,300.5,310,1406,50.2,119,0,0,0,0,0,0,9.5,70581.2
L,300.5,309.9,1443,48.3,122,0,0,0,0,0,0,9.399999999999977,69696.9
M,300.5,309.9,1343,63.7,124,0,0,0,0,0,0,9.399999999999977,85549.1
M,300.6,310,1486,41.2,127,0,0,0,0,0,0,9.399999999999977,61223.200000000004
L,300.6,310.1,1297,50,130,0,0,0,0,0,0,9.5,64850
L,300.6,310.1,1495,42.3,132,0,0,0,0,0,0,9.5,63238.49999999999
L,300.5,309.9,1382,46.5,134,0,0,0,0,0,0,9.399999999999977,64263
M,300.4,309.8,1356,44.4,136,0,0,0,0,0,0,9.400000000000034,60206.4
H,300.3,309.7,1452,41.5,139,0,0,0,0,0,0,9.399999999999977,60258
H,300.3,309.7,1582,30.8,144,0,0,0,0,0,0,9.399999999999977,48725.6
M,300.4,309.8,1517,40.3,149,0,0,0,0,0,0,9.400000000000034,61135.1
L,300.5,310,1413,44.5,152,0,0,0,0,0,0,9.5,62878.5
L,300.4,309.9,1496,31.8,154,0,0,0,0,0,0,9.5,47572.8
L,300.3,309.8,1466,41.2,156,0,0,0,0,0,0,9.5,60399.200000000004
M,300.3,309.8,1617,40.8,158,0,0,0,0,0,0,9.5,65973.59999999999
L,300.2,309.8,1506,41.8,161,0,0,0,0,0,0,9.600000000000023,62950.799999999996
L,300.2,309.8,1401,49.3,163,0,0,0,0,0,0,9.600000000000023,69069.3
H,300.2,309.9,1906,22.9,165,0,0,0,0,0,0,9.699999999999989,43647.399999999994
L,300.2,309.9,1566,36.4,170,0,0,0,0,0,0,9.699999999999989,57002.399999999994
L,300.2,310,1493,47.3,172,0,0,0,0,0,0,9.800000000000011,70618.9
L,300.3,310.1,1483,39.9,174,0,0,0,0,0,0,9.800000000000011,59171.7
M,300.2,309.9,1569,31.2,176,0,0,0,0,0,0,9.699999999999989,48952.799999999996
M,300.2,310,1664,30.7,179,0,0,0,0,0,0,9.800000000000011,51084.799999999996
L,300.2,310,1486,40.1,182,0,0,0,0,0,0,9.800000000000011,59588.6
L,300.2,310,1389,53.6,184,0,0,0,0,0,0,9.800000000000011,74450.40000000001
L,300.1,310,1511,41.7,186,0,0,0,0,0,0,9.899999999999977,63008.700000000004
M,300.2,310.1,1485,40.5,188,0,0,0,0,0,0,9.900000000000034,60142.5
L,300.2,310.2,1440,42.9,191,0,0,0,0,0,0,10,61776
L,300.2,310.2,1378,43.9,193,0,0,0,0,0,0,10,60494.2
M,300.1,310.1,1501,39.3,195,0,0,0,0,0,0,10,58989.299999999996
M,300.2,310.1,1474,44,198,0,0,0,0,0,0,9.900000000000034,64856
L,300.2,310.1,1392,47.9,201,0,0,0,0,0,0,9.900000000000034,66676.8
M,300.3,310.2,1429,44.7,203,0,0,0,0,0,0,9.899999999999977,63876.3
L,300.3,310.3,1362,60.3,206,1,0,0,0,1,0,10,82128.59999999999
L,300.3,310.3,1704,29.5,0,0,0,0,0,0,0,10,50268
L,300.3,310.2,1492,52.3,2,0,0,0,0,0,0,9.899999999999977,78031.59999999999
M,300.3,310.2,1442,39.5,4,0,0,0,0,0,0,9.899999999999977,56959
M,300.2,310.2,1438,51.5,7,0,0,0,0,0,0,10,74057
M,300.1,310.1,1402,46.6,10,0,0,0,0,0,0,10,65333.200000000004
L,300.1,310.1,1684,30.8,13,0,0,0,0,0,0,10,51867.200000000004
L,300.2,310.2,1530,48.5,15,0,0,0,0,0,0,10,74205
L,300.1,310.1,1569,43.5,17,0,0,0,0,0,0,10,68251.5
L,300.1,310.1,1650,31.6,19,0,0,0,0,0,0,10,52140
L,300.2,310.2,1415,49.6,21,0,0,0,0,0,0,10,70184
L,300.2,310.2,1600,31.5,23,0,0,0,0,0,0,10,50400
L,300.2,310.1,1523,42.3,25,0,0,0,0,0,0,9.900000000000034,64422.899999999994
M,300.2,310.2,1628,30.3,27,0,0,0,0,0,0,10,49328.4
L,300.2,310.3,1331,52.1,30,0,0,0,0,0,0,10.100000000000023,69345.1
L,300.3,310.3,2158,16.8,32,0,0,0,0,0,0,10,36254.4
L,300.2,310.3,1445,50.9,34,0,0,0,0,0,0,10.100000000000023,73550.5
M,300.2,310.3,1593,36.1,36,0,0,0,0,0,0,10.100000000000023,57507.3
L,300.3,310.4,1672,29.2,39,0,0,0,0,0,0,10.099999999999966,48822.4
M,300.4,310.5,1644,31.4,41,0,0,0,0,0,0,10.100000000000023,51621.6
L,300.4,310.5,1402,54.3,44,0,0,0,0,0,0,10.100000000000023,76128.59999999999
L,300.4,310.4,1286,56.8,46,0,0,0,0,0,0,10,73044.8
L,300.4,310.4,1486,46.3,48,0,0,0,0,0,0,10,68801.8
L,300.3,310.3,1345,46.3,50,0,0,0,0,0,0,10,62273.49999999999
L,300.3,310.3,1629,34.1,52,0,0,0,0,0,0,10,55548.9
M,300.2,310.2,1429,43.8,54,0,0,0,0,0,0,10,62590.2
L,300.1,310.1,1306,64.7,57,0,0,0,0,0,0,10,84498.2
L,300.1,310.1,1380,52.6,59,0,0,0,0,0,0,10,72588
M,300.1,310.1,1443,49.3,61,0,0,0,0,0,0,10,71139.9
H,300.1,310.1,1426,42.7,64,0,0,0,0,0,0,10,60890.200000000004
L,300,310,1486,41.8,69,0,0,0,0,0,0,10,62114.799999999996
M,300,309.9,1530,34.5,71,0,0,0,0,0,0,9.899999999999977,52785
L,300,309.9,1507,41.4,74,0,0,0,0,0,0,9.899999999999977,62389.799999999996
L,300,309.9,1608,33.4,76,0,0,0,0,0,0,9.899999999999977,53707.2
L,300,309.8,1474,40.6,78,0,0,0,0,0,0,9.800000000000011,59844.4
L,300,309.7,1326,61.9,80,0,0,0,0,0,0,9.699999999999989,82079.4
M,299.8,309.6,1434,48,82,0,0,0,0,0,0,9.800000000000011,68832
L,299.8,309.6,1526,41.7,85,0,0,0,0,0,0,9.800000000000011,63634.200000000004
L,299.8,309.7,1483,39.6,87,0,0,0,0,0,0,9.899999999999977,58726.8
L,299.8,309.7,1457,51.9,89,0,0,0,0,0,0,9.899999999999977,75618.3
M,299.7,309.6,1540,34.4,91,0,0,0,0,0,0,9.900000000000034,52976
L,299.8,309.7,1707,29.1,94,0,0,0,0,0,0,9.899999999999977,49673.700000000004
L,299.8,309.7,1624,34.2,96,0,0,0,0,0,0,9.899999999999977,55540.8
M,299.8,309.6,1331,50.2,98,0,0,0,0,0,0,9.800000000000011,66816.2
L,299.8,309.7,1431,40.3,101,0,0,0,0,0,0,9.899999999999977,57669.299999999996
M,299.8,309.7,1705,28.5,103,0,0,0,0,0,0,9.899999999999977,48592.5
M,299.8,309.8,1427,45.2,106,0,0,0,0,0,0,10,64500.4
M,299.9,309.8,1625,41.2,109,0,0,0,0,0,0,9.900000000000034,66950
L,299.9,309.8,1477,47.7,112,0,0,0,0,0,0,9.900000000000034,70452.90000000001
M,300,309.9,1651,28.1,114,0,0,0,0,0,0,9.899999999999977,46393.100000000006
L,299.9,309.8,1716,28.2,117,0,0,0,0,0,0,9.900000000000034,48391.2
H,299.9,309.8,1400,48.7,119,0,0,0,0,0,0,9.900000000000034,68180
M,299.8,309.7,1556,37.7,124,0,0,0,0,0,0,9.899999999999977,58661.200000000004
L,299.8,309.7,1429,42.6,127,0,0,0,0,0,0,9.899999999999977,60875.4
H,299.7,309.6,1433,49.6,129,0,0,0,0,0,0,9.900000000000034,71076.8
M,299.8,309.7,1320,61.7,134,0,0,0,0,0,0,9.899999999999977,81444
L,299.8,309.6,1374,51.6,137,0,0,0,0,0,0,9.800000000000011,70898.40000000001
L,299.8,309.6,1598,31,139,0,0,0,0,0,0,9.800000000000011,49538
M,299.8,309.7,1910,21.8,141,0,0,0,0,0,0,9.899999999999977,41638
L,299.7,309.6,1399,51.3,144,0,0,0,0,0,0,9.900000000000034,71768.7
L,299.7,309.6,1720,27.1,146,0,0,0,0,0,0,9.900000000000034,46612
H,299.8,309.7,1368,47.4,148,0,0,0,0,0,0,9.899999999999977,64843.2
L,299.8,309.8,1749,33.4,153,0,0,0,0,0,0,10,58416.6
L,299.8,309.8,1542,39.4,155,0,0,0,0,0,0,10,60754.799999999996
L,299.8,309.9,1553,36.6,157,0,0,0,0,0,0,10.099999999999966,56839.8
M,299.9,309.9,1639,42.1,159,0,0,0,0,0,0,10,69001.90000000001
L,299.9,310,1447,45.9,162,0,0,0,0,0,0,10.100000000000023,66417.3
M,299.8,310,1397,48.1,164,0,0,0,0,0,0,10.199999999999989,67195.7
L,299.8,310,1361,53.8,167,0,0,0,0,0,0,10.199999999999989,73221.8
M,299.8,310,1460,37.1,169,0,0,0,0,0,0,10.199999999999989,54166
M,299.8,310,1632,33.7,172,0,0,0,0,0,0,10.199999999999989,54998.4
L,299.8,310,1697,36,175,0,0,0,0,0,0,10.199999999999989,61092
L,299.8,310.1,1553,42,177,0,0,0,0,0,0,10.300000000000011,65226
M,299.9,310.1,1362,56.3,179,0,0,0,0,0,0,10.200000000000045,76680.59999999999
M,299.9,310,1484,42.1,182,0,0,0,0,0,0,10.100000000000023,62476.4
H,299.9,310.1,1447,51.4,185,0,0,0,0,0,0,10.200000000000045,74375.8
M,300,310.2,1393,51.2,190,0,0,0,0,0,0,10.199999999999989,71321.6
L,300,310.2,1760,26.9,193,0,0,0,0,0,0,10.199999999999989,47344
L,300,310.1,1477,34.6,195,0,0,0,0,0,0,10.100000000000023,51104.200000000004
L,299.9,310.1,1681,29.1,197,0,0,0,0,0,0,10.200000000000045,48917.100000000006
M,300,310.1,1314,53.5,199,0,0,0,0,0,0,10.100000000000023,70299
L,300,310.1,1762,28,202,0,0,0,0,0,0,10.100000000000023,49336
L,299.9,310,1402,44.7,204,0,0,0,0,0,0,10.100000000000023,62669.4
M,300.1,310.2,1429,42,206,0,0,0,0,0,0,10.099999999999966,60018
M,300.2,310.3,1448,40.1,209,0,0,0,0,0,0,10.100000000000023,58064.8
H,300.2,310.4,1501,42.9,212,0,0,0,0,0,0,10.199999999999989,64392.9
L,300.3,310.5,1522,39.1,217,0,0,0,0,0,0,10.199999999999989,59510.200000000004
L,300.3,310.4,1493,37.5,219,0,0,0,0,0,0,10.099999999999966,55987.5
M,300.2,310.3,1704,29.4,221,0,0,0,0,0,0,10.100000000000023,50097.6
H,300.2,310.3,1408,42.5,0,0,0,0,0,0,0,10.100000000000023,59840
L,300.2,310.4,1518,41.8,5,0,0,0,0,0,0,10.199999999999989,63452.399999999994
L,300.3,310.4,1742,25.9,7,0,0,0,0,0,0,10.099999999999966,45117.799999999996
M,300.4,310.5,1500,43,9,0,0,0,0,0,0,10.100000000000023,64500
L,300.4,310.5,2424,14.5,12,0,0,0,0,0,0,10.100000000000023,35148
L,300.4,310.5,1818,25.1,14,0,0,0,0,0,0,10.100000000000023,45631.8
M,300.4,310.6,1545,35.6,16,0,0,0,0,0,0,10.200000000000045,55002
L,300.4,310.6,1429,46.9,19,0,0,0,0,0,0,10.200000000000045,67020.09999999999
M,300.4,310.6,1448,44.9,21,0,0,0,0,0,0,10.200000000000045,65015.2
L,300.4,310.6,1384,48.7,24,0,0,0,0,0,0,10.200000000000045,67400.8
L,300.4,310.5,1578,32.8,26,0,0,0,0,0,0,10.100000000000023,51758.399999999994
L,300.5,310.5,1695,26.7,28,0,0,0,0,0,0,10,45256.5
L,300.5,310.6,1543,36.2,30,0,0,0,0,0,0,10.100000000000023,55856.600000000006
M,300.4,310.5,1540,33.4,32,0,0,0,0,0,0,10.100000000000023,51436
L,300.2,310.4,1808,25.8,35,0,0,0,0,0,0,10.199999999999989,46646.4
M,300.3,310.4,1293,49.7,37,0,0,0,0,0,0,10.099999999999966,64262.100000000006
L,300.2,310.3,1202,59.5,40,0,0,0,0,0,0,10.100000000000023,71519
M,300.2,310.3,1704,29.2,42,0,0,0,0,0,0,10.100000000000023,49756.799999999996
M,300.2,310.3,1478,38.1,45,0,0,0,0,0,0,10.100000000000023,56311.8
L,300.2,310.3,1514,38.7,48,0,0,0,0,0,0,10.100000000000023,58591.8
M,300.1,310.3,1350,48.8,50,0,0,0,0,0,0,10.199999999999989,65880
L,300.1,310.2,1475,54.2,53,0,0,0,0,0,0,10.099999999999966,79945
H,300,310.1,1714,28.7,55,0,0,0,0,0,0,10.100000000000023,49191.799999999996
L,300,310.1,1465,40.9,60,0,0,0,0,0,0,10.100000000000023,59918.5
L,299.9,310.2,1288,69.6,62,1,0,0,1,0,0,10.300000000000011,89644.79999999999
L,300,310.2,1675,29.7,64,0,0,0,0,0,0,10.199999999999989,49747.5
L,300,310.2,1486,36.4,66,0,0,0,0,0,0,10.199999999999989,54090.4
M,300,310.2,1443,58.7,68,0,0,0,0,0,0,10.199999999999989,84704.1
M,300.1,310.3,1345,57.1,71,0,0,0,0,0,0,10.199999999999989,76799.5
M,300.2,310.4,1202,61.7,74,0,0,0,0,0,0,10.199999999999989,74163.40000000001
M,300.1,310.4,1480,37.1,77,0,0,0,0,0,0,10.299999999999955,54908
M,300.2,310.4,1530,35.7,80,0,0,0,0,0,0,10.199999999999989,54621.00000000001
M,300.2,310.6,1983,20.8,83,0,0,0,0,0,0,10.400000000000034,41246.4
L,300.3,310.6,1433,53.8,86,0,0,0,0,0,0,10.300000000000011,77095.4
L,300.3,310.6,1806,24.4,88,0,0,0,0,0,0,10.300000000000011,44066.399999999994
L,300.2,310.5,1416,46.7,90,0,0,0,0,0,0,10.300000000000011,66127.2
M,300.1,310.4,1556,38.1,92,0,0,0,0,0,0,10.299999999999955,59283.600000000006
L,300.1,310.5,1627,29.2,95,0,0,0,0,0,0,10.399999999999977,47508.4
L,300.1,310.6,1809,24.3,97,0,0,0,0,0,0,10.5,43958.700000000004
M,300.1,310.5,1329,57.4,99,0,0,0,0,0,0,10.399999999999977,76284.59999999999
H,300,310.4,1881,21.9,102,0,0,0,0,0,0,10.399999999999977,41193.899999999994
L,300.1,310.5,1500,39.8,107,0,0,0,0,0,0,10.399999999999977,59699.99999999999
L,300.1,310.5,1532,36,109,0,0,0,0,0,0,10.399999999999977,55152
L,300.1,310.5,1492,50.9,111,0,0,0,0,0,0,10.399999999999977,75942.8
L,300.2,310.6,1431,42.3,113,0,0,0,0,0,0,10.400000000000034,60531.299999999996
L,300.1,310.4,1554,39.4,115,0,0,0,0,0,0,10.299999999999955,61227.6
L,300.1,310.5,1494,44.2,117,0,0,0,0,0,0,10.399999999999977,66034.8
L,300.1,310.6,1374,45.4,119,0,0,0,0,0,0,10.5,62379.6
L,300.1,310.5,1394,44.3,121,0,0,0,0,0,0,10.399999999999977,61754.2
M,300,310.5,1790,25.7,123,0,0,0,0,0,0,10.5,46003
L,300.1,310.5,1356,45.8,126,0,0,0,0,0,0,10.399999999999977,62104.799999999996
M,300,310.4,1385,52.1,128,0,0,0,0,0,0,10.399999999999977,72158.5
L,300,310.4,1333,49.1,131,0,0,0,0,0,0,10.399999999999977,65450.3
L,300,310.4,1505,44.9,133,0,0,0,0,0,0,10.399999999999977,67574.5
L,300,310.5,1606,33.5,135,0,0,0,0,0,0,10.5,53801
H,300,310.5,1558,36.7,137,0,0,0,0,0,0,10.5,57178.600000000006
L,300,310.5,1412,52.4,142,0,0,0,0,0,0,10.5,73988.8
L,299.9,310.4,1408,38.4,144,0,0,0,0,0,0,10.5,54067.2
L,299.9,310.3,1268,53.3,146,0,0,0,0,0,0,10.400000000000034,67584.4
L,299.9,310.4,1470,50,148,0,0,0,0,0,0,10.5,73500
L,299.9,310.4,1497,47,150,0,0,0,0,0,0,10.5,70359
L,299.9,310.3,1638,29.1,152,0,0,0,0,0,0,10.400000000000034,47665.8
H,299.9,310.3,1535,43.9,154,0,0,0,0,0,0,10.400000000000034,67386.5
L,299.8,310.2,1654,32.7,159,0,0,0,0,0,0,10.399999999999977,54085.8
H,299.8,310.2,1411,49.7,161,0,0,0,0,0,0,10.399999999999977,70126.7
L,299.8,310.2,1911,23.5,166,0,0,0,0,0,0,10.399999999999977,44908.5
H,299.8,310.2,1573,33.3,168,0,0,0,0,0,0,10.399999999999977,52380.899999999994
L,299.9,310.2,1479,46.3,173,0,0,0,0,0,0,10.300000000000011,68477.7
M,299.9,310.4,1820,26.6,175,0,0,0,0,0,0,10.5,48412
L,299.9,310.4,1419,45.7,178,0,0,0,0,0,0,10.5,64848.3
M,299.9,310.5,1335,52.9,180,0,0,0,0,0,0,10.600000000000023,70621.5
M,299.9,310.5,1576,39.4,183,0,0,0,0,0,0,10.600000000000023,62094.399999999994
L,300,310.5,1517,42.2,186,0,0,0,0,0,0,10.5,64017.4
M,299.9,310.4,1576,34.3,188,0,0,0,0,0,0,10.5,54056.799999999996
H,299.8,310.2,1537,36.6,191,0,0,0,0,0,0,10.399999999999977,56254.200000000004
L,299.8,310.3,1524,34.2,196,0,0,0,0,0,0,10.5,52120.8
M,299.8,310.3,1805,23.7,198,0,0,0,0,0,0,10.5,42778.5
M,299.9,310.4,1367,53.3,201,0,0,0,0,0,0,10.5,72861.09999999999
L,299.8,310.4,1694,30.3,204,0,0,0,0,0,0,10.599999999999966,51328.200000000004
L,299.9,310.4,1328,49.9,206,0,0,0,0,0,0,10.5,66267.2
H,299.9,310.5,1549,42.8,208,0,0,0,0,0,0,10.600000000000023,66297.2
L,299.9,310.5,1539,32.8,213,0,0,0,0,0,0,10.600000000000023,50479.2
L,299.8,310.5,1496,38.8,215,0,0,0,0,0,0,10.699999999999989,58044.799999999996
L,299.8,310.4,1579,36.4,0,0,0,0,0,0,0,10.599999999999966,57475.6
L,299.7,310.3,1386,46.6,2,0,0,0,0,0,0,10.600000000000023,64587.6
L,299.7,310.3,1505,37.7,4,0,0,0,0,0,0,10.600000000000023,56738.50000000001
M,299.7,310.3,1661,34.5,6,0,0,0,0,0,0,10.600000000000023,57304.5
L,299.6,310.2,1468,48,9,0,0,0,0,0,0,10.599999999999966,70464
L,299.6,310.1,1384,49.8,11,0,0,0,0,0,0,10.5,68923.2
L,299.6,310.2,1381,60.5,13,0,0,0,0,0,0,10.599999999999966,83550.5
L,299.6,310.2,1469,47,15,0,0,0,0,0,0,10.599999999999966,69043
L,299.6,310.2,1627,36.6,17,0,0,0,0,0,0,10.599999999999966,59548.200000000004
H,299.7,310.3,1462,40.4,19,0,0,0,0,0,0,10.600000000000023,59064.799999999996
L,299.7,310.2,1633,36.5,24,0,0,0,0,0,0,10.5,59604.5
L,299.7,310.2,1469,39.5,26,0,0,0,0,0,0,10.5,58025.5
L,299.7,310.2,1458,43.4,28,0,0,0,0,0,0,10.5,63277.2
M,299.7,310.2,1440,42.8,30,0,0,0,0,0,0,10.5,61631.99999999999
L,299.8,310.3,1687,30.4,33,0,0,0,0,0,0,10.5,51284.799999999996
M,299.7,310.3,1429,47.7,35,0,0,0,0,0,0,10.600000000000023,68163.3
L,299.6,310.2,1588,34.1,38,0,0,0,0,0,0,10.599999999999966,54150.8
L,299.6,310.2,1333,51.2,40,0,0,0,0,0,0,10.599999999999966,68249.6
L,299.6,310.1,1487,42.9,42,0,0,0,0,0,0,10.5,63792.299999999996
M,299.5,310.1,1659,31.5,44,0,0,0,0,0,0,10.600000000000023,52258.5
M,299.4,310,1512,43.2,47,0,0,0,0,0,0,10.600000000000023,65318.4
L,299.5,310.1,1585,35.2,50,0,0,0,0,0,0,10.600000000000023,55792.00000000001
L,299.5,310,1502,38.5,52,0,0,0,0,0,0,10.5,57827
L,299.5,310,1594,35.1,54,0,0,0,0,0,0,10.5,55949.4
L,299.5,310,1412,48.9,56,0,0,0,0,0,0,10.5,69046.8
L,299.5,309.9,1402,51.7,58,0,0,0,0,0,0,10.399999999999977,72483.40000000001
L,299.6,310.1,2057,20.4,60,0,0,0,0,0,0,10.5,41962.799999999996
H,299.6,310.1,1531,36.8,62,0,0,0,0,0,0,10.5,56340.799999999996
M,299.5,310.1,1359,61.1,67,0,0,0,0,0,0,10.600000000000023,83034.90000000001
M,299.6,310.2,1620,30,70,0,0,0,0,0,0,10.599999999999966,48600
M,299.6,310.1,1646,29.6,73,0,0,0,0,0,0,10.5,48721.600000000006
M,299.6,310.1,1455,46.1,76,0,0,0,0,0,0,10.5,67075.5
L,299.6,310.2,1512,44,79,0,0,0,0,0,0,10.599999999999966,66528
L,299.6,310.2,1473,42.7,81,0,0,0,0,0,0,10.599999999999966,62897.100000000006
L,299.6,310.1,1553,38,83,0,0,0,0,0,0,10.5,59014
L,299.5,310,1379,50.4,85,0,0,0,0,0,0,10.5,69501.59999999999
M,299.4,309.9,1567,40.6,87,0,0,0,0,0,0,10.5,63620.200000000004
L,299.5,310,1481,43.1,90,0,0,0,0,0,0,10.5,63831.1
L,299.5,310,1349,52.7,92,0,0,0,0,0,0,10.5,71092.3
L,299.5,310,1388,52.4,94,0,0,0,0,0,0,10.5,72731.2
M,299.6,310.1,1357,48.7,96,0,0,0,0,0,0,10.5,66085.90000000001
L,299.6,310.2,1743,24.8,99,0,0,0,0,0,0,10.599999999999966,43226.4
L,299.7,310.3,1495,43.1,101,0,0,0,0,0,0,10.600000000000023,64434.5
L,299.8,310.4,1698,28.3,103,0,0,0,0,0,0,10.599999999999966,48053.4
M,299.7,310.4,1410,44.5,105,0,0,0,0,0,0,10.699999999999989,62745
L,299.7,310.4,1614,36.2,108,0,0,0,0,0,0,10.699999999999989,58426.8
M,299.8,310.5,1375,53.9,110,0,0,0,0,0,0,10.699999999999989,74112.5
M,299.8,310.6,1574,31.8,113,0,0,0,0,0,0,10.800000000000011,50053.200000000004
H,299.8,310.6,1423,44.6,116,0,0,0,0,0,0,10.800000000000011,63465.8
M,299.8,310.6,1694,31.3,121,0,0,0,0,0,0,10.800000000000011,53022.200000000004
L,299.8,310.6,1707,32.5,124,0,0,0,0,0,0,10.800000000000011,55477.5
M,299.7,310.5,1490,41.2,126,0,0,0,0,0,0,10.800000000000011,61388.00000000001
L,299.7,310.6,1675,31.3,129,0,0,0,0,0,0,10.900000000000034,52427.5
M,299.7,310.5,1492,39.3,131,0,0,0,0,0,0,10.800000000000011,58635.6
M,299.7,310.5,1594,35.4,134,0,0,0,0,0,0,10.800000000000011,56427.6
L,299.7,310.6,1479,38,137,0,0,0,0,0,0,10.900000000000034,56202
M,299.7,310.6,1572,38,139,0,0,0,0,0,0,10.900000000000034,59736
L,299.7,310.6,1616,35.1,142,0,0,0,0,0,0,10.900000000000034,56721.600000000006
L,299.7,310.6,1737,26.1,144,0,0,0,0,0,0,10.900000000000034,45335.700000000004
M,299.7,310.7,1498,37.8,146,0,0,0,0,0,0,11,56624.399999999994
L,299.6,310.6,1642,35.1,149,0,0,0,0,0,0,11,57634.200000000004
M,299.6,310.6,1633,34.2,151,0,0,0,0,0,0,11,55848.600000000006
L,299.8,310.8,1409,51.9,154,0,0,0,0,0,0,11,73127.09999999999
M,299.8,310.8,1463,43.5,156,0,0,0,0,0,0,11,63640.5
L,299.8,310.8,1376,48.6,159,0,0,0,0,0,0,11,66873.6
L,299.8,310.8,1553,32.2,161,0,0,0,0,0,0,11,50006.600000000006
M,299.8,310.8,1530,35.2,163,0,0,0,0,0,0,11,53856.00000000001
L,299.8,310.9,1545,40.7,166,0,0,0,0,0,0,11.099999999999966,62881.50000000001
H,299.8,310.9,1427,47.2,168,0,0,0,0,0,0,11.099999999999966,67354.40000000001
L,299.9,310.9,1292,51.1,173,0,0,0,0,0,0,11,66021.2
L,299.8,310.9,2084,17.6,175,0,0,0,0,0,0,11.099999999999966,36678.4
L,299.9,311,1747,27.6,177,0,0,0,0,0,0,11.100000000000023,48217.200000000004
L,300,311.1,1425,47.8,179,0,0,0,0,0,0,11.100000000000023,68115
L,300,311,1637,33.6,181,0,0,0,0,0,0,11,55003.200000000004
M,300.1,311.1,1616,35.2,183,0,0,0,0,0,0,11,56883.200000000004
L,300.1,311.1,1619,33.4,186,0,0,0,0,0,0,11,54074.6
L,300.1,311.2,1489,39.1,188,0,0,0,0,0,0,11.099999999999966,58219.9
M,300.1,311.2,1452,42.4,190,0,0,0,0,0,0,11.099999999999966,61564.799999999996
M,300.1,311.3,1495,41,193,0,0,0,0,0,0,11.199999999999989,61295
M,300.2,311.4,1427,39.7,196,0,0,0,0,0,0,11.199999999999989,56651.9
L,300.1,311.4,1572,36.2,199,0,0,0,0,0,0,11.299999999999955,56906.4
L,300.1,311.3,1547,40,201,0,0,0,0,0,0,11.199999999999989,61880
M,300.1,311.4,1342,48.5,203,0,0,0,0,0,0,11.299999999999955,65087
L,300,311.2,1351,44.1,206,0,0,0,0,0,0,11.199999999999989,59579.1
L,300,311.3,1407,47.3,208,0,0,0,0,0,0,11.300000000000011,66551.09999999999
M,300.1,311.4,1575,29.8,210,0,0,0,0,0,0,11.299999999999955,46935
M,300,311.4,1791,24.1,213,0,0,0,0,0,0,11.399999999999977,43163.100000000006
M,300,311.4,1692,29,216,1,1,0,0,0,0,11.399999999999977,49068
L,300,311.4,1634,31.9,0,0,0,0,0,0,0,11.399999999999977,52124.6
M,300,311.4,1864,23.3,2,0,0,0,0,0,0,11.399999999999977,43431.200000000004
L,300,311.4,1590,33.6,5,0,0,0,0,0,0,11.399999999999977,53424
M,300,311.4,1384,46.1,7,0,0,0,0,0,0,11.399999999999977,63802.4
M,300,311.4,1352,61.8,10,0,0,0,0,0,0,11.399999999999977,83553.59999999999
L,300.1,311.4,1484,43.1,13,0,0,0,0,0,0,11.299999999999955,63960.4
M,300.1,311.4,1913,21.9,15,0,0,0,0,0,0,11.299999999999955,41894.7
L,300,311.4,1508,38.2,18,0,0,0,0,0,0,11.399999999999977,57605.600000000006
L,299.9,311.3,1504,40.7,20,0,0,0,0,0,0,11.400000000000034,61212.8
L,300,311.4,1487,41.2,22,0,0,0,0,0,0,11.399999999999977,61264.4
L,299.8,311.3,1727,30,24,0,0,0,0,0,0,11.5,51810
L,299.9,311.3,1647,27.5,26,0,0,0,0,0,0,11.400000000000034,45292.5
L,300,311.3,1493,41.4,28,0,0,0,0,0,0,11.300000000000011,61810.2
L,300,311.4,1655,29.6,30,0,0,0,0,0,0,11.399999999999977,48988
M,299.9,311.4,1337,54.8,32,0,0,0,0,0,0,11.5,73267.59999999999
L,300,311.5,1601,36.9,35,0,0,0,0,0,0,11.5,59076.899999999994
H,300.1,311.6,1589,37.9,37,0,0,0,0,0,0,11.5,60223.1
L,300.2,311.7,1286,55.1,42,0,0,0,0,0,0,11.5,70858.6
L,300.2,311.7,1553,41.3,44,0,0,0,0,0,0,11.5,64138.899999999994
L,300.2,311.8,1379,51,46,0,0,0,0,0,0,11.600000000000023,70329
M,300.3,311.9,1677,30.8,48,0,0,0,0,0,0,11.599999999999966,51651.6
L,300.3,311.8,1488,38.4,51,0,0,0,0,0,0,11.5,57139.2
L,300.3,311.8,1418,45.9,53,0,0,0,0,0,0,11.5,65086.2
L,300.3,311.8,1451,41,55,0,0,0,0,0,0,11.5,59491
L,300.3,311.8,1508,43.1,57,0,0,0,0,0,0,11.5,64994.8
L,300.3,311.7,1579,33.6,59,0,0,0,0,0,0,11.399999999999977,53054.4
H,300.3,311.7,1432,47.7,61,0,0,0,0,0,0,11.399999999999977,68306.40000000001
L,300.2,311.6,1446,47.3,66,0,0,0,0,0,0,11.400000000000034,68395.8
M,300.2,311.7,1597,39.5,68,0,0,0,0,0,0,11.5,63081.5
M,300.2,311.7,1397,50.2,71,0,0,0,0,0,0,11.5,70129.40000000001
L,300.1,311.6,1530,36.6,74,0,0,0,0,0,0,11.5,55998
M,300.1,311.6,1433,51.4,76,0,0,0,0,0,0,11.5,73656.2
L,300,311.5,1591,32,79,0,0,0,0,0,0,11.5,50912
L,300,311.5,1445,41.6,81,0,0,0,0,0,0,11.5,60112
L,300,311.5,1749,28.3,83,0,0,0,0,0,0,11.5,49496.700000000004
L,300,311.3,1703,30.4,85,0,0,0,0,0,0,11.300000000000011,51771.2
H,300.1,311.4,1518,46.9,87,0,0,0,0,0,0,11.299999999999955,71194.2
L,300.1,311.3,1535,42.3,92,0,0,0,0,0,0,11.199999999999989,64930.49999999999
M,300.1,311.4,1390,52.1,94,0,0,0,0,0,0,11.299999999999955,72419
H,300.3,311.6,1801,23.6,97,0,0,0,0,0,0,11.300000000000011,42503.600000000006
H,300.3,311.6,1463,41.6,102,0,0,0,0,0,0,11.300000000000011,60860.8
L,300.3,311.6,1560,37.7,107,0,0,0,0,0,0,11.300000000000011,58812.00000000001
L,300.3,311.6,1607,33.5,109,0,0,0,0,0,0,11.300000000000011,53834.5
L,300.4,311.6,1332,54.6,111,0,0,0,0,0,0,11.200000000000045,72727.2
L,300.3,311.7,1365,53.3,113,0,0,0,0,0,0,11.399999999999977,72754.5
M,300.3,311.6,1617,32.5,115,0,0,0,0,0,0,11.300000000000011,52552.5
M,300.3,311.6,1304,62.8,118,0,0,0,0,0,0,11.300000000000011,81891.2
L,300.3,311.7,1989,22.3,121,0,0,0,0,0,0,11.399999999999977,44354.700000000004
H,300.3,311.6,1339,53.4,123,0,0,0,0,0,0,11.300000000000011,71502.59999999999
L,300.2,311.5,1492,41.8,128,0,0,0,0,0,0,11.300000000000011,62365.6
M,300.1,311.3,1518,40.2,130,0,0,0,0,0,0,11.199999999999989,61023.600000000006
L,300.1,311.3,1479,39.5,133,0,0,0,0,0,0,11.199999999999989,58420.5
M,300.1,311.3,1523,34.1,135,0,0,0,0,0,0,11.199999999999989,51934.3
M,300.2,311.4,1570,35.3,138,0,0,0,0,0,0,11.199999999999989,55420.99999999999
H,300.2,311.4,1506,36.1,141,0,0,0,0,0,0,11.199999999999989,54366.6
M,300.2,311.6,1510,47.5,146,0,0,0,0,0,0,11.400000000000034,71725
L,300.2,311.6,1671,28.8,149,0,0,0,0,0,0,11.400000000000034,48124.8
M,300.3,311.6,1312,53.4,151,0,0,0,0,0,0,11.300000000000011,70060.8
L,300.3,311.6,1595,38.8,154,0,0,0,0,0,0,11.300000000000011,61885.99999999999
L,300.3,311.7,1635,31.8,156,0,0,0,0,0,0,11.399999999999977,51993
L,300.3,311.7,1707,33.6,158,0,0,0,0,0,0,11.399999999999977,57355.200000000004
L,300.3,311.7,1545,43.5,160,0,0,0,0,0,1,11.399999999999977,67207.5
M,300.2,311.6,1751,28,162,0,0,0,0,0,0,11.400000000000034,49028
M,300.4,311.8,1707,30,165,0,0,0,0,0,0,11.400000000000034,51210
L,300.4,311.8,1320,57.9,168,0,0,0,0,0,0,11.400000000000034,76428
M,300.3,311.7,1319,51.4,170,0,0,0,0,0,0,11.399999999999977,67796.59999999999
L,300.2,311.7,1448,54.2,173,0,0,0,0,0,0,11.5,78481.6
L,300.2,311.8,1436,48.2,175,0,0,0,0,0,0,11.600000000000023,69215.2
L,300.3,311.9,1609,34,177,0,0,0,0,0,0,11.599999999999966,54706
L,300.2,311.8,1464,44.5,179,0,0,0,0,0,0,11.600000000000023,65148
M,300.3,311.8,1483,45.1,181,0,0,0,0,0,0,11.5,66883.3
M,300.2,311.8,1748,28.5,184,0,0,0,0,0,0,11.600000000000023,49818
L,300.3,311.8,1746,26.3,187,0,0,0,0,0,0,11.5,45919.8
L,300.2,311.8,1410,51.4,189,0,0,0,0,0,0,11.600000000000023,72474
L,300.2,311.7,1640,30.8,191,0,0,0,0,0,0,11.5,50512
H,300.3,311.7,1655,29.9,193,0,0,0,0,0,0,11.399999999999977,49484.5
M,300.3,311.7,1646,28.9,198,0,0,0,0,0,0,11.399999999999977,47569.399999999994
L,300.4,311.8,1589,42,201,0,0,0,0,0,0,11.400000000000034,66738
L,300.5,311.9,1546,39.4,203,0,0,0,0,0,0,11.399999999999977,60912.399999999994
L,300.5,311.9,1511,41.8,205,0,0,0,0,0,0,11.399999999999977,63159.799999999996
L,300.5,311.9,1750,28.3,207,0,0,0,0,0,0,11.399999999999977,49525
M,300.5,311.9,1730,27.5,209,0,0,0,0,0,0,11.399999999999977,47575
L,300.6,311.9,1372,60.1,212,1,0,0,0,1,0,11.299999999999955,82457.2
L,300.5,311.8,1524,38.9,214,1,1,0,0,0,0,11.300000000000011,59283.6
L,300.4,311.8,1601,36.1,0,0,0,0,0,0,0,11.400000000000034,57796.100000000006
M,300.5,311.8,1636,34.4,2,0,0,0,0,0,0,11.300000000000011,56278.399999999994
L,300.4,311.8,2261,14.9,5,0,0,0,0,0,0,11.400000000000034,33688.9
L,300.4,311.8,1636,32.3,7,0,0,0,0,0,0,11.400000000000034,52842.799999999996
M,300.4,311.9,1335,58.3,9,0,0,0,0,0,0,11.5,77830.5
M,300.3,311.7,1236,57.5,12,0,0,0,0,0,0,11.399999999999977,71070
L,300.3,311.7,1445,47.3,15,0,0,0,0,0,0,11.399999999999977,68348.5
L,300.2,311.5,1500,40.8,17,0,0,0,0,0,0,11.300000000000011,61199.99999999999
L,300.2,311.6,1999,21,19,0,0,0,0,0,0,11.400000000000034,41979
L,300.2,311.6,1529,35.5,21,0,0,0,0,0,0,11.400000000000034,54279.5
M,300.2,311.6,1467,40.7,23,0,0,0,0,0,0,11.400000000000034,59706.9
L,300.1,311.5,1334,54,26,0,0,0,0,0,0,11.399999999999977,72036
M,300.1,311.5,1343,46.2,28,0,0,0,0,0,0,11.399999999999977,62046.600000000006
L,300.2,311.5,1639,31.1,31,0,0,0,0,0,0,11.300000000000011,50972.9
H,300.1,311.5,1383,49.1,33,0,0,0,0,0,0,11.399999999999977,67905.3
L,300.1,311.4,1660,31.4,38,0,0,0,0,0,0,11.299999999999955,52124
L,300.1,311.3,1470,45.2,40,0,0,0,0,0,0,11.199999999999989,66444
M,300.1,311.3,1748,26.6,42,0,0,0,0,0,0,11.199999999999989,46496.8
L,300.1,311.4,1467,35.7,45,0,0,0,0,0,0,11.299999999999955,52371.9
M,300.1,311.4,1617,39.3,47,0,0,0,0,0,0,11.299999999999955,63548.1
H,300.1,311.4,1377,56.7,50,0,0,0,0,0,0,11.299999999999955,78075.90000000001
M,300,311.3,1629,32.1,55,0,0,0,0,0,0,11.300000000000011,52290.9
L,300,311.2,1504,37.9,58,0,0,0,0,0,0,11.199999999999989,57001.6
L,300,311.2,1418,47.3,60,0,0,0,0,0,0,11.199999999999989,67071.4
L,300,311.2,1629,31.7,62,0,0,0,0,0,0,11.199999999999989,51639.299999999996
L,300.1,311.3,2579,12.5,64,1,0,0,1,0,0,11.199999999999989,32237.5
L,300.1,311.3,1305,64.7,66,0,0,0,0,0,0,11.199999999999989,84433.5
M,300.2,311.4,1450,38.5,68,0,0,0,0,0,0,11.199999999999989,55825
L,300.2,311.3,1487,36.9,71,0,0,0,0,0,0,11.100000000000023,54870.299999999996
M,300.2,311.3,1587,31.2,73,0,0,0,0,0,0,11.100000000000023,49514.4
M,300.3,311.5,1528,40.9,76,0,0,0,0,0,0,11.199999999999989,62495.2
M,300.4,311.6,1401,49.9,79,0,0,0,0,0,0,11.200000000000045,69909.9
L,300.3,311.5,1446,45,82,0,0,0,0,0,0,11.199999999999989,65070
L,300.2,311.4,1425,44.2,84,0,0,0,0,0,0,11.199999999999989,62985.00000000001
L,300.2,311.4,1891,22.6,86,0,0,0,0,0,0,11.199999999999989,42736.600000000006
H,300.2,311.5,1454,42.8,88,0,0,0,0,0,0,11.300000000000011,62231.2
L,300.1,311.4,1430,40.9,93,0,0,0,0,0,0,11.299999999999955,58487
L,300.2,311.4,1495,43.6,95,0,0,0,0,0,0,11.199999999999989,65182
L,300.3,311.4,1544,41.6,97,0,0,0,0,0,0,11.099999999999966,64230.4
M,300.3,311.4,1554,34.3,99,0,0,0,0,0,0,11.099999999999966,53302.2
M,300.2,311.3,1491,37.3,102,0,0,0,0,0,0,11.100000000000023,55614.299999999996
L,300.3,311.3,1525,40.7,105,0,0,0,0,0,0,11,62067.50000000001
L,300.3,311.3,1505,39.6,107,0,0,0,0,0,0,11,59598
M,300.3,311.4,1371,50.2,109,0,0,0,0,0,0,11.099999999999966,68824.2
L,300.3,311.3,1332,60.5,112,0,0,0,0,0,0,11,80586
L,300.3,311.4,1471,37,114,0,0,0,0,0,0,11.099999999999966,54427
M,300.4,311.5,1750,27.3,116,0,0,0,0,0,0,11.100000000000023,47775
M,300.3,311.4,1386,48.1,119,0,0,0,0,0,0,11.099999999999966,66666.6
M,300.4,311.4,1355,56.2,122,0,0,0,0,0,0,11,76151
M,300.3,311.3,1377,53.8,125,0,0,0,0,0,0,11,74082.59999999999
L,300.3,311.1,1388,49.4,128,0,0,0,0,0,0,10.800000000000011,68567.2
M,300.3,311.1,1350,58.7,130,0,0,0,0,0,0,10.800000000000011,79245
M,300.4,311.2,1831,23.4,133,0,0,0,0,0,0,10.800000000000011,42845.399999999994
M,300.3,311.2,1381,65.2,136,1,0,0,1,0,0,10.899999999999977,90041.2
M,300.3,311.2,1783,25.6,139,0,0,0,0,0,0,10.899999999999977,45644.8
L,300.3,311,1613,34.7,142,0,0,0,0,0,0,10.699999999999989,55971.100000000006
M,300.2,311,2370,14.7,144,0,0,0,0,0,0,10.800000000000011,34839
L,300.2,311,1627,33.7,147,0,0,0,0,0,0,10.800000000000011,54829.9
L,300.2,311,1255,71.8,149,1,0,0,1,0,0,10.800000000000011,90109
H,300.2,311,1777,27.5,151,0,0,0,0,0,0,10.800000000000011,48867.5
L,300.3,311.1,1606,30.9,156,0,0,0,0,0,0,10.800000000000011,49625.399999999994
L,300.3,311.1,1676,28.6,158,0,0,0,0,0,0,10.800000000000011,47933.600000000006
L,300.3,311.1,1605,37.1,160,0,0,0,0,0,0,10.800000000000011,59545.5
L,300.4,311.1,1487,37.4,162,0,0,0,0,0,0,10.700000000000045,55613.799999999996
L,300.4,311.2,1471,46.5,164,0,0,0,0,0,0,10.800000000000011,68401.5
M,300.3,311.1,1477,44.2,166,0,0,0,0,0,0,10.800000000000011,65283.4
L,300.4,311.2,1530,32,169,0,0,0,0,0,0,10.800000000000011,48960
L,300.4,311.2,1673,28.9,171,0,0,0,0,0,0,10.800000000000011,48349.7
L,300.4,311.2,1436,56.8,173,0,0,0,0,0,0,10.800000000000011,81564.8
L,300.4,311.3,1495,51.2,175,0,0,0,0,0,0,10.900000000000034,76544
M,300.4,311.2,1366,56.1,177,0,0,0,0,0,0,10.800000000000011,76632.6
H,300.4,311.2,1489,45.3,180,0,0,0,0,0,0,10.800000000000011,67451.7
L,300.3,311.1,1480,46.6,185,0,0,0,0,0,0,10.800000000000011,68968
L,300.4,311.2,1472,37.3,187,0,0,0,0,0,0,10.800000000000011,54905.6
L,300.4,311.1,1397,50.8,189,0,0,0,0,0,0,10.700000000000045,70967.59999999999
L,300.4,311.1,1589,35.5,191,0,0,0,0,0,0,10.700000000000045,56409.5
L,300.4,311.1,1405,54.1,193,0,0,0,0,0,0,10.700000000000045,76010.5
L,300.4,311.1,2013,20.1,195,0,0,0,0,0,0,10.700000000000045,40461.3
L,300.4,311,1802,26,197,0,0,0,0,0,0,10.600000000000023,46852
M,300.4,311,1433,46.1,199,0,0,0,0,0,0,10.600000000000023,66061.3
M,300.5,311.1,1296,61.3,202,1,0,0,0,1,0,10.600000000000023,79444.8
M,300.5,311.2,1551,36.6,205,0,0,0,0,0,0,10.699999999999989,56766.600000000006
L,300.5,311.2,1270,67.5,208,1,0,0,0,1,0,10.699999999999989,85725
L,300.6,311.3,1531,38.5,0,0,0,0,0,0,0,10.699999999999989,58943.5
H,300.5,311.2,1397,45.2,2,0,0,0,0,0,0,10.699999999999989,63144.4
L,300.5,311.1,1547,37.2,7,0,0,0,0,0,0,10.600000000000023,57548.4
L,300.5,311,2074,18.9,9,0,0,0,0,0,0,10.5,39198.6
L,300.5,311.1,1491,42.6,11,0,0,0,0,0,0,10.600000000000023,63516.6
L,300.5,311,1759,28.3,13,0,0,0,0,0,0,10.5,49779.700000000004
M,300.4,311,1595,35.4,15,0,0,0,0,0,0,10.600000000000023,56463
L,300.4,311.2,1351,62,18,0,0,0,0,0,0,10.800000000000011,83762
L,300.4,311.2,1705,28.7,20,0,0,0,0,0,0,10.800000000000011,48933.5
L,300.4,311.2,1406,43.6,22,0,0,0,0,0,0,10.800000000000011,61301.6
L,300.4,311.3,1639,34.6,24,0,0,0,0,0,0,10.900000000000034,56709.4
H,300.4,311.3,2026,20.3,26,0,0,0,0,0,0,10.900000000000034,41127.8
M,300.4,311.3,1350,56.5,31,0,0,0,0,0,0,10.900000000000034,76275
M,300.5,311.3,1468,41.1,34,0,0,0,0,0,0,10.800000000000011,60334.8
L,300.5,311.4,1642,27.1,37,0,0,0,0,0,0,10.899999999999977,44498.200000000004
L,300.5,311.3,1490,41.8,39,0,0,0,0,0,0,10.800000000000011,62281.99999999999
M,300.5,311.3,1507,43.4,41,0,0,0,0,0,0,10.800000000000011,65403.799999999996
L,300.5,311.4,1611,32.7,44,0,0,0,0,0,0,10.899999999999977,52679.700000000004
M,300.5,311.4,1743,27.6,46,0,0,0,0,0,0,10.899999999999977,48106.8
L,300.5,311.3,1475,46.3,49,0,0,0,0,0,0,10.800000000000011,68292.5
L,300.5,311.4,1432,47.5,51,0,0,0,0,0,0,10.899999999999977,68020
L,300.5,311.4,1442,47,53,0,0,0,0,0,0,10.899999999999977,67774
M,300.6,311.4,1468,40.4,55,0,0,0,0,0,0,10.799999999999955,59307.2
L,300.5,311.4,1556,45.3,58,0,0,0,0,0,0,10.899999999999977,70486.79999999999
M,300.5,311.4,1312,51.4,60,0,0,0,0,0,0,10.899999999999977,67436.8
L,300.6,311.5,1459,47,63,0,0,0,0,0,0,10.899999999999977,68573
L,300.5,311.5,1651,36.9,65,0,0,0,0,0,0,11,60921.899999999994
L,300.5,311.5,1490,38.4,67,0,0,0,0,0,0,11,57216
M,300.6,311.6,1473,31.5,69,0,0,0,0,0,0,11,46399.5
L,300.6,311.7,1734,29.9,72,0,0,0,0,0,0,11.099999999999966,51846.6
L,300.6,311.7,1507,45.5,74,0,0,0,0,0,0,11.099999999999966,68568.5
L,300.6,311.7,1556,34.9,76,0,0,0,0,0,0,11.099999999999966,54304.399999999994
H,300.5,311.6,1351,53.5,78,0,0,0,0,0,0,11.100000000000023,72278.5
L,300.5,311.7,1445,44.8,83,0,0,0,0,0,0,11.199999999999989,64735.99999999999
L,300.5,311.7,1619,32.7,85,0,0,0,0,0,0,11.199999999999989,52941.3
M,300.5,311.7,1269,64,87,0,0,0,0,0,0,11.199999999999989,81216
L,300.5,311.6,1534,37.7,90,0,0,0,0,0,0,11.100000000000023,57831.8
L,300.5,311.6,1444,49.3,92,0,0,0,0,0,0,11.100000000000023,71189.2
L,300.5,311.6,1744,26.8,94,0,0,0,0,0,0,11.100000000000023,46739.200000000004
L,300.4,311.5,1441,44.6,96,0,0,0,0,0,0,11.100000000000023,64268.6
M,300.3,311.3,1506,40.7,98,0,0,0,0,0,0,11,61294.200000000004
L,300.3,311.4,1526,38.5,101,0,0,0,0,0,0,11.099999999999966,58751
L,300.4,311.5,1704,29.7,103,0,0,0,0,0,0,11.100000000000023,50608.799999999996
H,300.4,311.4,1445,52.4,105,0,0,0,0,0,0,11,75718
L,300.5,311.5,1661,35.9,110,0,0,0,0,0,0,11,59629.899999999994
L,300.5,311.4,1466,41.8,112,0,0,0,0,0,0,10.899999999999977,61278.799999999996
L,300.4,311.3,1608,35.1,114,0,0,0,0,0,0,10.900000000000034,56440.8
M,300.4,311.4,1352,57.3,116,0,0,0,0,0,0,11,77469.59999999999
M,300.4,311.4,1604,31.7,119,0,0,0,0,0,0,11,50846.799999999996
H,300.4,311.4,1427,50.7,122,0,0,0,0,0,0,11,72348.90000000001
L,300.4,311.4,1424,44.6,127,0,0,0,0,0,0,11,63510.4
L,300.4,311.4,1662,29.3,129,0,0,0,0,0,0,11,48696.6
L,300.4,311.4,1936,23.9,131,0,0,0,0,0,0,11,46270.399999999994
L,300.4,311.4,1728,31.7,133,0,0,0,0,0,0,11,54777.6
L,300.4,311.4,1552,28.8,135,0,0,0,0,0,0,11,44697.6
H,300.4,311.5,1662,29,137,0,0,0,0,0,0,11.100000000000023,48198
L,300.3,311.4,1343,57.7,142,0,0,0,0,0,0,11.099999999999966,77491.1
M,300.4,311.5,1476,32.6,144,0,0,0,0,0,0,11.100000000000023,48117.6
L,300.3,311.4,1346,51.1,147,0,0,0,0,0,0,11.099999999999966,68780.6
L,300.4,311.5,1492,44.6,149,0,0,0,0,0,0,11.100000000000023,66543.2
M,300.3,311.5,1540,41.5,151,0,0,0,0,0,0,11.199999999999989,63910
L,300.4,311.5,1596,32.5,154,0,0,0,0,0,0,11.100000000000023,51870
L,300.5,311.6,1541,47.8,156,0,0,0,0,0,0,11.100000000000023,73659.79999999999
L,300.5,311.6,1661,30,158,0,0,0,0,0,0,11.100000000000023,49830
M,300.4,311.6,1359,55.4,160,0,0,0,0,0,0,11.200000000000045,75288.59999999999
L,300.5,311.6,1528,42.4,163,0,0,0,0,0,0,11.100000000000023,64787.2
M,300.5,311.6,1246,52.9,165,0,0,0,0,0,0,11.100000000000023,65913.4
L,300.5,311.6,1575,32.5,168,0,0,0,0,0,0,11.100000000000023,51187.5
M,300.5,311.6,1658,30.4,170,0,0,0,0,0,0,11.100000000000023,50403.2
L,300.5,311.6,1385,54.8,173,0,0,0,0,0,0,11.100000000000023,75898
H,300.5,311.7,1454,50.3,175,0,0,0,0,0,0,11.199999999999989,73136.2
L,300.5,311.6,1497,40.5,180,0,0,0,0,0,0,11.100000000000023,60628.5
M,300.6,311.7,1424,50.8,182,0,0,0,0,0,0,11.099999999999966,72339.2
L,300.6,311.7,1528,43.9,185,0,0,0,0,0,0,11.099999999999966,67079.2
L,300.6,311.8,1539,37,187,0,0,0,0,0,0,11.199999999999989,56943
L,300.7,311.8,1336,58.4,189,1,0,0,0,1,0,11.100000000000023,78022.4
L,300.5,311.6,1525,37.6,191,0,0,0,0,0,0,11.100000000000023,57340
M,300.5,311.6,1456,51.1,193,0,0,0,0,0,0,11.100000000000023,74401.6
M,300.5,311.7,2141,17.2,196,0,0,0,0,0,0,11.199999999999989,36825.2
M,300.5,311.6,1476,39.1,199,0,0,0,0,0,0,11.100000000000023,57711.6
L,300.5,311.6,1509,47.2,202,0,0,0,0,0,0,11.100000000000023,71224.8
L,300.5,311.6,1447,45.4,204,0,0,0,0,0,0,11.100000000000023,65693.8
L,300.6,311.7,1448,49.1,206,0,0,0,0,0,0,11.099999999999966,71096.8
L,300.6,311.7,1428,52.6,208,0,0,0,0,0,0,11.099999999999966,75112.8
M,300.6,311.7,1389,52.1,210,0,0,0,0,0,0,11.099999999999966,72366.90000000001
L,300.7,311.7,1635,32.4,213,0,0,0,0,0,0,11,52974
L,300.7,311.7,1395,43.7,215,0,0,0,0,0,0,11,60961.50000000001
L,300.7,311.8,1443,43.7,217,0,0,0,0,0,0,11.100000000000023,63059.100000000006
M,300.7,311.7,1412,49.1,219,0,0,0,0,0,0,11,69329.2
L,300.7,311.7,1524,43.5,222,0,0,0,0,0,0,11,66294
M,300.7,311.8,1407,42.4,224,0,0,0,0,0,0,11.100000000000023,59656.799999999996
L,300.8,311.7,1397,43.5,227,0,0,0,0,0,0,10.899999999999977,60769.5
M,300.7,311.7,1504,36.9,229,0,0,0,0,0,0,11,55497.6
M,300.7,311.7,2097,18.9,232,1,1,0,0,0,0,11,39633.299999999996
L,300.6,311.7,1553,39.8,0,0,0,0,0,0,0,11.099999999999966,61809.399999999994
L,300.6,311.7,1432,39.2,2,0,0,0,0,0,0,11.099999999999966,56134.4
M,300.5,311.6,1577,36.5,4,0,0,0,0,0,0,11.100000000000023,57560.5
M,300.5,311.5,1370,56.1,7,0,0,0,0,0,0,11,76857
H,300.5,311.6,1506,36.2,10,0,0,0,0,0,0,11.100000000000023,54517.200000000004
L,300.6,311.6,1964,21.4,15,0,0,0,0,0,0,11,42029.6
H,300.6,311.7,1500,36.7,17,0,0,0,0,0,0,11.099999999999966,55050.00000000001
L,300.6,311.7,1488,47.7,22,0,0,0,0,0,0,11.099999999999966,70977.6
H,300.6,311.5,1282,60.2,24,0,0,0,0,0,0,10.899999999999977,77176.40000000001
L,300.5,311.4,1400,45.1,29,0,0,0,0,0,0,10.899999999999977,63140
L,300.6,311.5,1419,38.6,31,0,0,0,0,0,0,10.899999999999977,54773.4
M,300.7,311.5,1441,40.6,33,0,0,0,0,0,0,10.800000000000011,58504.6
M,300.7,311.6,1348,62.5,36,0,0,0,0,0,0,10.900000000000034,84250
H,300.8,311.7,1468,38.7,39,0,0,0,0,0,0,10.899999999999977,56811.600000000006
M,300.7,311.7,1701,30.8,44,0,0,0,0,0,0,11,52390.8
H,300.7,311.7,1864,23.6,47,0,0,0,0,0,0,11,43990.4
M,300.6,311.6,1630,31.8,52,0,0,0,0,0,0,11,51834
L,300.5,311.5,1316,49.7,55,0,0,0,0,0,0,11,65405.200000000004
L,300.5,311.5,1708,31.2,57,0,0,0,0,0,0,11,53289.6
H,300.5,311.4,1679,27.5,59,0,0,0,0,0,0,10.899999999999977,46172.5
L,300.5,311.4,1709,32.3,64,0,0,0,0,0,0,10.899999999999977,55200.7
L,300.5,311.4,1445,41.5,66,0,0,0,0,0,0,10.899999999999977,59967.5
M,300.5,311.4,1390,51.9,68,0,0,0,0,0,0,10.899999999999977,72141
L,300.4,311.4,1309,55.5,71,0,0,0,0,0,0,11,72649.5
L,300.5,311.5,1499,37.6,73,0,0,0,0,0,0,11,56362.4
M,300.5,311.4,2072,18.8,75,0,0,0,0,0,0,10.899999999999977,38953.6
L,300.5,311.5,1487,43,78,0,0,0,0,0,0,11,63941
L,300.5,311.5,1302,49.6,80,0,0,0,0,0,0,11,64579.200000000004
M,300.5,311.5,1378,48.2,82,0,0,0,0,0,0,11,66419.6
L,300.5,311.6,1365,53,85,0,0,0,0,0,0,11.100000000000023,72345
H,300.6,311.7,1427,44.6,87,0,0,0,0,0,0,11.099999999999966,63644.200000000004
H,300.6,311.7,1535,33.3,92,0,0,0,0,0,0,11.099999999999966,51115.49999999999
H,300.5,311.6,1476,41.7,97,0,0,0,0,0,0,11.100000000000023,61549.200000000004
L,300.5,311.6,1425,42.4,102,0,0,0,0,0,0,11.100000000000023,60420
L,300.5,311.7,1409,54.7,104,0,0,0,0,0,0,11.199999999999989,77072.3
L,300.5,311.6,1730,30.2,106,0,0,0,0,0,0,11.100000000000023,52246
M,300.5,311.6,1454,41.4,108,0,0,0,0,0,0,11.100000000000023,60195.6
L,300.6,311.7,1744,26.9,111,0,0,0,0,0,0,11.099999999999966,46913.6
M,300.8,311.9,1761,29,113,0,0,0,0,0,0,11.099999999999966,51069
M,300.7,311.9,1657,30.9,116,0,0,0,0,0,0,11.199999999999989,51201.299999999996
L,300.7,311.8,1420,47,119,0,0,0,0,0,0,11.100000000000023,66740
H,300.7,311.9,1329,59.2,121,0,0,0,0,0,0,11.199999999999989,78676.8
L,300.6,311.9,1472,44.2,126,0,0,0,0,0,0,11.299999999999955,65062.4
L,300.6,312,1566,30.1,128,0,0,0,0,0,0,11.399999999999977,47136.600000000006
L,300.6,312,1430,42.7,130,0,0,0,0,0,0,11.399999999999977,61061.00000000001
L,300.6,312,1481,40.9,132,0,0,0,0,0,0,11.399999999999977,60572.9
L,300.6,312,1670,29.4,134,0,0,0,0,0,0,11.399999999999977,49098
L,300.6,312,1406,55.1,136,0,0,0,0,0,0,11.399999999999977,77470.6
H,300.6,312.1,1354,46.9,138,0,0,0,0,0,0,11.5,63502.6
M,300.5,312,1985,19.3,143,0,0,0,0,0,0,11.5,38310.5
M,300.5,312,1263,60.8,146,0,0,0,0,0,0,11.5,76790.4
L,300.5,311.9,1576,31.1,149,0,0,0,0,0,0,11.399999999999977,49013.600000000006
L,300.5,312,1453,45.1,151,0,0,0,0,0,0,11.5,65530.3
L,300.5,312,1478,39,153,0,0,0,0,0,0,11.5,57642
M,300.5,311.9,1323,57.9,155,0,0,0,0,0,0,11.399999999999977,76601.7
L,300.5,311.9,1710,28.4,158,0,0,0,0,0,0,11.399999999999977,48564
L,300.4,311.7,1314,59.5,160,0,0,0,0,0,0,11.300000000000011,78183
L,300.4,311.7,1460,39.6,162,0,0,0,0,0,0,11.300000000000011,57816
M,300.4,311.7,1508,45.4,164,0,0,0,0,0,0,11.300000000000011,68463.2
M,300.5,311.8,1331,55.3,167,0,0,0,0,0,0,11.300000000000011,73604.3
L,300.4,311.7,1515,47.4,170,0,0,0,0,0,0,11.300000000000011,71811
L,300.4,311.6,1674,33,172,0,0,0,0,0,0,11.200000000000045,55242
L,300.4,311.7,1444,51.2,174,0,0,0,0,0,0,11.300000000000011,73932.8
M,300.4,311.7,1398,42.6,176,0,0,0,0,0,0,11.300000000000011,59554.8
M,300.4,311.7,1832,24.2,179,0,0,0,0,0,0,11.300000000000011,44334.4
M,300.5,311.8,1591,42,182,0,0,0,0,0,0,11.300000000000011,66822
M,300.4,311.7,1478,39.9,185,0,0,0,0,0,0,11.300000000000011,58972.2
M,300.4,311.8,1362,47.6,188,0,0,0,0,0,0,11.400000000000034,64831.200000000004
L,300.5,311.8,1368,57.9,191,1,0,0,0,1,0,11.300000000000011,79207.2
M,300.3,311.7,1723,28.3,193,0,0,0,0,0,0,11.399999999999977,48760.9
L,300.4,311.8,1689,30.8,196,0,0,0,0,0,0,11.400000000000034,52021.200000000004
L,300.4,311.8,1272,59.2,198,1,0,0,0,1,0,11.400000000000034,75302.40000000001
M,300.4,311.7,1511,33,200,0,0,0,0,0,0,11.300000000000011,49863
H,300.4,311.6,1715,30.8,203,0,0,0,0,0,0,11.200000000000045,52822
M,300.3,311.5,1400,43.8,0,0,0,0,0,0,0,11.199999999999989,61319.99999999999
L,300.4,311.6,1200,76.6,3,1,0,0,1,0,0,11.200000000000045,91920
M,300.4,311.7,1555,38.7,5,0,0,0,0,0,0,11.300000000000011,60178.50000000001
H,300.3,311.6,1427,56.2,8,0,0,0,0,0,0,11.300000000000011,80197.40000000001
L,300.3,311.4,1318,52.7,13,0,0,0,0,0,0,11.099999999999966,69458.6
H,300.2,311.4,1319,54.6,15,0,0,0,0,0,0,11.199999999999989,72017.40000000001
M,300.2,311.4,1960,20.9,20,0,0,0,0,0,0,11.199999999999989,40964
L,300.3,311.5,1552,38.9,23,0,0,0,0,0,0,11.199999999999989,60372.799999999996
L,300.3,311.5,1548,32.2,25,0,0,0,0,0,0,11.199999999999989,49845.600000000006
L,300.3,311.6,1709,29.5,27,0,0,0,0,0,0,11.300000000000011,50415.5
H,300.3,311.5,1464,41,29,0,0,0,0,0,0,11.199999999999989,60024
L,300.3,311.4,1759,24.8,34,0,0,0,0,0,0,11.099999999999966,43623.200000000004
L,300.3,311.5,1634,31.9,36,0,0,0,0,0,0,11.199999999999989,52124.6
L,300.3,311.5,1663,33.6,38,0,0,0,0,0,0,11.199999999999989,55876.8
M,300.3,311.5,1445,47.3,40,0,0,0,0,0,0,11.199999999999989,68348.5
L,300.3,311.5,1695,25.6,43,0,0,0,0,0,0,11.199999999999989,43392
L,300.4,311.6,1517,39,45,0,0,0,0,0,0,11.200000000000045,59163
L,300.5,311.7,1811,26.8,47,0,0,0,0,0,0,11.199999999999989,48534.8
L,300.4,311.6,1815,23.5,49,0,0,0,0,0,0,11.200000000000045,42652.5
L,300.4,311.7,1513,40,51,0,0,0,0,0,0,11.300000000000011,60520
M,300.4,311.6,1518,36.4,53,0,0,0,0,0,0,11.200000000000045,55255.2
L,300.3,311.5,1667,28.8,56,0,0,0,0,0,0,11.199999999999989,48009.6
L,300.3,311.5,1403,60.1,58,0,0,0,0,0,0,11.199999999999989,84320.3
L,300.2,311.5,1383,42.1,60,0,0,0,0,0,0,11.300000000000011,58224.3
L,300.3,311.5,1466,46.2,62,0,0,0,0,0,0,11.199999999999989,67729.2
L,300.3,311.5,1378,47.5,64,0,0,0,0,0,0,11.199999999999989,65455
M,300.2,311.5,1547,40.9,66,0,0,0,0,0,0,11.300000000000011,63272.299999999996
L,300.2,311.5,1495,38.5,69,0,0,0,0,0,0,11.300000000000011,57557.5
L,300.1,311.4,1729,29.3,71,0,0,0,0,0,0,11.299999999999955,50659.700000000004
L,300.1,311.4,1418,47.7,73,0,0,0,0,0,0,11.299999999999955,67638.6
H,300.1,311.4,1485,40.4,75,0,0,0,0,0,0,11.299999999999955,59994
L,300.1,311.5,1434,40.8,80,0,0,0,0,0,0,11.399999999999977,58507.2
M,300.2,311.6,1415,55.8,82,0,0,0,0,0,0,11.400000000000034,78957
H,300.1,311.6,1674,29.6,85,0,0,0,0,0,0,11.5,49550.4
L,300.1,311.5,1454,52.4,90,0,0,0,0,0,0,11.399999999999977,76189.59999999999
L,300,311.4,1476,39,92,0,0,0,0,0,0,11.399999999999977,57564
L,300,311.5,1812,28.3,94,0,0,0,0,0,0,11.5,51279.6
L,300,311.4,1374,41.9,96,0,0,0,0,0,0,11.399999999999977,57570.6
M,300.1,311.4,1524,40.6,98,0,0,0,0,0,0,11.299999999999955,61874.4
L,300,311.4,1383,49.6,101,0,0,0,0,0,0,11.399999999999977,68596.8
L,299.9,311.3,1429,58.2,103,0,0,0,0,0,0,11.400000000000034,83167.8
M,299.8,311.3,1517,41.2,105,0,0,0,0,0,0,11.5,62500.4
M,299.9,311.4,1480,44.9,108,0,0,0,0,0,0,11.5,66452
L,299.9,311.4,1706,28.8,111,0,0,0,0,0,0,11.5,49132.8
L,300,311.5,1349,48.6,113,0,0,0,0,0,0,11.5,65561.40000000001
M,300,311.5,1451,49,115,0,0,0,0,0,0,11.5,71099
L,299.9,311.4,1627,36.7,118,0,0,0,0,0,0,11.5,59710.9
M,300,311.4,1537,35.4,120,0,0,0,0,0,0,11.399999999999977,54409.799999999996
L,300.1,311.5,2218,17,123,0,0,0,0,0,0,11.399999999999977,37706
M,300,311.4,1466,39,125,0,0,0,0,0,0,11.399999999999977,57174
L,300,311.5,1666,32,128,0,0,0,0,0,0,11.5,53312
L,300,311.5,1455,41.7,130,0,0,0,0,0,0,11.5,60673.50000000001
L,300,311.4,1927,24.6,132,0,0,0,0,0,0,11.399999999999977,47404.200000000004
M,299.9,311.3,1703,28.4,134,0,0,0,0,0,0,11.400000000000034,48365.2
L,299.8,311.2,1533,35.9,137,0,0,0,0,0,0,11.399999999999977,55034.7
H,299.8,311.3,1785,25.4,139,0,0,0,0,0,0,11.5,45339
L,299.8,311.2,2142,16.6,144,0,0,0,0,0,0,11.399999999999977,35557.200000000004
L,299.8,311.2,1369,46.2,146,0,0,0,0,0,0,11.399999999999977,63247.8
M,299.8,311.2,1706,29.2,148,0,0,0,0,0,0,11.399999999999977,49815.2
L,299.9,311.3,1802,24.4,151,0,0,0,0,0,0,11.400000000000034,43968.799999999996
H,299.9,311.3,1413,41.8,153,0,0,0,0,0,0,11.400000000000034,59063.399999999994
L,300,311.3,1484,53.2,158,0,0,0,0,0,0,11.300000000000011,78948.8
L,299.9,311.3,1535,38.1,160,0,0,0,0,0,0,11.400000000000034,58483.5
M,299.9,311.2,1579,35.5,162,0,0,0,0,0,0,11.300000000000011,56054.5
L,299.8,311.1,1300,64.2,165,0,0,0,0,0,0,11.300000000000011,83460
M,299.8,311.1,1452,44.3,167,0,0,0,0,0,0,11.300000000000011,64323.6
M,299.8,311.1,1562,35.7,170,0,0,0,0,0,0,11.300000000000011,55763.4
L,299.8,311.2,1664,28.3,173,0,0,0,0,0,0,11.399999999999977,47091.200000000004
H,299.9,311.2,1495,35.8,175,0,0,0,0,0,0,11.300000000000011,53520.99999999999
M,300,311.4,1533,42.6,180,0,0,0,0,0,0,11.399999999999977,65305.8
L,300,311.4,1484,37,183,0,0,0,0,0,0,11.399999999999977,54908
L,300,311.4,1604,38.7,185,0,0,0,0,0,0,11.399999999999977,62074.8
L,300,311.4,1483,45.6,187,0,0,0,0,0,0,11.399999999999977,67624.8
L,300.1,311.5,1549,34.7,189,0,0,0,0,0,0,11.399999999999977,53750.3
L,300.1,311.4,1604,35,191,0,0,0,0,0,0,11.299999999999955,56140
L,300.2,311.5,1685,31,193,0,0,0,0,0,0,11.300000000000011,52235
L,300.2,311.6,1372,49.2,195,0,0,0,0,0,0,11.400000000000034,67502.40000000001
L,300.3,311.6,1374,47.4,197,0,0,0,0,0,0,11.300000000000011,65127.6
L,300.2,311.6,1606,31,199,0,0,0,0,0,0,11.400000000000034,49786
L,300.1,311.5,1471,47.2,201,0,0,0,0,0,0,11.399999999999977,69431.2
L,300.1,311.5,1659,31.1,203,0,0,0,0,0,0,11.399999999999977,51594.9
M,300.1,311.7,1400,48.5,205,0,0,0,0,0,0,11.599999999999966,67900
L,300.1,311.7,1503,42.6,208,0,0,0,0,0,0,11.599999999999966,64027.8
L,300.2,311.8,1798,23.2,210,0,0,0,0,0,0,11.600000000000023,41713.6
M,300.2,311.6,1608,35,212,0,0,0,0,0,0,11.400000000000034,56280
L,300.2,311.6,1322,50.9,215,0,0,0,0,0,0,11.400000000000034,67289.8
H,300.2,311.6,1547,37.7,217,0,0,0,0,0,0,11.400000000000034,58321.9
M,300.3,311.7,1374,47.9,222,1,1,0,0,0,0,11.399999999999977,65814.59999999999
M,300.3,311.7,1447,36.8,0,0,0,0,0,0,0,11.399999999999977,53249.6
L,300.4,311.7,1373,47.2,3,0,0,0,0,0,0,11.300000000000011,64805.600000000006
L,300.3,311.7,1515,37.5,5,0,0,0,0,0,0,11.399999999999977,56812.5
L,300.3,311.7,1317,56.5,7,0,0,0,0,0,0,11.399999999999977,74410.5
L,300.3,311.8,1551,37.2,9,0,0,0,0,0,0,11.5,57697.200000000004
M,300.3,311.8,1592,32.1,11,0,0,0,0,0,0,11.5,51103.200000000004
L,300.4,311.8,1433,42.2,14,0,0,0,0,0,0,11.400000000000034,60472.600000000006
L,300.5,311.9,1432,43.1,16,0,0,0,0,0,0,11.399999999999977,61719.200000000004
L,300.5,311.9,1350,51.7,18,0,0,0,0,0,0,11.399999999999977,69795
M,300.5,311.9,1370,44.8,20,0,0,0,0,0,0,11.399999999999977,61375.99999999999
L,300.5,312,1415,44.6,23,0,0,0,0,0,0,11.5,63109
L,300.5,312,1498,42.9,25,0,0,0,0,0,0,11.5,64264.2
M,300.5,312,1382,54.1,27,0,0,0,0,0,0,11.5,74766.2
M,300.5,311.9,1511,44.5,30,0,0,0,0,0,0,11.399999999999977,67239.5
L,300.5,311.9,1330,59.5,33,0,0,0,0,0,0,11.399999999999977,79135
L,300.5,311.9,1383,50.5,35,0,0,0,0,0,0,11.399999999999977,69841.5
L,300.5,311.9,1431,49.4,37,0,0,0,0,0,0,11.399999999999977,70691.4
L,300.5,312,1461,38.1,39,0,0,0,0,0,0,11.5,55664.1
H,300.4,311.9,1438,46.7,41,0,0,0,0,0,1,11.5,67154.6
M,300.5,312,1779,27.7,46,0,0,0,0,0,0,11.5,49278.299999999996
M,300.6,312.1,1293,52.3,49,0,0,0,0,0,0,11.5,67623.9
L,300.6,312.2,1308,54.7,52,0,0,0,0,0,0,11.599999999999966,71547.6
L,300.6,312.3,1532,37.2,54,0,0,0,0,0,0,11.699999999999989,56990.4
L,300.7,312.4,1470,38.6,56,0,0,0,0,0,0,11.699999999999989,56742
L,300.7,312.3,1548,37.9,58,0,0,0,0,0,0,11.600000000000023,58669.2
L,300.7,312.3,1898,24,60,0,0,0,0,0,0,11.600000000000023,45552
H,300.7,312.2,1335,49,62,0,0,0,0,0,0,11.5,65415
L,300.7,312.3,1420,53.8,67,0,0,0,0,0,0,11.600000000000023,76396
L,300.7,312.3,1418,49,69,0,0,0,0,0,0,11.600000000000023,69482
M,300.8,312.3,1535,40.3,71,0,0,0,0,0,0,11.5,61860.49999999999
H,300.7,312.4,1457,47.2,74,0,0,0,0,0,0,11.699999999999989,68770.40000000001
L,300.8,312.4,1493,39.1,79,0,0,0,0,0,0,11.599999999999966,58376.3
H,300.7,312.3,1670,27.3,81,0,0,0,0,0,0,11.600000000000023,45591
H,300.7,312.3,1446,45.4,86,0,0,0,0,0,0,11.600000000000023,65648.4
L,300.8,312.4,1465,59.1,91,1,0,0,1,0,0,11.599999999999966,86581.5
L,300.7,312.3,1590,36.3,93,0,0,0,0,0,0,11.600000000000023,57716.99999999999
M,300.6,312.2,2174,18.5,95,0,0,0,0,0,0,11.599999999999966,40219
L,300.7,312.4,1590,37.9,98,0,0,0,0,0,0,11.699999999999989,60261
L,300.7,312.3,1577,33.2,100,0,0,0,0,0,0,11.600000000000023,52356.4
M,300.7,312.4,1371,61.7,102,0,0,0,0,0,0,11.699999999999989,84590.7
L,300.8,312.4,1767,25.6,105,0,0,0,0,0,0,11.599999999999966,45235.200000000004
L,300.8,312.5,1517,39.2,107,0,0,0,0,0,0,11.699999999999989,59466.4
M,300.9,312.6,1555,40.6,109,0,0,0,0,0,0,11.700000000000045,63133
L,300.9,312.7,1416,43.8,112,0,0,0,0,0,0,11.800000000000011,62020.799999999996
M,300.8,312.6,1588,35.6,114,0,0,0,0,0,0,11.800000000000011,56532.8
L,300.8,312.6,1422,50,117,0,0,0,0,0,0,11.800000000000011,71100
L,300.8,312.6,1376,53.6,119,0,0,0,0,0,0,11.800000000000011,73753.6
L,300.8,312.5,1434,50.7,121,0,0,0,0,0,0,11.699999999999989,72703.8
L,300.8,312.5,1423,47.3,123,0,0,0,0,0,0,11.699999999999989,67307.9
L,300.9,312.4,1364,52.5,125,0,0,0,0,0,0,11.5,71610
L,300.8,312.4,1825,23.8,127,0,0,0,0,0,0,11.599999999999966,43435
L,300.8,312.4,1365,44.5,129,0,0,0,0,0,0,11.599999999999966,60742.5
M,300.7,312.3,1430,47.2,131,0,0,0,0,0,0,11.600000000000023,67496
L,300.8,312.3,1435,44.8,134,0,0,0,0,0,0,11.5,64287.99999999999
M,300.8,312.4,1811,25.1,136,0,0,0,0,0,0,11.599999999999966,45456.100000000006
M,300.8,312.4,1465,43.7,139,0,0,0,0,0,0,11.599999999999966,64020.50000000001
L,300.9,312.4,1372,51,142,0,0,0,0,0,0,11.5,69972
L,300.8,312.3,1858,26.3,144,0,0,0,0,0,0,11.5,48865.4
L,300.7,312.3,1715,26.8,146,0,0,0,0,0,0,11.600000000000023,45962
L,300.7,312.2,1590,38.5,148,0,0,0,0,0,0,11.5,61215
M,300.8,312.2,1664,25.7,150,0,0,0,0,0,0,11.399999999999977,42764.799999999996
L,300.7,312.1,1512,36.9,153,0,0,0,0,0,0,11.400000000000034,55792.799999999996
L,300.7,312.1,1498,44,155,0,0,0,0,0,0,11.400000000000034,65912
L,300.7,312.1,1395,41.9,157,0,0,0,0,0,0,11.400000000000034,58450.5
H,300.7,312.1,1490,43.1,159,0,0,0,0,0,0,11.400000000000034,64219
H,300.8,312.1,1527,35.1,164,0,0,0,0,0,0,11.300000000000011,53597.700000000004
L,300.8,312.1,1512,37.1,169,0,0,0,0,0,0,11.300000000000011,56095.200000000004
L,300.9,312.1,1474,42.4,171,0,0,0,0,0,0,11.200000000000045,62497.6
L,300.8,312.1,1505,41.3,173,0,0,0,0,0,0,11.300000000000011,62156.49999999999
L,300.8,312,1496,40,175,0,0,0,0,0,0,11.199999999999989,59840
L,300.8,312,1382,49.3,177,0,0,0,0,0,0,11.199999999999989,68132.59999999999
L,300.7,311.9,1419,47.7,179,0,0,0,0,0,0,11.199999999999989,67686.3
L,300.7,311.9,1462,39.7,181,0,0,0,0,0,0,11.199999999999989,58041.4
M,300.8,312,1450,45,183,0,0,0,0,0,0,11.199999999999989,65250
H,300.7,311.9,1389,46.5,186,0,0,0,0,0,0,11.199999999999989,64588.5
M,300.7,311.9,1697,28.2,191,0,0,0,0,0,0,11.199999999999989,47855.4
L,300.7,311.9,1335,57.1,194,1,0,0,0,1,0,11.199999999999989,76228.5
L,300.7,311.9,1476,42,196,0,0,0,0,0,0,11.199999999999989,61992
L,300.6,311.7,1497,43.6,198,0,0,0,0,0,0,11.099999999999966,65269.200000000004
M,300.6,311.6,1669,29.2,200,0,0,0,0,0,0,11,48734.799999999996
L,300.6,311.6,1455,48,203,0,0,0,0,0,0,11,69840
L,300.7,311.7,1499,38.4,205,0,0,0,0,0,0,11,57561.6
L,300.7,311.8,1478,41.9,207,0,0,0,0,0,0,11.100000000000023,61928.2
L,300.8,311.8,1928,21.8,209,0,0,0,0,0,0,11,42030.4
M,300.8,311.9,1621,28.3,211,0,0,0,0,0,0,11.099999999999966,45874.3
M,300.8,311.9,1356,44.3,214,0,0,0,0,0,0,11.099999999999966,60070.799999999996
L,300.8,311.7,1490,46.4,217,0,0,0,0,0,0,10.899999999999977,69136
L,300.8,311.7,1578,31.4,219,0,0,0,0,0,0,10.899999999999977,49549.2
L,300.8,311.7,1681,31.3,221,0,0,0,0,0,0,10.899999999999977,52615.3
L,300.8,311.8,1417,43.4,223,0,0,0,0,0,0,11,61497.799999999996
M,300.7,311.7,1532,40,0,0,0,0,0,0,0,11,61280
M,300.7,311.7,1499,38.9,3,0,0,0,0,0,0,11,58311.1
L,300.8,311.7,1432,45.8,6,0,0,0,0,0,0,10.899999999999977,65585.59999999999
L,300.8,311.7,1753,29,8,0,0,0,0,0,0,10.899999999999977,50837
L,300.8,311.7,1414,49,10,0,0,0,0,0,0,10.899999999999977,69286
L,300.8,311.7,1655,32.2,12,0,0,0,0,0,0,10.899999999999977,53291.00000000001
L,300.8,311.6,1516,35.6,14,0,0,0,0,0,0,10.800000000000011,53969.6
L,300.8,311.7,1426,45.5,16,0,0,0,0,0,0,10.899999999999977,64883
L,300.8,311.7,1479,39.4,18,0,0,0,0,0,0,10.899999999999977,58272.6
M,300.7,311.5,1569,36.4,20,0,0,0,0,0,0,10.800000000000011,57111.6
L,300.8,311.6,1568,36,23,0,0,0,0,0,0,10.800000000000011,56448
M,300.9,311.8,1843,24.5,25,0,0,0,0,0,0,10.900000000000034,45153.5
M,300.9,311.9,1480,40.9,28,0,0,0,0,0,0,11,60532
L,301,312,1447,36.8,31,0,0,0,0,0,0,11,53249.6
L,301,311.9,1454,41.9,33,0,0,0,0,0,0,10.899999999999977,60922.6
M,300.9,311.9,1310,56.1,35,0,0,0,0,0,0,11,73491
H,300.9,311.9,1513,38,38,0,0,0,0,0,0,11,57494
H,300.9,311.9,2140,16.5,43,0,0,0,0,0,0,11,35310
L,301,312.1,1377,49.9,48,0,0,0,0,0,0,11.100000000000023,68712.3
L,301,312.1,1585,32.3,50,0,0,0,0,0,0,11.100000000000023,51195.49999999999
H,301.1,312.2,1491,42.6,52,0,0,0,0,0,0,11.099999999999966,63516.6
L,301,312.2,1264,59,57,0,0,0,0,0,0,11.199999999999989,74576
L,301,312.2,1372,47,59,0,0,0,0,0,0,11.199999999999989,64484
L,301,312.2,1510,39.9,61,0,0,0,0,0,0,11.199999999999989,60249
L,300.9,312.1,1423,40.2,63,0,0,0,0,0,0,11.200000000000045,57204.600000000006
L,301.1,312.3,1464,35.3,65,0,0,0,0,0,0,11.199999999999989,51679.2
L,301,312.2,1602,35.9,67,0,0,0,0,0,0,11.199999999999989,57511.799999999996
M,301,312.2,1629,32.6,69,0,0,0,0,0,0,11.199999999999989,53105.4
L,300.9,312.2,1811,23.2,72,0,0,0,0,0,0,11.300000000000011,42015.2
L,300.9,312.1,1711,28.8,74,0,0,0,0,0,0,11.200000000000045,49276.8
M,300.9,312.1,1297,48.6,76,0,0,0,0,0,0,11.200000000000045,63034.200000000004
L,301,312.1,1405,46.1,79,0,0,0,0,0,0,11.100000000000023,64770.5
L,301.1,312.2,1397,54.9,81,0,0,0,0,0,0,11.099999999999966,76695.3
L,301.1,312.3,1682,29.7,83,0,0,0,0,0,0,11.199999999999989,49955.4
L,301.2,312.3,1528,38.4,85,0,0,0,0,0,0,11.100000000000023,58675.2
M,301.2,312.3,1548,38.3,87,0,0,0,0,0,0,11.100000000000023,59288.399999999994
H,301.2,312.4,1395,47.8,90,0,0,0,0,0,0,11.199999999999989,66681
L,301.2,312.4,1378,59,95,0,0,0,0,0,0,11.199999999999989,81302
L,301.2,312.4,1480,53.5,97,0,0,0,0,0,0,11.199999999999989,79180
M,301.2,312.4,1428,36.6,99,0,0,0,0,0,0,11.199999999999989,52264.8
M,301.2,312.4,1505,39.6,102,0,0,0,0,0,0,11.199999999999989,59598
L,301,312.3,1445,36.4,105,0,0,0,0,0,0,11.300000000000011,52598
L,301,312.3,1488,42.6,107,0,0,0,0,0,0,11.300000000000011,63388.8
L,301,312.2,1601,33,109,0,0,0,0,0,0,11.199999999999989,52833
L,301,312.3,1550,34.9,111,0,0,0,0,0,0,11.300000000000011,54095
L,301,312.2,1540,34.1,113,0,0,0,0,0,0,11.199999999999989,52514
L,301.1,312.3,1587,34.5,115,0,0,0,0,0,0,11.199999999999989,54751.5
H,301,312.2,1489,40.3,117,0,0,0,0,0,0,11.199999999999989,60006.7
L,301.1,312.3,1486,34.9,122,0,0,0,0,0,0,11.199999999999989,51861.4
L,301.1,312.4,1430,37.9,124,0,0,0,0,0,0,11.299999999999955,54197
M,301.1,312.4,1809,25.1,126,0,0,0,0,0,0,11.299999999999955,45405.9
L,301.1,312.3,1534,39,129,0,0,0,0,0,0,11.199999999999989,59826
M,301.1,312.3,1852,25.9,131,0,0,0,0,0,0,11.199999999999989,47966.799999999996
L,301.1,312.3,1595,31.9,134,0,0,0,0,0,0,11.199999999999989,50880.5
L,301,312.3,1424,43.5,136,0,0,0,0,0,0,11.300000000000011,61944
L,301,312.2,1776,28.8,138,0,0,0,0,0,0,11.199999999999989,51148.8
M,301,312.2,1499,41.5,140,0,0,0,0,0,0,11.199999999999989,62208.5
M,301,312.2,2710,9.7,143,1,0,0,1,0,0,11.199999999999989,26286.999999999996
L,300.9,312.1,1359,51.7,146,0,0,0,0,0,0,11.200000000000045,70260.3
M,300.9,312.1,1617,31,148,0,0,0,0,0,0,11.200000000000045,50127
M,300.8,312,1443,53.3,151,0,0,0,0,0,0,11.199999999999989,76911.9
L,300.8,312,1374,50.2,154,0,0,0,0,0,0,11.199999999999989,68974.8
M,300.9,312.1,1851,23,156,0,0,0,0,0,0,11.200000000000045,42573
M,300.8,312,1274,67.3,159,0,0,0,0,0,0,11.199999999999989,85740.2
L,300.9,312,1533,44,162,0,0,0,0,0,0,11.100000000000023,67452
L,300.8,312,1477,37.3,164,0,0,0,0,0,0,11.199999999999989,55092.1
L,300.9,312.1,1462,46,166,0,0,0,0,0,0,11.200000000000045,67252
M,301,312.1,1664,28.4,168,0,0,0,0,0,0,11.100000000000023,47257.6
L,300.8,311.9,1414,41.1,171,0,0,0,0,0,0,11.099999999999966,58115.4
H,300.9,312,2129,17.8,173,0,0,0,0,0,0,11.100000000000023,37896.200000000004
L,300.8,311.8,1323,61.1,178,0,0,0,0,0,0,11,80835.3
L,300.8,311.8,1427,43.3,180,0,0,0,0,0,0,11,61789.1
M,300.9,312,1375,56.1,182,0,0,0,0,0,0,11.100000000000023,77137.5
M,300.9,312,1402,50.7,185,0,0,0,0,0,0,11.100000000000023,71081.40000000001
L,300.9,312,1500,44.2,188,0,0,0,0,0,0,11.100000000000023,66300
M,301,312,1558,37.5,190,0,0,0,0,0,0,11,58425
M,300.9,312,1447,41.4,193,0,0,0,0,0,0,11.100000000000023,59905.799999999996
L,301,312,1518,39.3,196,0,0,0,0,0,0,11,59657.399999999994
L,301,311.9,1889,23.5,198,0,0,0,0,0,0,10.899999999999977,44391.5
L,301,312.1,1675,30.7,200,0,0,0,0,0,0,11.100000000000023,51422.5
H,300.9,312,1720,27.9,202,0,0,0,0,0,0,11.100000000000023,47988
M,301,312,1499,34.6,207,0,0,0,0,0,0,11,51865.4
L,300.9,312,1441,43.8,210,0,0,0,0,0,0,11.100000000000023,63115.799999999996
H,300.9,312,1397,42.7,212,0,0,0,0,0,0,11.100000000000023,59651.9
L,300.9,312,1493,38.7,217,0,0,0,0,0,0,11.100000000000023,57779.100000000006
M,300.8,312,1422,50.7,219,0,0,0,0,0,0,11.199999999999989,72095.40000000001
L,300.7,311.9,1399,50.2,222,1,0,0,0,1,0,11.199999999999989,70229.8
L,300.6,311.9,1425,44.9,224,0,0,0,0,0,0,11.299999999999955,63982.5
L,300.6,311.8,1501,44.8,226,0,0,0,0,0,0,11.199999999999989,67244.8
M,300.6,311.9,1629,35.3,0,0,0,0,0,0,0,11.299999999999955,57503.7
L,300.6,312,1490,42.2,3,0,0,0,0,0,0,11.399999999999977,62878.00000000001
L,300.7,312,1550,32.4,5,0,0,0,0,0,0,11.300000000000011,50220
L,300.8,312,1416,46.5,7,0,0,0,0,0,0,11.199999999999989,65844
L,300.7,311.9,1485,38.8,9,0,0,0,0,0,0,11.199999999999989,57617.99999999999
L,300.7,311.8,1564,36.8,11,0,0,0,0,0,0,11.100000000000023,57555.2
L,300.7,311.7,1910,19.7,13,0,0,0,0,0,0,11,37627
L,300.7,311.7,1460,46.1,15,0,0,0,0,0,0,11,67306
L,300.7,311.8,1603,34.1,17,0,0,0,0,0,0,11.100000000000023,54662.3
L,300.7,311.8,1486,47.3,19,0,0,0,0,0,0,11.100000000000023,70287.8
L,300.8,311.9,1560,31.8,21,0,0,0,0,0,0,11.099999999999966,49608
L,300.8,311.9,1498,39.3,23,0,0,0,0,0,0,11.099999999999966,58871.399999999994
H,300.8,311.9,1431,48.5,25,0,0,0,0,0,0,11.099999999999966,69403.5
L,300.8,311.9,1486,45.1,30,0,0,0,0,0,0,11.099999999999966,67018.6
L,300.7,311.9,1486,35.8,32,0,0,0,0,0,0,11.199999999999989,53198.799999999996
L,300.7,311.8,1441,38.1,34,0,0,0,0,0,0,11.100000000000023,54902.1
M,300.7,311.9,1366,55.1,36,0,0,0,0,0,0,11.199999999999989,75266.6
L,300.6,311.8,1471,41.4,39,0,0,0,0,0,0,11.199999999999989,60899.4
L,300.6,311.9,1463,38.2,41,0,0,0,0,0,0,11.299999999999955,55886.600000000006
L,300.6,311.9,1413,41.3,43,0,0,0,0,0,0,11.299999999999955,58356.899999999994
H,300.6,311.9,1604,30.5,45,0,0,0,0,0,0,11.299999999999955,48922
L,300.7,312,1401,51.1,50,0,0,0,0,0,0,11.300000000000011,71591.1
L,300.6,311.8,1652,27.2,52,0,0,0,0,0,0,11.199999999999989,44934.4
L,300.5,311.9,1403,45.7,54,0,0,0,0,0,0,11.399999999999977,64117.100000000006
L,300.5,311.9,1887,21.7,56,0,0,0,0,0,0,11.399999999999977,40947.9
L,300.4,311.8,1405,47.9,58,0,0,0,0,0,0,11.400000000000034,67299.5
H,300.2,311.6,1496,41.1,60,0,0,0,0,0,0,11.400000000000034,61485.6
L,300.1,311.5,1499,43.4,65,0,0,0,0,0,0,11.399999999999977,65056.6
L,300.2,311.5,1549,37.2,67,0,0,0,0,0,0,11.300000000000011,57622.8
L,300.3,311.6,1515,44.9,69,0,0,0,0,0,0,11.300000000000011,68023.5
L,300.2,311.6,1540,37.7,71,0,0,0,0,0,0,11.400000000000034,58058.00000000001
H,300.2,311.5,1426,44.3,73,0,0,0,0,0,0,11.300000000000011,63171.799999999996
M,300.2,311.6,1465,41.4,78,0,0,0,0,0,0,11.400000000000034,60651
M,300.3,311.6,1359,54.1,81,0,0,0,0,0,0,11.300000000000011,73521.90000000001
M,300.3,311.7,1551,36.4,84,0,0,0,0,0,0,11.399999999999977,56456.399999999994
L,300.5,311.8,1596,34.8,87,0,0,0,0,0,0,11.300000000000011,55540.799999999996
M,300.5,311.9,1670,26.3,89,0,0,0,0,0,0,11.399999999999977,43921
L,300.4,311.9,1868,21.3,92,0,0,0,0,0,0,11.5,39788.4
M,300.6,312,1490,39.8,94,0,0,0,0,0,0,11.399999999999977,59301.99999999999
M,300.5,311.9,1676,35.2,97,0,0,0,0,0,0,11.399999999999977,58995.200000000004
M,300.5,311.9,1875,22.1,100,0,0,0,0,0,0,11.399999999999977,41437.5
M,300.5,312,1867,23,103,0,0,0,0,0,0,11.5,42941
L,300.5,312,1646,29.5,106,0,0,0,0,0,0,11.5,48557
H,300.5,312,1375,43.2,108,0,0,0,0,0,0,11.5,59400.00000000001
L,300.5,312,1558,36.7,113,0,0,0,0,0,0,11.5,57178.600000000006
L,300.4,312,1631,34.9,115,0,0,0,0,0,0,11.600000000000023,56921.899999999994
L,300.4,312,1366,43,117,0,0,0,0,0,0,11.600000000000023,58738
L,300.3,311.8,1360,48,119,0,0,0,0,0,0,11.5,65280
L,300.3,311.8,1547,39.7,121,0,0,0,0,0,0,11.5,61415.9
L,300.3,311.7,1571,31.2,123,0,0,0,0,0,0,11.399999999999977,49015.2
L,300.2,311.5,1528,36.1,125,0,0,0,0,0,0,11.300000000000011,55160.8
H,300.2,311.5,1432,43.6,127,0,0,0,0,0,0,11.300000000000011,62435.200000000004
L,300.2,311.6,1356,53.5,132,0,0,0,0,0,0,11.400000000000034,72546
H,300.1,311.5,1422,46.2,134,0,0,0,0,0,0,11.399999999999977,65696.40000000001
L,300.1,311.4,1438,42.2,139,0,0,0,0,0,0,11.299999999999955,60683.600000000006
L,300.2,311.4,1483,44.4,141,0,0,0,0,0,0,11.199999999999989,65845.2
L,300.2,311.4,1331,49.8,143,0,0,0,0,0,0,11.199999999999989,66283.8
L,300.2,311.4,1463,37.5,145,0,0,0,0,0,0,11.199999999999989,54862.5
L,300.1,311.4,1446,40.6,147,0,0,0,0,0,0,11.299999999999955,58707.6
L,300.1,311.4,1356,45.7,149,0,0,0,0,0,0,11.299999999999955,61969.200000000004
L,300.1,311.3,1676,30.3,151,0,0,0,0,0,0,11.199999999999989,50782.8
L,300.1,311.4,1910,23,153,0,0,0,0,0,0,11.299999999999955,43930
L,300.2,311.6,1375,56.9,155,0,0,0,0,0,0,11.400000000000034,78237.5
M,300.2,311.6,1513,40.8,157,0,0,0,0,0,0,11.400000000000034,61730.399999999994
L,300.2,311.6,1511,35.7,160,0,0,0,0,0,0,11.400000000000034,53942.700000000004
H,300.2,311.6,1662,28.8,162,0,0,0,0,0,0,11.400000000000034,47865.6
L,300.2,311.7,1493,48.3,167,0,0,0,0,0,0,11.5,72111.9
M,300.2,311.7,1555,37.4,169,0,0,0,0,0,0,11.5,58157
L,300.3,311.7,1452,41.5,172,0,0,0,0,0,0,11.399999999999977,60258
L,300.2,311.6,1500,39,174,0,0,0,0,0,0,11.400000000000034,58500
L,300.2,311.7,1603,30.5,176,0,0,0,0,0,0,11.5,48891.5
L,300.3,311.7,1682,27.8,178,0,0,0,0,0,0,11.399999999999977,46759.6
L,300.3,311.8,1567,37.7,180,0,0,0,0,0,0,11.5,59075.9
L,300.3,311.8,1413,46,182,0,0,0,0,0,0,11.5,64998
M,300.3,311.9,1429,41.6,184,0,0,0,0,0,0,11.599999999999966,59446.4
L,300.3,311.9,1692,31.5,187,0,0,0,0,0,0,11.599999999999966,53298
L,300.4,311.9,1476,48.7,189,0,0,0,0,0,0,11.5,71881.2
M,300.4,312,1596,30.4,191,0,0,0,0,0,0,11.600000000000023,48518.399999999994
H,300.3,311.9,1390,49,194,0,0,0,0,0,0,11.599999999999966,68110
M,300.3,311.8,1607,33.7,199,0,0,0,0,0,0,11.5,54155.9
L,300.3,311.7,1821,26.3,202,0,0,0,0,0,0,11.399999999999977,47892.3
H,300.3,311.8,2141,18.5,204,0,0,0,0,0,0,11.5,39608.5
M,300.4,311.8,1553,33.1,209,1,1,0,0,0,0,11.400000000000034,51404.3
M,300.4,311.8,1442,45.1,0,0,0,0,0,0,0,11.400000000000034,65034.200000000004
L,300.4,311.7,1459,45.6,3,0,0,0,0,0,0,11.300000000000011,66530.40000000001
H,300.4,311.8,2496,13.5,5,0,0,0,0,0,0,11.400000000000034,33696
L,300.4,311.8,1367,57.2,10,0,0,0,0,0,0,11.400000000000034,78192.40000000001
L,300.3,311.8,2004,19.6,12,0,0,0,0,0,0,11.5,39278.4
L,300.3,311.7,1406,47.5,14,0,0,0,0,0,0,11.399999999999977,66785
L,300.3,311.8,1548,33,16,0,0,0,0,0,0,11.5,51084
L,300.3,311.7,1333,55.2,18,0,0,0,0,0,0,11.399999999999977,73581.6
L,300.2,311.6,1767,26.4,20,0,0,0,0,0,0,11.400000000000034,46648.799999999996
L,300.2,311.6,1827,27,22,0,0,0,0,0,0,11.400000000000034,49329
M,300.2,311.6,1533,46.4,24,0,0,0,0,0,0,11.400000000000034,71131.2
H,300.2,311.5,1515,36.8,27,0,0,0,0,0,0,11.300000000000011,55751.99999999999
L,300.2,311.4,1568,41,32,0,0,0,0,0,0,11.199999999999989,64288
L,300.2,311.4,1452,47.8,34,0,0,0,0,0,0,11.199999999999989,69405.59999999999
L,300.2,311.4,1433,37.9,36,0,0,0,0,0,0,11.199999999999989,54310.7
M,300.1,311.3,1650,33.8,38,0,0,0,0,0,0,11.199999999999989,55769.99999999999
L,300.1,311.4,1629,31.3,41,0,0,0,0,0,0,11.299999999999955,50987.700000000004
L,300,311.3,1520,39.2,43,0,0,0,0,0,0,11.300000000000011,59584.00000000001
H,300,311.2,1393,43.1,45,0,0,0,0,0,0,11.199999999999989,60038.3
H,299.9,311.2,1364,49.6,50,0,0,0,0,0,0,11.300000000000011,67654.40000000001
M,299.9,311.3,1389,50,55,0,0,0,0,0,0,11.400000000000034,69450
L,299.8,311.1,1466,46.1,58,0,0,0,0,0,0,11.300000000000011,67582.6
L,299.7,311.1,1650,32.4,60,0,0,0,0,0,0,11.400000000000034,53460
L,299.6,311,1554,36.3,62,0,0,0,0,0,0,11.399999999999977,56410.2
M,299.6,310.9,1474,39.7,64,0,0,0,0,0,0,11.299999999999955,58517.8
H,299.5,310.8,1600,32.4,67,0,0,0,0,0,0,11.300000000000011,51840
L,299.5,310.8,1356,54.9,72,0,0,0,0,0,0,11.300000000000011,74444.4
L,299.5,310.8,1571,38.2,74,0,0,0,0,0,0,11.300000000000011,60012.200000000004
L,299.6,310.9,1658,28,76,0,0,0,0,0,0,11.299999999999955,46424
L,299.6,310.8,1393,49.9,78,0,0,0,0,0,0,11.199999999999989,69510.7
M,299.7,311,1448,49.8,80,0,0,0,0,0,0,11.300000000000011,72110.4
L,299.7,310.9,1477,40.4,83,0,0,0,0,0,0,11.199999999999989,59670.799999999996
M,299.7,311,1506,42.7,85,0,0,0,0,0,0,11.300000000000011,64306.200000000004
M,299.7,310.9,1685,32.1,88,0,0,0,0,0,0,11.199999999999989,54088.5
L,299.6,310.9,1533,31.8,91,0,0,0,0,0,0,11.299999999999955,48749.4
L,299.5,310.8,1447,41,93,0,0,0,0,0,0,11.300000000000011,59327
M,299.5,310.7,1488,39.5,95,0,0,0,0,0,0,11.199999999999989,58776
M,299.6,310.8,1427,50.4,98,0,0,0,0,0,0,11.199999999999989,71920.8
M,299.5,310.7,1424,41.3,101,0,0,0,0,0,0,11.199999999999989,58811.2
L,299.5,310.7,1472,40.9,104,0,0,0,0,0,0,11.199999999999989,60204.799999999996
L,299.5,310.7,1438,45.7,106,0,0,0,0,0,0,11.199999999999989,65716.6
L,299.6,310.8,1507,42.4,108,0,0,0,0,0,0,11.199999999999989,63896.799999999996
L,299.6,310.7,1393,52.1,110,0,0,0,0,0,0,11.099999999999966,72575.3
L,299.5,310.8,1283,52.4,112,0,0,0,0,0,0,11.300000000000011,67229.2
L,299.6,310.8,1644,30.9,114,0,0,0,0,0,0,11.199999999999989,50799.6
L,299.6,310.8,1498,46.9,116,0,0,0,0,0,0,11.199999999999989,70256.2
L,299.6,310.8,1400,40.8,118,0,0,0,0,0,0,11.199999999999989,57119.99999999999
H,299.6,310.9,1679,31.2,120,0,0,0,0,0,0,11.299999999999955,52384.799999999996
M,299.7,311.1,1618,30.3,125,0,0,0,0,0,0,11.400000000000034,49025.4
H,299.6,311,1714,30.2,128,0,0,0,0,0,0,11.399999999999977,51762.799999999996
L,299.6,311,1574,35,133,0,0,0,0,0,0,11.399999999999977,55090
L,299.7,311.1,1574,36.4,135,0,0,0,0,0,0,11.400000000000034,57293.6
L,299.6,310.9,1472,40.9,137,0,0,0,0,0,0,11.299999999999955,60204.799999999996
L,299.6,311,1552,33.2,139,0,0,0,0,0,0,11.399999999999977,51526.4
L,299.7,311.1,1603,31.4,141,0,0,0,0,0,0,11.400000000000034,50334.2
H,299.7,311.1,1353,47.1,143,0,0,0,0,0,0,11.400000000000034,63726.3
L,299.7,311.1,1690,30.6,148,0,0,0,0,0,0,11.400000000000034,51714
M,299.8,311.2,1745,26.3,150,0,0,0,0,0,0,11.399999999999977,45893.5
L,299.9,311.3,1522,45.7,153,0,0,0,0,0,0,11.400000000000034,69555.40000000001
H,300,311.4,1641,34.5,155,0,0,0,0,0,0,11.399999999999977,56614.5
L,299.9,311.4,1596,28.9,160,0,0,0,0,0,0,11.5,46124.399999999994
H,299.9,311.4,1497,37,162,0,0,0,0,0,0,11.5,55389
L,299.9,311.3,1371,52.3,167,0,0,0,0,0,0,11.400000000000034,71703.3
M,299.9,311.3,1445,41.2,169,0,0,0,0,0,0,11.400000000000034,59534.00000000001
L,299.8,311.2,1564,40,172,0,0,0,0,0,0,11.399999999999977,62560
L,299.7,311.1,1439,44.9,174,0,0,0,0,0,0,11.400000000000034,64611.1
L,299.7,311.2,1352,52.1,176,0,0,0,0,0,0,11.5,70439.2
L,299.8,311.3,1560,35.4,178,0,0,0,0,0,0,11.5,55224
M,299.7,311.2,1616,42.3,180,0,0,0,0,0,0,11.5,68356.79999999999
L,299.7,311.2,1835,23.7,183,0,0,0,0,0,0,11.5,43489.5
M,299.7,311.1,1649,32.7,185,0,0,0,0,0,0,11.400000000000034,53922.3
L,299.8,311.1,1452,47.3,188,0,0,0,0,0,0,11.300000000000011,68679.59999999999
L,299.8,311.1,2144,17.7,190,0,0,0,0,0,0,11.300000000000011,37948.799999999996
L,299.7,311.1,1554,41,192,0,0,0,0,0,0,11.400000000000034,63714
L,299.7,311,1827,25.4,194,0,0,0,0,0,0,11.300000000000011,46405.799999999996
L,299.6,310.9,1448,46.3,196,0,0,0,0,0,0,11.299999999999955,67042.4
M,299.6,310.9,1530,38.8,198,0,0,0,0,0,0,11.299999999999955,59363.99999999999
L,299.7,311,1983,21,201,0,0,0,0,0,0,11.300000000000011,41643
M,299.7,310.9,1620,37.2,203,0,0,0,0,0,0,11.199999999999989,60264.00000000001
M,299.6,310.9,1630,29.8,206,0,0,0,0,0,0,11.299999999999955,48574
L,299.6,310.9,1229,65.2,209,1,0,0,0,1,0,11.299999999999955,80130.8
L,299.5,310.8,1873,22.3,211,0,0,0,0,0,0,11.300000000000011,41767.9
L,299.4,310.7,1426,45.7,213,0,0,0,0,0,0,11.300000000000011,65168.200000000004
L,299.4,310.8,1376,53.9,215,1,0,0,0,1,0,11.400000000000034,74166.4
L,299.4,310.8,1622,33.6,217,0,0,0,0,0,0,11.400000000000034,54499.200000000004
M,299.4,310.7,1492,45.7,219,0,0,0,0,0,0,11.300000000000011,68184.40000000001
M,299.3,310.7,1374,48.9,222,0,0,0,0,0,0,11.399999999999977,67188.59999999999
L,299.2,310.7,1737,27,225,1,1,0,0,0,0,11.5,46899
L,299.3,310.8,1426,42.4,0,0,0,0,0,0,0,11.5,60462.4
M,299.3,310.9,1826,25.1,2,0,0,0,0,0,0,11.599999999999966,45832.600000000006
L,299.3,310.9,1669,32.4,5,0,0,0,0,0,0,11.599999999999966,54075.6
M,299.4,310.9,1473,40.1,7,0,0,0,0,0,0,11.5,59067.3
L,299.4,310.9,1751,27.8,10,0,0,0,0,0,0,11.5,48677.8
M,299.4,310.9,1446,47.3,12,0,0,0,0,0,0,11.5,68395.8
L,299.3,310.8,1483,43.5,15,0,0,0,0,0,0,11.5,64510.5
L,299.2,310.7,1535,42.6,17,0,0,0,0,0,0,11.5,65391
L,299.2,310.7,1477,44,19,0,0,0,0,0,0,11.5,64988
L,299.3,310.8,1391,46.9,21,0,0,0,0,0,0,11.5,65237.9
H,299.2,310.7,1636,29.4,23,0,0,0,0,0,0,11.5,48098.399999999994
L,299.2,310.6,1675,33.3,28,0,0,0,0,0,0,11.400000000000034,55777.49999999999
H,299.2,310.5,1329,48.9,30,0,0,0,0,0,0,11.300000000000011,64988.1
M,299.2,310.5,1548,33.5,35,0,0,0,0,0,0,11.300000000000011,51858
L,299.2,310.5,1391,45.8,38,0,0,0,0,0,0,11.300000000000011,63707.799999999996
L,299.1,310.5,1437,43.1,40,0,0,0,0,0,0,11.399999999999977,61934.700000000004
L,299.2,310.6,1370,61.9,42,0,0,0,0,0,0,11.400000000000034,84803
L,299.1,310.6,1577,37.1,44,0,0,0,0,0,0,11.5,58506.700000000004
L,299.1,310.5,1485,37.8,46,0,0,0,0,0,0,11.399999999999977,56132.99999999999
L,299,310.4,1504,34.3,48,0,0,0,0,0,0,11.399999999999977,51587.2
M,298.9,310.3,1551,35.2,50,0,0,0,0,0,0,11.400000000000034,54595.200000000004
M,299.1,310.5,1428,43,53,0,0,0,0,0,0,11.399999999999977,61404
L,299,310.5,1755,27.9,56,0,0,0,0,0,0,11.5,48964.5
L,299.1,310.5,1329,54.9,58,0,0,0,0,0,0,11.399999999999977,72962.09999999999
L,299.1,310.5,1496,35.2,60,0,0,0,0,0,0,11.399999999999977,52659.200000000004
L,299.1,310.5,1532,36.6,62,0,0,0,0,0,0,11.399999999999977,56071.200000000004
L,299.1,310.5,1389,61.4,64,0,0,0,0,0,0,11.399999999999977,85284.59999999999
M,299.1,310.4,1524,51.4,66,0,0,0,0,0,0,11.299999999999955,78333.59999999999
M,299.1,310.4,1422,49.3,69,0,0,0,0,0,0,11.299999999999955,70104.59999999999
L,299.1,310.5,1739,27.4,72,0,0,0,0,0,0,11.399999999999977,47648.6
L,299.1,310.5,1736,26.9,74,0,0,0,0,0,0,11.399999999999977,46698.399999999994
L,299.1,310.5,1419,48.8,76,0,0,0,0,0,0,11.399999999999977,69247.2
L,299.1,310.6,1326,49.7,78,0,0,0,0,0,0,11.5,65902.2
M,299.1,310.6,1449,43.2,80,0,0,0,0,0,0,11.5,62596.8
L,299.2,310.6,1534,39.7,83,0,0,0,0,0,0,11.400000000000034,60899.8
M,299.2,310.6,1443,50.9,85,0,0,0,0,0,0,11.400000000000034,73448.7
L,299.2,310.6,1498,41.1,88,0,0,0,0,0,0,11.400000000000034,61567.8
L,299.1,310.6,1796,26,90,0,0,0,0,0,0,11.5,46696
L,299.1,310.4,1519,45.3,92,0,0,0,0,0,0,11.299999999999955,68810.7
L,299,310.4,1339,49.6,94,0,0,0,0,0,0,11.399999999999977,66414.40000000001
L,299,310.4,1483,41.5,96,0,0,0,0,0,0,11.399999999999977,61544.5
M,298.9,310.2,2099,20,98,0,0,0,0,0,0,11.300000000000011,41980
M,299,310.3,1689,29.7,101,0,0,0,0,0,0,11.300000000000011,50163.299999999996
H,299.1,310.4,1369,54.5,104,0,0,0,0,0,0,11.299999999999955,74610.5
L,299,310.4,1512,38.8,109,0,0,0,0,0,0,11.399999999999977,58665.6
M,299,310.3,1303,68.6,111,1,0,0,1,0,0,11.300000000000011,89385.79999999999
L,299,310.3,1552,39.9,114,0,0,0,0,0,0,11.300000000000011,61924.799999999996
L,299,310.4,1713,28,116,0,0,0,0,0,0,11.399999999999977,47964
L,298.9,310.3,1456,44.1,118,0,0,0,0,0,0,11.400000000000034,64209.6
L,299,310.4,1524,39.8,120,0,0,0,0,0,0,11.399999999999977,60655.2
M,299,310.4,1394,45.2,122,0,0,0,0,0,0,11.399999999999977,63008.8
L,299,310.4,1981,21.2,125,0,0,0,0,0,0,11.399999999999977,41997.2
L,299,310.4,1565,36.1,127,0,0,0,0,0,0,11.399999999999977,56496.5
L,299.1,310.4,1657,31,129,0,0,0,0,0,0,11.299999999999955,51367
M,299,310.4,1625,37.1,131,0,0,0,0,0,0,11.399999999999977,60287.5
L,299,310.4,1606,31.1,134,0,0,0,0,0,0,11.399999999999977,49946.600000000006
H,299,310.5,1336,56.8,136,0,0,0,0,0,0,11.5,75884.8
M,299,310.6,1587,34.2,141,0,0,0,0,0,0,11.600000000000023,54275.4
L,299.1,310.6,1602,39.7,144,0,0,0,0,0,0,11.5,63599.4
L,299.1,310.5,1471,38.4,146,0,0,0,0,0,0,11.399999999999977,56486.4
H,299.1,310.6,1332,48,148,0,0,0,0,0,0,11.5,63936
H,299.2,310.6,1434,48.4,153,0,0,0,0,0,0,11.400000000000034,69405.59999999999
L,299.1,310.6,1921,23.9,158,0,0,0,0,0,0,11.5,45911.899999999994
H,299.2,310.6,1704,30.6,160,0,0,0,0,0,0,11.400000000000034,52142.4
M,299.1,310.6,1397,49.5,165,0,0,0,0,0,0,11.5,69151.5
H,299.1,310.6,1791,28,168,0,0,0,0,0,0,11.5,50148
L,299.1,310.6,1818,24.1,173,0,0,0,0,0,0,11.5,43813.8
L,299.2,310.7,1540,36.3,175,0,0,0,0,0,0,11.5,55901.99999999999
M,299.2,310.8,1502,39.8,177,0,0,0,0,0,0,11.600000000000023,59779.6
H,299.2,310.8,1761,30.4,180,0,0,0,0,0,0,11.600000000000023,53534.399999999994
M,299.1,310.8,1517,38.4,185,0,0,0,0,0,0,11.699999999999989,58252.799999999996
L,299.1,310.7,1309,51.1,188,0,0,0,0,0,0,11.599999999999966,66889.90000000001
L,298.9,310.6,1363,52.6,190,0,0,0,0,0,0,11.700000000000045,71693.8
M,299,310.6,1787,22.2,192,0,0,0,0,0,0,11.600000000000023,39671.4
L,298.9,310.5,1640,29.2,195,0,0,0,0,0,0,11.600000000000023,47888
M,298.9,310.6,1720,25.3,197,0,0,0,0,0,0,11.700000000000045,43516
L,298.8,310.5,1384,52.8,200,0,0,0,0,0,0,11.699999999999989,73075.2
H,298.8,310.5,1294,55.8,202,0,0,0,0,0,0,11.699999999999989,72205.2
L,298.8,310.5,1464,46.4,207,0,0,0,0,0,0,11.699999999999989,67929.59999999999
L,298.8,310.6,1803,25.4,209,0,0,0,0,0,0,11.800000000000011,45796.2
L,298.8,310.6,1602,39.1,211,0,0,0,0,0,0,11.800000000000011,62638.200000000004
H,298.9,310.6,1519,38.8,213,0,0,0,0,0,0,11.700000000000045,58937.2
M,298.9,310.7,1638,33.6,218,0,0,0,0,0,0,11.800000000000011,55036.8
H,298.9,310.6,1615,33,221,0,0,0,0,0,0,11.700000000000045,53295
L,298.8,310.6,1651,33.3,0,0,0,0,0,0,0,11.800000000000011,54978.299999999996
L,298.9,310.6,1387,52.7,2,0,0,0,0,0,0,11.700000000000045,73094.90000000001
M,298.8,310.5,1678,32.8,4,0,0,0,0,0,0,11.699999999999989,55038.399999999994
L,298.9,310.6,1585,38.1,7,0,0,0,0,0,0,11.700000000000045,60388.5
M,298.8,310.6,1640,33.8,9,0,0,0,0,0,0,11.800000000000011,55431.99999999999
L,298.9,310.6,1406,43.8,12,0,0,0,0,0,0,11.700000000000045,61582.799999999996
M,298.9,310.6,1679,35.8,14,0,0,0,0,0,0,11.700000000000045,60108.2
L,298.9,310.5,1717,26.9,17,0,0,0,0,0,0,11.600000000000023,46187.299999999996
H,298.9,310.5,1429,39.9,19,0,0,0,0,0,0,11.600000000000023,57017.1
M,298.9,310.4,1533,44.4,24,0,0,0,0,0,0,11.5,68065.2
M,298.9,310.5,1525,38.5,27,0,0,0,0,0,0,11.600000000000023,58712.5
L,298.9,310.4,1739,26.3,30,0,0,0,0,0,0,11.5,45735.700000000004
L,298.9,310.3,1436,39,32,0,0,0,0,0,0,11.400000000000034,56004
M,298.8,310.2,1595,33.1,34,0,0,0,0,0,0,11.399999999999977,52794.5
H,298.7,310.1,1435,45.6,37,0,0,0,0,0,0,11.400000000000034,65436
L,298.7,310,1637,31.8,42,0,0,0,0,0,0,11.300000000000011,52056.6
L,298.7,310.1,1558,37.6,44,0,0,0,0,0,0,11.400000000000034,58580.8
M,298.7,310.1,1644,34.1,46,0,0,0,0,0,0,11.400000000000034,56060.4
L,298.7,310.1,1641,31.1,49,0,0,0,0,0,0,11.400000000000034,51035.100000000006
L,298.8,310.2,1504,41,51,0,0,0,0,0,0,11.399999999999977,61664
M,298.7,310.1,1506,50.7,53,0,0,0,0,0,0,11.400000000000034,76354.2
H,298.8,310.1,1380,44,56,0,0,0,0,0,0,11.300000000000011,60720
M,298.7,310.1,1549,42.5,61,0,0,0,0,0,0,11.400000000000034,65832.5
M,298.7,310.1,1402,69.7,64,1,0,0,1,0,0,11.400000000000034,97719.40000000001
L,298.7,310.1,1401,45.3,67,0,0,0,0,0,0,11.400000000000034,63465.299999999996
M,298.7,310,1459,40.2,69,0,0,0,0,0,0,11.300000000000011,58651.8
L,298.7,309.9,1465,39.7,72,0,0,0,0,0,0,11.199999999999989,58160.50000000001
M,298.8,310,1295,52.7,74,0,0,0,0,0,0,11.199999999999989,68246.5
M,298.8,310,1529,38.5,77,0,0,0,0,0,0,11.199999999999989,58866.5
M,298.8,310,1484,44.9,80,0,0,0,0,0,0,11.199999999999989,66631.59999999999
L,298.8,309.9,1739,30.6,83,0,0,0,0,0,0,11.099999999999966,53213.4
H,298.7,309.8,1422,40.7,85,0,0,0,0,0,0,11.100000000000023,57875.4
L,298.8,309.8,1463,40,90,0,0,0,0,0,0,11,58520
L,298.7,309.7,1667,30.4,92,0,0,0,0,0,0,11,50676.799999999996
H,298.7,309.7,1565,39.3,94,0,0,0,0,0,0,11,61504.49999999999
L,298.7,309.7,1393,45.7,99,0,0,0,0,0,0,11,63660.100000000006
M,298.8,309.7,1453,47.7,101,0,0,0,0,0,0,10.899999999999977,69308.1
L,298.8,309.6,1442,50,104,0,0,0,0,0,0,10.800000000000011,72100
L,298.7,309.6,1364,44.9,106,0,0,0,0,0,0,10.900000000000034,61243.6
H,298.7,309.5,1453,40.4,108,0,0,0,0,0,0,10.800000000000011,58701.2
M,298.7,309.5,1394,46,113,0,0,0,0,0,0,10.800000000000011,64124
M,298.7,309.5,1500,38.8,116,0,0,0,0,0,0,10.800000000000011,58199.99999999999
H,298.6,309.5,1523,34.2,119,0,0,0,0,0,0,10.899999999999977,52086.600000000006
M,298.7,309.6,1254,57.1,124,0,0,0,0,0,0,10.900000000000034,71603.40000000001
L,298.6,309.5,1325,52.2,127,0,0,0,0,0,0,10.899999999999977,69165
L,298.8,309.7,1424,49.6,129,0,0,0,0,0,0,10.899999999999977,70630.40000000001
L,298.8,309.7,1505,39,131,0,0,0,0,0,0,10.899999999999977,58695
M,298.8,309.7,1392,48.7,133,0,0,0,0,0,0,10.899999999999977,67790.40000000001
L,298.8,309.7,1529,44,136,0,0,0,0,0,0,10.899999999999977,67276
M,298.8,309.7,1477,48.5,138,0,0,0,0,0,0,10.899999999999977,71634.5
M,298.8,309.7,1459,47.3,141,0,0,0,0,0,0,10.899999999999977,69010.7
M,299,309.8,2240,15.9,144,0,0,0,0,0,0,10.800000000000011,35616
L,298.9,309.7,1449,48.8,147,0,0,0,0,0,0,10.800000000000011,70711.2
M,298.8,309.7,1589,35.3,149,0,0,0,0,0,0,10.899999999999977,56091.7
L,298.8,309.7,1740,28.5,152,0,0,0,0,0,0,10.899999999999977,49590
M,298.8,309.7,1499,40.3,154,0,0,0,0,0,0,10.899999999999977,60409.7
M,298.8,309.7,1480,38.1,157,0,0,0,0,0,0,10.899999999999977,56388
L,298.8,309.7,1751,29.6,160,0,0,0,0,0,0,10.899999999999977,51829.600000000006
L,298.7,309.7,1510,40.6,162,0,0,0,0,0,0,11,61306
H,298.8,309.8,1437,48.2,164,0,0,0,0,0,0,11,69263.40000000001
L,298.8,309.7,1609,40.4,169,0,0,0,0,0,0,10.899999999999977,65003.6
H,298.8,309.8,1490,35.9,171,0,0,0,0,0,0,11,53491
L,298.7,309.7,1601,35.7,176,0,0,0,0,0,0,11,57155.700000000004
L,298.7,309.6,1665,31.1,178,0,0,0,0,0,0,10.900000000000034,51781.5
M,298.7,309.6,1452,42.7,180,0,0,0,0,0,0,10.900000000000034,62000.4
M,298.7,309.5,1487,33.6,183,0,0,0,0,0,0,10.800000000000011,49963.200000000004
M,298.7,309.6,1382,48.1,186,0,0,0,0,0,0,10.900000000000034,66474.2
M,298.7,309.6,1686,26.2,189,0,0,0,0,0,0,10.900000000000034,44173.2
L,298.6,309.6,1491,36.9,192,0,0,0,0,0,0,11,55017.9
L,298.7,309.6,1442,55.6,194,0,0,0,0,0,0,10.900000000000034,80175.2
L,298.6,309.6,1390,50.3,196,0,0,0,0,0,0,11,69917
L,298.7,309.6,1502,46.7,198,0,0,0,0,0,0,10.900000000000034,70143.40000000001
M,298.6,309.6,1344,59.4,200,0,0,0,0,0,0,11,79833.59999999999
L,298.5,309.5,1385,46.3,203,1,1,0,0,0,0,11,64125.49999999999
L,298.7,309.7,1547,37.4,0,0,0,0,0,0,0,11,57857.799999999996
M,298.6,309.6,1525,42.4,2,0,0,0,0,0,0,11,64660
L,298.6,309.6,1540,35.8,5,0,0,0,0,0,0,11,55131.99999999999
L,298.6,309.5,1450,44.3,7,0,0,0,0,0,0,10.899999999999977,64234.99999999999
L,298.6,309.6,1353,62.5,9,0,0,0,0,0,0,11,84562.5
L,298.8,309.7,1582,45,11,0,0,0,0,0,0,10.899999999999977,71190
L,298.9,309.8,1396,49,13,0,0,0,0,0,0,10.900000000000034,68404
M,298.8,309.8,1551,36.6,15,0,0,0,0,0,0,11,56766.600000000006
M,298.9,309.8,1836,22.8,18,0,0,0,0,0,0,10.900000000000034,41860.8
L,298.9,309.8,1390,49.9,21,0,0,0,0,0,0,10.900000000000034,69361
L,298.9,309.8,1534,42.1,23,0,0,0,0,0,0,10.900000000000034,64581.4
L,298.8,309.7,1953,20.6,25,0,0,0,0,0,0,10.899999999999977,40231.8
L,298.8,309.8,1634,33.6,27,0,0,0,0,0,0,11,54902.4
L,298.7,309.7,1881,21.7,29,0,0,0,0,0,0,11,40817.7
M,298.8,309.7,1448,44.8,31,0,0,0,0,0,0,10.899999999999977,64870.399999999994
M,298.7,309.7,1362,50.5,34,0,0,0,0,0,0,11,68781
L,298.8,309.7,1225,63.4,37,0,0,0,0,0,0,10.899999999999977,77665
M,298.8,309.6,1384,48.2,39,0,0,0,0,0,0,10.800000000000011,66708.8
L,298.8,309.8,1334,49.3,42,0,0,0,0,0,0,11,65766.2
L,298.8,309.7,1336,50.3,44,0,0,0,0,0,0,10.899999999999977,67200.8
M,298.8,309.9,1331,61.6,46,0,0,0,0,0,0,11.099999999999966,81989.6
L,298.8,309.9,1629,31.9,49,0,0,0,0,0,0,11.099999999999966,51965.1
L,298.9,310,1776,25.7,51,0,0,0,0,0,0,11.100000000000023,45643.2
H,298.8,310,1530,38.3,53,0,0,0,0,0,0,11.199999999999989,58598.99999999999
L,298.9,310,1719,27.3,58,0,0,0,0,0,0,11.100000000000023,46928.700000000004
M,298.8,309.9,1495,35.2,60,0,0,0,0,0,0,11.099999999999966,52624.00000000001
L,298.8,309.7,1450,43.1,63,0,0,0,0,0,0,10.899999999999977,62495
H,298.8,309.8,1563,38.8,65,0,0,0,0,0,0,11,60644.399999999994
M,298.9,309.9,1501,37.1,70,0,0,0,0,0,0,11,55687.1
L,298.8,309.9,1351,47.2,73,0,0,0,0,0,0,11.099999999999966,63767.200000000004
L,298.9,309.9,1365,46.5,75,0,0,0,0,0,0,11,63472.5
L,298.8,309.9,1525,39.7,77,0,0,0,0,0,0,11.099999999999966,60542.50000000001
M,298.8,309.8,1288,61.9,79,0,0,0,0,0,0,11,79727.2
L,298.6,309.6,1423,42.7,82,0,0,0,0,0,0,11,60762.100000000006
M,298.5,309.6,1502,39.4,84,0,0,0,0,0,0,11.100000000000023,59178.799999999996
L,298.5,309.5,1428,43.5,87,0,0,0,0,0,0,11,62118
M,298.6,309.5,1566,38.1,89,0,0,0,0,0,0,10.899999999999977,59664.600000000006
M,298.5,309.5,1483,44.8,92,0,0,0,0,0,0,11,66438.4
H,298.6,309.6,1593,33.3,95,0,0,0,0,0,0,11,53046.899999999994
L,298.5,309.6,1724,26.4,100,0,0,0,0,0,0,11.100000000000023,45513.6
L,298.5,309.7,2617,12.1,102,1,0,0,1,0,0,11.199999999999989,31665.7
L,298.6,309.7,1294,59.4,104,0,0,0,0,0,0,11.099999999999966,76863.59999999999
L,298.6,309.6,1533,40.7,106,0,0,0,0,0,0,11,62393.100000000006
H,298.5,309.4,1671,31.8,108,0,0,0,0,0,0,10.899999999999977,53137.8
L,298.5,309.5,1370,52.4,113,0,0,0,0,0,0,11,71788
L,298.5,309.6,1462,45.1,115,0,0,0,0,0,0,11.100000000000023,65936.2
L,298.4,309.5,1545,36.6,117,0,0,0,0,0,0,11.100000000000023,56547
M,298.4,309.5,1484,41.7,119,0,0,0,0,0,0,11.100000000000023,61882.8
M,298.4,309.5,1344,45.3,122,0,0,0,0,0,0,11.100000000000023,60883.2
L,298.4,309.5,1357,50.1,125,0,0,0,0,0,0,11.100000000000023,67985.7
M,298.5,309.6,1572,33,127,0,0,0,0,0,0,11.100000000000023,51876
L,298.5,309.6,1861,26.9,130,0,0,0,0,0,0,11.100000000000023,50060.899999999994
L,298.5,309.5,1548,44.5,132,0,0,0,0,0,0,11,68886
L,298.6,309.8,1496,37.7,134,0,0,0,0,0,0,11.199999999999989,56399.200000000004
M,298.6,309.7,1314,49.7,136,0,0,0,0,0,0,11.099999999999966,65305.8
M,298.6,309.7,1422,49.7,139,0,0,0,0,0,0,11.099999999999966,70673.40000000001
L,298.6,309.8,1842,20.1,142,0,0,0,0,0,0,11.199999999999989,37024.200000000004
M,298.7,309.9,1434,53,144,0,0,0,0,0,0,11.199999999999989,76002
M,298.8,310.1,1585,31.3,147,0,0,0,0,0,0,11.300000000000011,49610.5
H,298.8,310.1,1704,30.7,150,0,0,0,0,0,0,11.300000000000011,52312.799999999996
L,298.9,310.2,1971,23.2,155,0,0,0,0,0,0,11.300000000000011,45727.2
L,299,310.3,1431,39.9,157,0,0,0,0,0,0,11.300000000000011,57096.9
L,298.9,310.4,1546,37.7,159,0,0,0,0,0,0,11.5,58284.200000000004
L,298.9,310.3,1496,36.3,161,0,0,0,0,0,0,11.400000000000034,54304.799999999996
H,298.9,310.3,1243,63,163,0,0,0,0,0,0,11.400000000000034,78309
L,299,310.4,1452,46.2,168,0,0,0,0,0,0,11.399999999999977,67082.40000000001
L,299.1,310.6,1380,44.7,170,0,0,0,0,0,0,11.5,61686.00000000001
L,299.2,310.6,1567,38.4,172,0,0,0,0,0,0,11.400000000000034,60172.799999999996
L,299.1,310.5,1628,35.9,174,0,0,0,0,0,0,11.399999999999977,58445.2
L,299.1,310.4,1505,46.1,176,0,0,0,0,0,0,11.299999999999955,69380.5
M,299,310.3,1827,28,178,0,0,0,0,0,0,11.300000000000011,51156
L,299,310.3,1577,40,181,0,0,0,0,0,0,11.300000000000011,63080
L,298.9,310.2,1304,57.2,183,0,0,0,0,0,0,11.300000000000011,74588.8
H,298.9,310.1,1324,54.6,185,0,0,0,0,0,0,11.200000000000045,72290.40000000001
L,298.8,310,1537,39.9,190,0,0,0,0,0,0,11.199999999999989,61326.299999999996
M,298.8,310.1,1501,48.7,192,0,0,0,0,0,0,11.300000000000011,73098.7
M,298.7,309.9,1654,29.1,195,0,0,0,0,0,0,11.199999999999989,48131.4
M,298.7,310,1519,38.1,198,0,0,0,0,0,0,11.300000000000011,57873.9
L,298.7,309.9,1371,51.3,201,0,0,0,0,0,0,11.199999999999989,70332.3
L,298.7,309.8,1181,65.9,203,1,0,0,0,1,0,11.100000000000023,77827.90000000001
L,298.6,309.8,1469,42.8,205,0,0,0,0,0,0,11.199999999999989,62873.2
L,298.6,309.8,1637,34.6,207,0,0,0,0,0,0,11.199999999999989,56640.200000000004
L,298.6,309.8,1370,56,0,0,0,0,0,0,0,11.199999999999989,76720
L,298.6,309.9,1630,30.6,2,0,0,0,0,0,0,11.299999999999955,49878
L,298.6,310,1517,39,4,0,0,0,0,0,0,11.399999999999977,59163
M,298.6,309.9,1668,32.3,6,0,0,0,0,0,0,11.299999999999955,53876.399999999994
M,298.6,309.9,1818,24.9,9,0,0,0,0,0,0,11.299999999999955,45268.2
M,298.6,310,1541,36.9,12,0,0,0,0,0,0,11.399999999999977,56862.899999999994
L,298.5,309.9,1482,42.1,15,0,0,0,0,0,0,11.399999999999977,62392.200000000004
L,298.6,310.1,1439,49.9,17,0,0,0,0,0,0,11.5,71806.09999999999
L,298.5,310,1492,41.2,19,0,0,0,0,0,0,11.5,61470.4
L,298.4,309.9,1725,27.8,21,0,0,0,0,0,0,11.5,47955
L,298.4,310,1559,44.2,23,0,0,0,0,0,0,11.600000000000023,68907.8
L,298.5,310,1435,42.5,25,0,0,0,0,0,0,11.5,60987.5
M,298.6,310,1512,37.5,27,0,0,0,0,0,0,11.399999999999977,56700
L,298.6,309.9,1564,37.1,30,0,0,0,0,0,0,11.299999999999955,58024.4
L,298.6,310,1522,40.3,32,0,0,0,0,0,0,11.399999999999977,61336.6
L,298.6,309.9,1356,59.5,34,0,0,0,0,0,0,11.299999999999955,80682
L,298.6,309.9,1556,38.6,36,0,0,0,0,0,0,11.299999999999955,60061.600000000006
L,298.6,309.9,1393,45.5,38,0,0,0,0,0,0,11.299999999999955,63381.5
L,298.7,309.9,1753,26.8,40,0,0,0,0,0,0,11.199999999999989,46980.4
L,298.7,309.9,1651,29.5,42,0,0,0,0,0,0,11.199999999999989,48704.5
L,298.7,309.9,1372,54.7,44,0,0,0,0,0,0,11.199999999999989,75048.40000000001
L,298.7,309.9,1446,43.3,46,0,0,0,0,0,0,11.199999999999989,62611.799999999996
M,298.7,309.8,1501,44.7,48,0,0,0,0,0,0,11.100000000000023,67094.7
M,298.7,309.9,1411,45.1,51,0,0,0,0,0,0,11.199999999999989,63636.1
H,298.6,309.7,1672,27.5,54,0,0,0,0,0,0,11.099999999999966,45980
M,298.7,309.8,1475,40.5,59,0,0,0,0,0,0,11.100000000000023,59737.5
L,298.7,309.8,1469,38.4,62,0,0,0,0,0,0,11.100000000000023,56409.6
L,298.6,309.8,1704,28.3,64,0,0,0,0,0,0,11.199999999999989,48223.200000000004
H,298.6,309.7,1463,39.1,66,0,0,0,0,0,0,11.099999999999966,57203.3
M,298.6,309.7,1280,64.1,71,0,0,0,0,0,0,11.099999999999966,82048
L,298.7,309.9,1464,38,74,0,0,0,0,0,0,11.199999999999989,55632
L,298.6,309.8,1332,46.4,76,0,0,0,0,0,0,11.199999999999989,61804.799999999996
L,298.5,309.7,1634,37.8,78,0,0,0,0,0,0,11.199999999999989,61765.2
M,298.6,309.8,1430,43.1,80,0,0,0,0,0,0,11.199999999999989,61633
M,298.5,309.7,1523,44.6,83,0,0,0,0,0,0,11.199999999999989,67925.8
M,298.5,309.7,1557,37.7,86,0,0,0,0,0,0,11.199999999999989,58698.9
L,298.5,309.6,1585,32.2,89,0,0,0,0,0,0,11.100000000000023,51037.00000000001
H,298.5,309.6,1579,33.5,91,0,0,0,0,0,0,11.100000000000023,52896.5
M,298.5,309.7,1354,60.8,96,0,0,0,0,0,0,11.199999999999989,82323.2
L,298.6,309.7,1627,33.4,99,0,0,0,0,0,0,11.099999999999966,54341.799999999996
L,298.4,309.6,1477,35.6,101,0,0,0,0,0,0,11.200000000000045,52581.200000000004
M,298.3,309.4,1595,29,103,0,0,0,0,0,0,11.099999999999966,46255
L,298.4,309.5,1520,38.1,106,0,0,0,0,0,0,11.100000000000023,57912
L,298.3,309.4,1618,31.5,108,0,0,0,0,0,0,11.099999999999966,50967
L,298.4,309.5,1397,50.3,110,0,0,0,0,0,0,11.100000000000023,70269.09999999999
L,298.4,309.5,1450,47.9,112,0,0,0,0,0,0,11.100000000000023,69455
M,298.5,309.5,1501,40.2,114,0,0,0,0,0,0,11,60340.200000000004
L,298.4,309.4,1392,50.1,117,0,0,0,0,0,0,11,69739.2
L,298.4,309.4,1385,43.2,119,0,0,0,0,0,0,11,59832.00000000001
L,298.4,309.4,1461,46.3,121,0,0,0,0,0,0,11,67644.3
M,298.5,309.6,1364,58.7,123,0,0,0,0,0,0,11.100000000000023,80066.8
L,298.5,309.5,1579,38.6,126,0,0,0,0,0,0,11,60949.4
M,298.4,309.5,1514,38.8,128,0,0,0,0,0,0,11.100000000000023,58743.2
M,298.3,309.5,1560,36.9,131,0,0,0,0,0,0,11.199999999999989,57564
L,298.3,309.5,1542,36.7,134,0,0,0,0,0,0,11.199999999999989,56591.4
L,298.3,309.4,1668,27.1,136,0,0,0,0,0,0,11.099999999999966,45202.8
M,298.3,309.4,1816,22.6,138,0,0,0,0,0,0,11.099999999999966,41041.600000000006
M,298.3,309.4,1509,34.2,141,0,0,0,0,0,0,11.099999999999966,51607.8
L,298.4,309.6,1479,37.8,144,0,0,0,0,0,0,11.200000000000045,55906.2
L,298.4,309.6,1655,30.2,146,0,0,0,0,0,0,11.200000000000045,49981
L,298.3,309.5,1711,30.3,148,0,0,0,0,0,0,11.199999999999989,51843.3
L,298.4,309.7,1581,34.6,150,0,0,0,0,0,0,11.300000000000011,54702.600000000006
H,298.6,309.8,1279,55.9,152,0,0,0,0,0,0,11.199999999999989,71496.09999999999
L,298.5,309.8,1468,40.9,157,0,0,0,0,0,0,11.300000000000011,60041.2
L,298.4,309.7,1419,41.3,159,0,0,0,0,0,0,11.300000000000011,58604.7
L,298.4,309.7,1530,38.6,161,0,0,0,0,0,0,11.300000000000011,59058
L,298.4,309.6,1710,27.3,163,1,0,0,0,0,0,11.200000000000045,46683
L,298.4,309.7,1518,39.8,165,0,0,0,0,0,0,11.300000000000011,60416.399999999994
M,298.4,309.7,1679,33.3,167,0,0,0,0,0,0,11.300000000000011,55910.7
M,298.4,309.7,1870,22.5,170,0,0,0,0,0,0,11.300000000000011,42075
L,298.3,309.7,1484,44.3,173,0,0,0,0,0,0,11.399999999999977,65741.2
L,298.4,309.7,1457,44.2,175,0,0,0,0,0,0,11.300000000000011,64399.4
H,298.3,309.6,1546,36.2,177,0,0,0,0,0,0,11.300000000000011,55965.200000000004
M,298.2,309.5,1478,36.5,182,0,0,0,0,0,0,11.300000000000011,53947
L,298.2,309.4,1447,47.1,185,0,0,0,0,0,0,11.199999999999989,68153.7
L,298.2,309.4,1443,45.4,187,0,0,0,0,0,0,11.199999999999989,65512.2
L,298.3,309.6,1527,30.9,189,0,0,0,0,0,0,11.300000000000011,47184.299999999996
M,298.3,309.6,1469,54.8,191,0,0,0,0,0,0,11.300000000000011,80501.2
M,298.3,309.6,1681,27.1,194,0,0,0,0,0,0,11.300000000000011,45555.100000000006
L,298.3,309.6,1420,44.1,197,0,0,0,0,0,0,11.300000000000011,62622
M,298.3,309.5,1543,49.9,199,0,0,0,0,0,0,11.199999999999989,76995.7
L,298.4,309.5,1376,50.4,202,0,0,0,0,0,0,11.100000000000023,69350.4
H,298.3,309.4,1631,29.8,0,0,0,0,0,0,0,11.099999999999966,48603.8
H,298.3,309.3,1529,41.7,5,0,0,0,0,0,0,11,63759.3
L,298.3,309.4,1468,46.2,10,0,0,0,0,0,0,11.099999999999966,67821.6
L,298.3,309.4,1378,52.3,12,0,0,0,0,0,0,11.099999999999966,72069.4
L,298.3,309.3,1401,51.9,14,0,0,0,0,0,0,11,72711.9
L,298.4,309.3,1531,37.4,16,0,0,0,0,0,0,10.900000000000034,57259.4
L,298.4,309.3,1512,35.8,18,0,0,0,0,0,0,10.900000000000034,54129.6
M,298.5,309.4,1522,47.4,20,0,0,0,0,0,0,10.899999999999977,72142.8
M,298.5,309.3,1615,31.8,23,0,0,0,0,0,0,10.800000000000011,51357
L,298.6,309.3,1449,46.5,26,0,0,0,0,0,0,10.699999999999989,67378.5
L,298.6,309.4,1315,55.5,28,0,0,0,0,0,0,10.799999999999955,72982.5
M,298.6,309.4,1465,41.1,30,0,0,0,0,0,0,10.799999999999955,60211.5
M,298.6,309.5,1404,43.3,33,0,0,0,0,0,0,10.899999999999977,60793.2
L,298.6,309.5,1547,44.8,36,0,0,0,0,0,0,10.899999999999977,69305.59999999999
M,298.6,309.5,1426,45.4,38,0,0,0,0,0,0,10.899999999999977,64740.4
L,298.6,309.5,1730,30.2,41,0,0,0,0,0,0,10.899999999999977,52246
L,298.5,309.4,1548,37.7,43,0,0,0,0,0,0,10.899999999999977,58359.600000000006
L,298.5,309.4,1517,40.2,45,0,0,0,0,0,0,10.899999999999977,60983.4
L,298.6,309.5,1687,29.3,47,0,0,0,0,0,0,10.899999999999977,49429.1
L,298.5,309.5,1738,25.2,49,0,0,0,0,0,0,11,43797.6
H,298.4,309.4,1512,35.3,51,0,0,0,0,0,0,11,53373.6
M,298.5,309.4,1365,48.7,56,0,0,0,0,0,0,10.899999999999977,66475.5
H,298.5,309.4,2011,21,59,0,0,0,0,0,0,10.899999999999977,42231
L,298.4,309.3,1806,27.6,64,0,0,0,0,0,0,10.900000000000034,49845.600000000006
L,298.4,309.3,1716,28.4,66,0,0,0,0,0,0,10.900000000000034,48734.399999999994
M,298.4,309.4,1666,24.3,68,0,0,0,0,0,0,11,40483.8
L,298.5,309.4,1578,36.3,71,0,0,0,0,0,0,10.899999999999977,57281.399999999994
L,298.3,309.3,1558,37.2,73,0,0,0,0,0,0,11,57957.600000000006
L,298.3,309.2,1456,45.5,75,0,0,0,0,0,0,10.899999999999977,66248
M,298.2,309.1,1457,49,77,0,0,0,0,0,0,10.900000000000034,71393
L,298.2,309.1,1467,44.5,80,0,0,0,0,0,0,10.900000000000034,65281.5
M,298.1,309,1661,38.2,82,0,0,0,0,0,0,10.899999999999977,63450.200000000004
L,298.1,309,1592,33.9,85,0,0,0,0,0,0,10.899999999999977,53968.799999999996
L,298.2,309,1596,37.2,87,0,0,0,0,0,0,10.800000000000011,59371.200000000004
L,298.2,309,1489,40.6,89,0,0,0,0,0,0,10.800000000000011,60453.4
L,298.3,309,1471,48.3,91,0,0,0,0,0,0,10.699999999999989,71049.3
M,298.3,309,1505,41.3,93,0,0,0,0,0,0,10.699999999999989,62156.49999999999
L,298.3,309,1519,40,96,0,0,0,0,0,0,10.699999999999989,60760
L,298.3,309,1408,45.4,98,0,0,0,0,0,0,10.699999999999989,63923.2
L,298.2,308.9,1332,44.4,100,0,0,0,0,0,0,10.699999999999989,59140.799999999996
L,298.1,308.9,1351,52.4,102,0,0,0,0,0,0,10.799999999999955,70792.4
L,298,308.9,1500,36.7,104,0,0,0,0,0,0,10.899999999999977,55050.00000000001
M,298,308.7,1614,30.7,106,0,0,0,0,0,0,10.699999999999989,49549.799999999996
L,298,308.8,1489,36.5,109,0,0,0,0,0,0,10.800000000000011,54348.5
M,297.9,308.7,1751,26.6,111,0,0,0,0,0,0,10.800000000000011,46576.600000000006
L,298,308.7,1511,45.8,114,0,0,0,0,0,0,10.699999999999989,69203.8
L,297.9,308.6,1691,29.6,116,0,0,0,0,0,0,10.700000000000045,50053.600000000006
L,297.9,308.6,1757,27.5,118,0,0,0,0,0,0,10.700000000000045,48317.5
H,297.9,308.7,1545,35.9,120,0,0,0,0,0,0,10.800000000000011,55465.5
L,297.9,308.6,2262,15.7,125,0,0,0,0,0,0,10.700000000000045,35513.4
M,297.7,308.5,1559,35.2,127,0,0,0,0,0,0,10.800000000000011,54876.8
L,297.6,308.4,1626,32.4,130,0,0,0,0,0,0,10.799999999999955,52682.399999999994
L,297.6,308.3,1424,53.9,132,0,0,0,0,0,0,10.699999999999989,76753.59999999999
M,297.6,308.3,1648,29.1,134,0,0,0,0,0,0,10.699999999999989,47956.8
L,297.6,308.3,1523,39.5,137,0,0,0,0,0,0,10.699999999999989,60158.5
L,297.6,308.3,1502,43.2,139,0,0,0,0,0,0,10.699999999999989,64886.4
L,297.5,308.2,1489,40.7,141,0,0,0,0,0,0,10.699999999999989,60602.3
M,297.4,308.1,1620,31.2,143,0,0,0,0,0,0,10.700000000000045,50544
L,297.5,308.1,1631,30.6,146,0,0,0,0,0,0,10.600000000000023,49908.600000000006
M,297.5,308,1429,45.8,148,0,0,0,0,0,0,10.5,65448.2
M,297.5,308.1,1334,72,151,1,0,0,1,0,0,10.600000000000023,96048
L,297.4,308,1423,38,154,0,0,0,0,0,0,10.600000000000023,54074
L,297.4,307.9,1390,47.7,156,0,0,0,0,0,0,10.5,66303
M,297.4,307.9,1338,48.5,158,0,0,0,0,0,0,10.5,64893
H,297.3,307.9,1461,37.5,161,0,0,0,0,0,0,10.599999999999966,54787.5
M,297.4,307.9,1627,34.3,166,0,0,0,0,0,0,10.5,55806.1
L,297.3,307.8,1385,44.4,169,0,0,0,0,0,0,10.5,61494
M,297.3,307.8,1538,48,171,0,0,0,0,0,0,10.5,73824
L,297.4,307.9,1557,35.5,174,0,0,0,0,0,0,10.5,55273.5
L,297.4,307.9,1606,33.4,176,0,0,0,0,0,0,10.5,53640.399999999994
M,297.5,308,1430,44.5,178,0,0,0,0,0,0,10.5,63635
M,297.4,308,1601,34.6,181,0,0,0,0,0,0,10.600000000000023,55394.600000000006
L,297.4,308,1356,51.9,184,0,0,0,0,0,0,10.600000000000023,70376.4
M,297.5,308.2,1624,30.9,186,0,0,0,0,0,0,10.699999999999989,50181.6
L,297.5,308.2,1327,56.5,189,0,0,0,0,0,0,10.699999999999989,74975.5
L,297.6,308.3,1410,47,191,0,0,0,0,0,0,10.699999999999989,66270
L,297.6,308.3,1478,42.3,193,0,0,0,0,0,0,10.699999999999989,62519.399999999994
L,297.6,308.4,1460,40.3,195,0,0,0,0,0,0,10.799999999999955,58837.99999999999
L,297.5,308.3,1435,40.3,197,0,0,0,0,0,0,10.800000000000011,57830.49999999999
H,297.4,308.2,1359,46.9,199,0,0,0,0,0,0,10.800000000000011,63737.1
L,297.4,308.1,1729,31.7,204,0,0,0,0,0,0,10.700000000000045,54809.299999999996
H,297.3,308,1384,49.1,206,0,0,0,0,0,0,10.699999999999989,67954.40000000001
L,297.4,308.2,1297,52.1,211,0,0,0,0,0,0,10.800000000000011,67573.7
L,297.5,308.4,1633,33.3,213,0,0,0,0,0,0,10.899999999999977,54378.899999999994
M,297.5,308.4,1505,37.2,215,0,0,0,0,0,0,10.899999999999977,55986.00000000001
L,297.5,308.4,1433,50,218,0,0,0,0,0,0,10.899999999999977,71650
L,297.4,308.4,1369,50.6,220,1,0,0,0,1,0,11,69271.40000000001
L,297.4,308.3,1475,40.5,222,1,1,0,0,0,0,10.900000000000034,59737.5
L,297.4,308.3,1561,38.3,0,0,0,0,0,0,0,10.900000000000034,59786.299999999996
L,297.4,308.3,1472,45.5,2,0,0,0,0,0,0,10.900000000000034,66976
L,297.5,308.4,1441,44.5,4,0,0,0,0,0,0,10.899999999999977,64124.5
M,297.5,308.5,1401,50.5,6,0,0,0,0,0,0,11,70750.5
L,297.5,308.5,1691,33.1,9,0,0,0,0,0,0,11,55972.100000000006
L,297.6,308.6,1382,47.1,11,0,0,0,0,0,0,11,65092.200000000004
L,297.6,308.6,1355,46.4,13,0,0,0,0,0,0,11,62872
L,297.6,308.6,1529,45.3,15,0,0,0,0,0,0,11,69263.7
L,297.7,308.7,1829,24.9,17,0,0,0,0,0,0,11,45542.1
H,297.6,308.6,1480,39.8,19,0,0,0,0,0,0,11,58903.99999999999
L,297.6,308.5,1475,42.4,24,0,0,0,0,0,0,10.899999999999977,62540
M,297.6,308.5,1431,52.6,26,0,0,0,0,0,0,10.899999999999977,75270.6
L,297.5,308.3,1437,42.3,29,0,0,0,0,0,0,10.800000000000011,60785.1
M,297.5,308.3,1476,45.6,31,0,0,0,0,0,0,10.800000000000011,67305.6
H,297.5,308.4,1490,39.7,34,0,0,0,0,0,0,10.899999999999977,59153.00000000001
L,297.4,308.3,1632,33.5,39,0,0,0,0,0,0,10.900000000000034,54672
L,297.4,308.2,1402,49.7,41,0,0,0,0,0,0,10.800000000000011,69679.40000000001
L,297.4,308.3,1347,45.8,43,0,0,0,0,0,0,10.900000000000034,61692.6
L,297.5,308.4,1747,31,45,0,0,0,0,0,0,10.899999999999977,54157
H,297.5,308.5,1557,39.1,47,0,0,0,0,0,0,11,60878.700000000004
L,297.4,308.4,1371,57.4,52,0,0,0,0,0,0,11,78695.4
H,297.3,308.3,1506,37,54,0,0,0,0,0,0,11,55722
L,297.3,308.3,1590,35.5,59,0,0,0,0,0,0,11,56445
L,297.4,308.3,1336,53.7,61,0,0,0,0,0,0,10.900000000000034,71743.2
L,297.3,308.3,1411,43.2,63,0,0,0,0,0,0,11,60955.200000000004
L,297.4,308.3,1704,27.3,65,0,0,0,0,0,0,10.900000000000034,46519.200000000004
L,297.5,308.4,1723,27.3,67,0,0,0,0,0,0,10.899999999999977,47037.9
L,297.5,308.5,1459,39.7,69,0,0,0,0,0,0,11,57922.3
L,297.6,308.5,1572,35.9,71,0,0,0,0,0,0,10.899999999999977,56434.799999999996
L,297.5,308.4,1384,56,73,0,0,0,0,0,0,10.899999999999977,77504
L,297.6,308.6,1383,47.5,75,0,0,0,0,0,0,11,65692.5
M,297.6,308.5,1360,48.6,77,0,0,0,0,0,0,10.899999999999977,66096
M,297.5,308.4,1596,36.6,80,0,0,0,0,0,0,10.899999999999977,58413.600000000006
L,297.5,308.5,1448,54.3,83,0,0,0,0,0,0,11,78626.4
M,297.6,308.5,1443,38.2,85,0,0,0,0,0,0,10.899999999999977,55122.600000000006
M,297.6,308.6,1492,35.5,88,0,0,0,0,0,0,11,52966
L,297.5,308.6,1497,43.9,91,0,0,0,0,0,0,11.100000000000023,65718.3
L,297.5,308.5,1530,38.5,93,0,0,0,0,0,0,11,58905
M,297.4,308.4,1478,46.2,95,0,0,0,0,0,0,11,68283.6
L,297.4,308.4,1328,61.8,98,0,0,0,0,0,0,11,82070.4
H,297.4,308.3,1771,27.4,100,0,0,0,0,0,0,10.900000000000034,48525.399999999994
M,297.4,308.4,1564,35,105,0,0,0,0,0,0,11,54740
H,297.3,308.3,1461,41.5,108,0,0,0,0,0,0,11,60631.5
M,297.4,308.3,1335,57.9,113,0,0,0,0,0,0,10.900000000000034,77296.5
M,297.4,308.4,1441,46.8,116,0,0,0,0,0,0,11,67438.8
L,297.3,308.3,1268,60.6,119,0,0,0,0,0,0,11,76840.8
M,297.3,308.3,1697,27.4,121,0,0,0,0,0,0,11,46497.799999999996
L,297.4,308.4,1421,46,124,0,0,0,0,0,0,11,65366
L,297.4,308.5,1496,36.4,126,0,0,0,0,0,0,11.100000000000023,54454.4
L,297.5,308.5,1375,55.6,128,0,0,0,0,0,0,11,76450
L,297.4,308.5,1295,52.1,130,0,0,0,0,0,0,11.100000000000023,67469.5
L,297.4,308.5,1643,33.8,132,0,0,0,0,0,0,11.100000000000023,55533.399999999994
L,297.5,308.6,1514,36.9,134,0,0,0,0,0,0,11.100000000000023,55866.6
L,297.5,308.6,1671,29.4,136,0,0,0,0,0,0,11.100000000000023,49127.399999999994
H,297.5,308.6,1355,58.9,138,0,0,0,0,0,0,11.100000000000023,79809.5
L,297.6,308.7,1365,50.6,143,0,0,0,0,0,0,11.099999999999966,69069
L,297.5,308.7,1407,42.5,145,0,0,0,0,0,0,11.199999999999989,59797.5
M,297.5,308.8,1455,46.1,147,0,0,0,0,0,0,11.300000000000011,67075.5
L,297.5,308.8,1502,45.9,150,0,0,0,0,0,0,11.300000000000011,68941.8
M,297.5,308.8,1471,52.3,152,0,0,0,0,0,0,11.300000000000011,76933.3
L,297.5,308.9,1581,30.4,155,0,0,0,0,0,0,11.399999999999977,48062.399999999994
L,297.5,308.8,1530,37.8,157,0,0,0,0,0,0,11.300000000000011,57833.99999999999
L,297.5,308.8,1312,50.3,159,0,0,0,0,0,0,11.300000000000011,65993.59999999999
L,297.4,308.6,1494,42.6,161,0,0,0,0,0,0,11.200000000000045,63644.4
M,297.4,308.6,1528,29.1,163,0,0,0,0,0,0,11.200000000000045,44464.8
H,297.3,308.6,1688,29.4,166,0,0,0,0,0,0,11.300000000000011,49627.2
M,297.3,308.5,1520,42.4,171,0,0,0,0,0,0,11.199999999999989,64448
M,297.3,308.5,1664,28.9,174,0,0,0,0,0,0,11.199999999999989,48089.6
L,297.3,308.5,1514,44.5,177,0,0,0,0,0,0,11.199999999999989,67373
L,297.3,308.5,1456,54.2,179,0,0,0,0,0,0,11.199999999999989,78915.2
L,297.2,308.5,1494,39.6,181,0,0,0,0,0,0,11.300000000000011,59162.4
L,297.2,308.4,1605,30,183,0,0,0,0,0,0,11.199999999999989,48150
M,297.2,308.5,1353,46.5,185,0,0,0,0,0,0,11.300000000000011,62914.5
L,297.2,308.5,1447,47.9,188,0,0,0,0,0,0,11.300000000000011,69311.3
L,297.2,308.5,1588,40.4,190,0,0,0,0,0,0,11.300000000000011,64155.2
H,297.2,308.5,1524,41.4,192,0,0,0,0,0,0,11.300000000000011,63093.6
M,297.2,308.5,1611,31.6,197,0,0,0,0,0,0,11.300000000000011,50907.600000000006
M,297.2,308.5,1604,34.9,200,0,0,0,0,0,0,11.300000000000011,55979.6
L,297.1,308.5,1483,46.9,203,0,0,0,0,0,0,11.399999999999977,69552.7
L,297.1,308.4,1543,39.6,205,0,0,0,0,0,0,11.299999999999955,61102.8
L,297.1,308.5,1323,44.4,207,1,1,0,0,0,0,11.399999999999977,58741.2
L,297.1,308.5,1555,36.2,0,0,0,0,0,0,0,11.399999999999977,56291.00000000001
L,297.1,308.4,1583,31.9,2,0,0,0,0,0,0,11.299999999999955,50497.7
M,297.2,308.5,1584,40,4,0,0,0,0,0,0,11.300000000000011,63360
L,297.2,308.5,1766,25.8,7,0,0,0,0,0,0,11.300000000000011,45562.8
M,297.2,308.6,1498,44.4,9,0,0,0,0,0,0,11.400000000000034,66511.2
L,297.2,308.6,1413,49.8,12,0,0,0,0,0,0,11.400000000000034,70367.4
L,297.3,308.6,1505,33.5,14,0,0,0,0,0,0,11.300000000000011,50417.5
H,297.3,308.7,1438,46.2,16,0,0,0,0,0,0,11.399999999999977,66435.6
M,297.3,308.7,1655,34.1,21,0,0,0,0,0,0,11.399999999999977,56435.5
M,297.3,308.7,1451,43.8,24,0,0,0,0,0,0,11.399999999999977,63553.799999999996
M,297.3,308.7,1466,38.4,27,0,0,0,0,0,0,11.399999999999977,56294.4
L,297.2,308.6,1774,23,30,0,0,0,0,0,0,11.400000000000034,40802
M,297.2,308.6,1284,51.3,32,0,0,0,0,0,0,11.400000000000034,65869.2
L,297.1,308.5,1425,40,35,0,0,0,0,0,0,11.399999999999977,57000
L,297.2,308.6,1437,52.4,37,0,0,0,0,0,0,11.400000000000034,75298.8
L,297.2,308.6,1335,53,39,0,0,0,0,0,0,11.400000000000034,70755
L,297.2,308.5,1471,41.7,41,0,0,0,0,0,0,11.300000000000011,61340.700000000004
M,297.2,308.5,1364,54,43,0,0,0,0,0,0,11.300000000000011,73656
L,297.1,308.5,1578,35.6,46,0,0,0,0,0,0,11.399999999999977,56176.8
L,297.1,308.5,1712,32.1,48,0,0,0,0,0,0,11.399999999999977,54955.200000000004
L,297.1,308.5,1733,28.7,50,0,0,0,0,0,0,11.399999999999977,49737.1
L,297.2,308.6,1652,32.1,52,0,0,0,0,0,0,11.400000000000034,53029.200000000004
L,297.2,308.6,1917,24.1,54,0,0,0,0,0,0,11.400000000000034,46199.700000000004
M,297.2,308.6,1444,41.1,56,0,0,0,0,0,0,11.400000000000034,59348.4
L,297.1,308.6,1442,37.1,59,0,0,0,0,0,0,11.5,53498.200000000004
M,297.1,308.6,1717,31.3,61,0,0,0,0,0,0,11.5,53742.1
L,297.1,308.7,1474,42.3,64,0,0,0,0,0,0,11.599999999999966,62350.2
L,297.2,308.7,1509,39.3,66,0,0,0,0,0,0,11.5,59303.7
L,297.2,308.8,1451,43.1,68,0,0,0,0,0,0,11.600000000000023,62538.1
L,297.3,308.8,1554,36.1,70,0,0,0,0,0,0,11.5,56099.4
L,297.2,308.7,1669,30.7,72,0,0,0,0,0,0,11.5,51238.299999999996
L,297.2,308.6,1366,50.4,74,0,0,0,0,0,0,11.400000000000034,68846.4
L,297.2,308.6,1578,34.4,76,0,0,0,0,0,0,11.400000000000034,54283.2
M,297.2,308.6,1513,39,78,0,0,0,0,0,0,11.400000000000034,59007
M,297.1,308.5,1515,42.1,81,0,0,0,0,0,0,11.399999999999977,63781.5
L,297.2,308.6,1562,33,84,0,0,0,0,0,0,11.400000000000034,51546
L,297.2,308.7,1501,38.5,86,0,0,0,0,0,0,11.5,57788.5
M,297.2,308.7,1398,38.1,88,0,0,0,0,0,0,11.5,53263.8
L,297.3,308.7,1352,53.8,91,0,0,0,0,0,0,11.399999999999977,72737.59999999999
H,297.3,308.7,1569,33.9,93,0,0,0,0,0,0,11.399999999999977,53189.1
H,297.2,308.6,1486,46.6,98,0,0,0,0,0,0,11.400000000000034,69247.6
L,297.2,308.6,1864,23.6,103,0,0,0,0,0,0,11.400000000000034,43990.4
M,297.3,308.7,1447,44.5,105,0,0,0,0,0,0,11.399999999999977,64391.5
L,297.2,308.6,1392,41.5,108,0,0,0,0,0,0,11.400000000000034,57768
L,297.3,308.6,1358,47.6,110,0,0,0,0,0,0,11.300000000000011,64640.8
L,297.3,308.7,1491,40.2,112,0,0,0,0,0,0,11.399999999999977,59938.200000000004
L,297.3,308.7,1556,36.7,114,0,0,0,0,0,0,11.399999999999977,57105.200000000004
L,297.3,308.7,1531,36.7,116,0,0,0,0,0,0,11.399999999999977,56187.700000000004
H,297.4,308.7,1429,37.6,118,0,0,0,0,0,0,11.300000000000011,53730.4
M,297.4,308.8,1573,33.9,123,0,0,0,0,0,0,11.400000000000034,53324.7
L,297.4,308.8,1538,41.2,126,0,0,0,0,0,0,11.400000000000034,63365.600000000006
L,297.4,308.8,1467,39,128,0,0,0,0,0,0,11.400000000000034,57213
H,297.4,308.7,1323,51.1,130,0,0,0,0,0,0,11.300000000000011,67605.3
M,297.4,308.7,1798,23,135,0,0,0,0,0,0,11.300000000000011,41354
L,297.4,308.6,1411,46.3,138,0,0,0,0,0,0,11.200000000000045,65329.299999999996
L,297.3,308.5,1528,44.5,140,0,0,0,0,0,0,11.199999999999989,67996
L,297.3,308.5,1504,42,142,0,0,0,0,0,0,11.199999999999989,63168
L,297.3,308.5,1384,39.6,144,0,0,0,0,0,0,11.199999999999989,54806.4
L,297.2,308.4,1677,26.4,146,0,0,0,0,0,0,11.199999999999989,44272.799999999996
L,297.3,308.5,1764,30.8,148,0,0,0,0,0,0,11.199999999999989,54331.200000000004
M,297.4,308.5,1472,42,150,0,0,0,0,0,0,11.100000000000023,61824
M,297.4,308.5,1465,55.9,153,0,0,0,0,0,0,11.100000000000023,81893.5
M,297.4,308.6,1657,33.1,156,0,0,0,0,0,0,11.200000000000045,54846.700000000004
L,297.4,308.6,1635,30.5,159,0,0,0,0,0,0,11.200000000000045,49867.5
M,297.4,308.7,1582,31.9,161,0,0,0,0,0,0,11.300000000000011,50465.799999999996
L,297.5,308.7,1761,26.2,164,0,0,0,0,0,0,11.199999999999989,46138.2
L,297.5,308.8,1587,34.9,166,0,0,0,0,0,0,11.300000000000011,55386.299999999996
M,297.5,308.7,1446,53,168,0,0,0,0,0,0,11.199999999999989,76638
M,297.5,308.7,1352,53,171,0,0,0,0,0,0,11.199999999999989,71656
M,297.4,308.7,1392,46.4,174,0,0,0,0,0,0,11.300000000000011,64588.799999999996
L,297.5,308.8,1417,49.8,177,0,0,0,0,0,0,11.300000000000011,70566.59999999999
H,297.5,308.8,1824,24,179,0,0,0,0,0,0,11.300000000000011,43776
L,297.5,308.8,1603,36.7,184,0,0,0,0,0,0,11.300000000000011,58830.100000000006
L,297.4,308.8,1620,33.4,186,0,0,0,0,0,0,11.400000000000034,54108
L,297.4,308.8,1353,49.4,188,0,0,0,0,0,0,11.400000000000034,66838.2
L,297.5,308.8,1360,50.7,190,0,0,0,0,0,0,11.300000000000011,68952
L,297.5,308.6,1380,53.5,192,0,0,0,0,0,0,11.100000000000023,73830
M,297.5,308.7,1363,53.6,194,0,0,0,0,0,0,11.199999999999989,73056.8
M,297.4,308.6,1452,41.2,197,0,0,0,0,0,0,11.200000000000045,59822.4
L,297.4,308.6,1680,32.8,200,0,0,0,0,0,0,11.200000000000045,55103.99999999999
L,297.5,308.6,1536,39,202,0,0,0,0,0,0,11.100000000000023,59904
L,297.5,308.6,1621,28.9,0,0,0,0,0,0,0,11.100000000000023,46846.899999999994
L,297.5,308.6,1585,37.6,2,0,0,0,0,0,0,11.100000000000023,59596
M,297.6,308.7,1408,51.5,4,0,0,0,0,0,0,11.099999999999966,72512
H,297.5,308.6,1536,38.7,7,0,0,0,0,0,0,11.100000000000023,59443.200000000004
L,297.5,308.6,1352,52.6,12,0,0,0,0,0,0,11.100000000000023,71115.2
H,297.5,308.6,1481,38.8,14,0,0,0,0,0,0,11.100000000000023,57462.799999999996
L,297.5,308.7,1454,45,19,0,0,0,0,0,0,11.199999999999989,65430
M,297.5,308.6,1349,51.5,21,0,0,0,0,0,0,11.100000000000023,69473.5
M,297.5,308.6,1327,52.1,24,0,0,0,0,0,0,11.100000000000023,69136.7
L,297.6,308.7,1552,42.3,27,0,0,0,0,0,0,11.099999999999966,65649.59999999999
L,297.5,308.7,1456,44.7,29,0,0,0,0,0,0,11.199999999999989,65083.200000000004
M,297.6,308.6,1254,45.8,31,0,0,0,0,0,0,11,57433.2
L,297.5,308.6,1437,43.3,34,0,0,0,0,0,0,11.100000000000023,62222.1
L,297.5,308.6,1694,27.1,36,0,0,0,0,0,0,11.100000000000023,45907.4
L,297.5,308.5,1306,50.7,38,0,0,0,0,0,0,11,66214.2
M,297.5,308.5,1699,30.1,40,0,0,0,0,0,0,11,51139.9
L,297.4,308.5,1369,53.2,43,0,0,0,0,0,0,11.100000000000023,72830.8
L,297.4,308.5,1471,43.9,45,0,0,0,0,0,0,11.100000000000023,64576.9
L,297.4,308.5,1410,43.9,47,0,0,0,0,0,0,11.100000000000023,61899
M,297.4,308.5,1412,45.5,49,0,0,0,0,0,0,11.100000000000023,64246
L,297.4,308.5,1418,51.2,52,0,0,0,0,0,0,11.100000000000023,72601.6
L,297.4,308.5,1782,25.9,54,0,0,0,0,0,0,11.100000000000023,46153.799999999996
M,297.4,308.5,1497,36.4,56,0,0,0,0,0,0,11.100000000000023,54490.799999999996
L,297.3,308.4,1459,39.4,59,0,0,0,0,0,0,11.099999999999966,57484.6
L,297.2,308.3,1796,23.8,61,0,0,0,0,0,0,11.100000000000023,42744.8
L,297.2,308.3,1569,31.2,63,0,0,0,0,0,0,11.100000000000023,48952.799999999996
L,297.3,308.4,1469,46.7,65,0,0,0,0,0,0,11.099999999999966,68602.3
L,297.3,308.4,1472,41.3,67,0,0,0,0,0,0,11.099999999999966,60793.6
L,297.4,308.5,1475,47.2,69,0,0,0,0,0,0,11.100000000000023,69620
L,297.4,308.6,1488,36.4,71,0,0,0,0,0,0,11.200000000000045,54163.2
L,297.4,308.6,1524,43.1,73,0,0,0,0,0,0,11.200000000000045,65684.40000000001
L,297.4,308.5,1486,48.6,75,0,0,0,0,0,0,11.100000000000023,72219.6
M,297.5,308.6,1255,60.7,77,0,0,0,0,0,0,11.100000000000023,76178.5
M,297.4,308.6,1469,42.6,80,0,0,0,0,0,0,11.200000000000045,62579.4
L,297.4,308.5,1692,34.3,83,0,0,0,0,0,0,11.100000000000023,58035.6
M,297.4,308.6,1604,32.8,85,0,0,0,0,0,0,11.200000000000045,52611.2
L,297.4,308.6,1446,48.1,88,0,0,0,0,0,0,11.200000000000045,69552.6
L,297.3,308.5,1503,43.3,90,0,0,0,0,0,0,11.199999999999989,65079.899999999994
M,297.3,308.5,1625,32.8,92,0,0,0,0,0,0,11.199999999999989,53299.99999999999
L,297.2,308.5,1574,35.8,95,0,0,0,0,0,0,11.300000000000011,56349.2
M,297.2,308.4,1378,41.9,97,0,0,0,0,0,0,11.199999999999989,57738.2
L,297.1,308.4,1693,29.5,100,0,0,0,0,0,0,11.299999999999955,49943.5
L,297.2,308.4,1462,51.2,102,0,0,0,0,0,0,11.199999999999989,74854.40000000001
H,297.3,308.5,1435,55,104,0,0,0,0,0,0,11.199999999999989,78925
M,297.2,308.5,1425,45.8,109,0,0,0,0,0,0,11.300000000000011,65264.99999999999
H,297.3,308.6,1376,53.5,112,0,0,0,0,0,0,11.300000000000011,73616
M,297.4,308.7,1481,48,117,0,0,0,0,0,0,11.300000000000011,71088
H,297.4,308.7,1349,48.9,120,0,0,0,0,0,0,11.300000000000011,65966.09999999999
L,297.3,308.7,1551,40,125,0,0,0,0,0,0,11.399999999999977,62040
H,297.4,308.7,1623,33.8,127,0,0,0,0,0,0,11.300000000000011,54857.399999999994
L,297.4,308.8,1462,49.7,132,0,0,0,0,0,0,11.400000000000034,72661.40000000001
M,297.3,308.8,1447,57.4,134,0,0,0,0,0,0,11.5,83057.8
M,297.3,308.9,1799,24.5,137,0,0,0,0,0,0,11.599999999999966,44075.5
M,297.3,308.8,1548,41.3,140,0,0,0,0,0,0,11.5,63932.399999999994
M,297.2,308.8,1485,47.9,143,0,0,0,0,0,0,11.600000000000023,71131.5
L,297.2,308.7,1463,49.9,146,0,0,0,0,0,0,11.5,73003.7
L,297.3,308.7,1587,35.8,148,0,0,0,0,0,0,11.399999999999977,56814.6
M,297.3,308.8,1469,44.1,150,0,0,0,0,0,0,11.5,64782.9
H,297.3,308.7,1430,42.8,153,0,0,0,0,0,0,11.399999999999977,61203.99999999999
H,297.4,308.7,1726,26.8,158,0,0,0,0,0,0,11.300000000000011,46256.8
L,297.4,308.8,1651,34.1,163,0,0,0,0,0,0,11.400000000000034,56299.100000000006
L,297.4,308.8,1529,41.3,165,0,0,0,0,0,0,11.400000000000034,63147.7
L,297.4,308.8,1473,46.2,167,0,0,0,0,0,0,11.400000000000034,68052.6
H,297.4,308.8,1324,53.5,169,0,0,0,0,0,0,11.400000000000034,70834
L,297.4,308.9,1708,28.8,174,0,0,0,0,0,0,11.5,49190.4
M,297.5,309.1,1540,38.5,176,0,0,0,0,0,0,11.600000000000023,59290
L,297.5,309,1320,54.7,179,0,0,0,0,0,0,11.5,72204
M,297.4,308.9,1376,39,181,0,0,0,0,0,0,11.5,53664
M,297.3,308.7,1542,37,184,0,0,0,0,0,0,11.399999999999977,57054
L,297.3,308.7,1506,39.3,187,0,0,0,0,0,0,11.399999999999977,59185.799999999996
L,297.3,308.7,1492,43.6,189,0,0,0,0,0,0,11.399999999999977,65051.200000000004
H,297.3,308.8,1564,38,191,0,0,0,0,0,0,11.5,59432
H,297.4,308.9,1645,30.8,196,0,0,0,0,0,0,11.5,50666
M,297.4,308.9,1348,59.1,201,0,0,0,0,0,0,11.5,79666.8
M,297.4,308.8,1325,62.4,204,1,1,0,0,1,0,11.400000000000034,82680
L,297.5,308.9,1443,43.5,0,0,0,0,0,0,0,11.399999999999977,62770.5
M,297.5,308.9,1436,44.8,2,0,0,0,0,0,0,11.399999999999977,64332.799999999996
L,297.5,308.9,1596,30.7,5,0,0,0,0,0,0,11.399999999999977,48997.2
L,297.6,309,1491,43.2,7,0,0,0,0,0,0,11.399999999999977,64411.200000000004
M,297.7,308.9,1573,35.1,9,0,0,0,0,0,0,11.199999999999989,55212.3
L,297.7,308.9,1575,39.9,12,0,0,0,0,0,0,11.199999999999989,62842.5
L,297.7,308.9,1458,41.1,14,0,0,0,0,0,0,11.199999999999989,59923.8
M,297.7,309,1433,41.8,16,0,0,0,0,0,0,11.300000000000011,59899.399999999994
L,297.7,308.9,1662,28.1,19,0,0,0,0,0,0,11.199999999999989,46702.200000000004
M,297.7,308.9,1327,63.7,21,0,0,0,0,0,0,11.199999999999989,84529.90000000001
L,297.7,308.9,1742,26.3,24,0,0,0,0,0,0,11.199999999999989,45814.6
L,297.8,308.9,1506,33.5,26,0,0,0,0,0,0,11.099999999999966,50451
L,297.9,309.1,1457,44.4,28,0,0,0,0,0,0,11.200000000000045,64690.799999999996
M,297.9,309.1,1488,37.3,30,0,0,0,0,0,0,11.200000000000045,55502.399999999994
L,297.9,309.1,1619,34.7,33,0,0,0,0,0,0,11.200000000000045,56179.3
M,298,309.2,1558,41.7,35,0,0,0,0,0,0,11.199999999999989,64968.600000000006
L,298,309.2,1731,28.7,38,0,0,0,0,0,0,11.199999999999989,49679.7
M,298,309.1,1574,34.8,40,0,0,0,0,0,0,11.100000000000023,54775.2
L,297.9,309,1290,49.8,43,0,0,0,0,0,0,11.100000000000023,64241.99999999999
H,297.9,308.9,1416,39.6,45,0,0,0,0,0,0,11,56073.6
L,297.9,308.9,1566,41.9,50,0,0,0,0,0,0,11,65615.4
L,297.9,309,1456,46.5,52,0,0,0,0,0,0,11.100000000000023,67704
L,297.9,309,1528,37.5,54,0,0,0,0,0,0,11.100000000000023,57300
M,297.9,309.1,1338,49.6,56,0,0,0,0,0,0,11.200000000000045,66364.8
M,297.9,309.1,1558,39.2,59,0,0,0,0,0,0,11.200000000000045,61073.600000000006
M,297.9,309.1,1614,38.1,62,0,0,0,0,0,0,11.200000000000045,61493.4
H,298,309.1,1557,36.4,65,0,0,0,0,0,0,11.100000000000023,56674.799999999996
L,298.1,309.3,1443,45.3,70,0,0,0,0,0,0,11.199999999999989,65367.899999999994
H,298.1,309.3,1332,51,72,0,0,0,0,0,0,11.199999999999989,67932
M,298.1,309.3,1752,25.2,77,0,0,0,0,0,0,11.199999999999989,44150.4
M,298.1,309.2,1460,45.8,80,0,0,0,0,0,0,11.099999999999966,66868
L,298.1,309.2,1802,26.9,83,0,0,0,0,0,0,11.099999999999966,48473.799999999996
L,298,309.2,1527,39.5,85,0,0,0,0,0,0,11.199999999999989,60316.5
L,298,309.2,1458,39.8,87,0,0,0,0,0,0,11.199999999999989,58028.399999999994
H,298,309.2,1520,37.9,89,0,0,0,0,0,0,11.199999999999989,57608
L,298,309.2,1378,49.7,94,0,0,0,0,0,0,11.199999999999989,68486.6
M,297.9,309.2,1529,38.1,96,0,0,0,0,0,0,11.300000000000011,58254.9
L,298,309.2,1527,32.4,99,0,0,0,0,0,0,11.199999999999989,49474.799999999996
M,298,309.2,1438,42.9,101,0,0,0,0,0,0,11.199999999999989,61690.2
L,297.9,309,1583,36.7,104,0,0,0,0,0,0,11.100000000000023,58096.100000000006
L,297.8,308.9,1530,37.6,106,0,0,0,0,0,0,11.099999999999966,57528
M,297.7,308.9,1530,39.1,108,0,0,0,0,0,0,11.199999999999989,59823
M,297.7,308.8,2089,19.1,111,0,0,0,0,0,0,11.100000000000023,39899.9
L,297.7,308.8,1616,34.2,114,0,0,0,0,0,0,11.100000000000023,55267.200000000004
M,297.7,308.9,1681,28.3,116,0,0,0,0,0,0,11.199999999999989,47572.3
L,297.6,308.8,1475,43,119,0,0,0,0,0,0,11.199999999999989,63425
L,297.5,308.7,1371,46.5,121,0,0,0,0,0,0,11.199999999999989,63751.5
M,297.5,308.7,1546,38,123,0,0,0,0,0,0,11.199999999999989,58748
H,297.4,308.6,1461,40.1,126,0,0,0,0,0,0,11.200000000000045,58586.1
L,297.4,308.7,1638,31.9,131,0,0,0,0,0,0,11.300000000000011,52252.2
M,297.3,308.7,1577,35.6,133,0,0,0,0,0,0,11.399999999999977,56141.200000000004
L,297.4,308.6,1532,38.7,136,0,0,0,0,0,0,11.200000000000045,59288.4
M,297.3,308.5,1710,27.7,138,0,0,0,0,0,0,11.199999999999989,47367
M,297.3,308.6,1584,29.4,141,0,0,0,0,0,0,11.300000000000011,46569.6
L,297.3,308.6,1446,50.1,144,0,0,0,0,0,0,11.300000000000011,72444.6
H,297.4,308.7,1522,46.3,146,0,0,0,0,0,0,11.300000000000011,70468.59999999999
M,297.4,308.7,1382,49.9,151,0,0,0,0,0,0,11.300000000000011,68961.8
L,297.4,308.7,1584,38.2,154,0,0,0,0,0,0,11.300000000000011,60508.8
L,297.3,308.6,1385,55.2,156,0,0,0,0,0,0,11.300000000000011,76452
L,297.3,308.7,1592,34.4,158,0,0,0,0,0,0,11.399999999999977,54764.799999999996
M,297.2,308.6,1404,43.7,160,0,0,0,0,0,0,11.400000000000034,61354.8
L,297.2,308.5,1518,44.3,163,0,0,0,0,0,0,11.300000000000011,67247.4
L,297.1,308.4,1529,40.4,165,0,0,0,0,0,0,11.299999999999955,61771.6
L,297.1,308.4,1550,37,167,0,0,0,0,0,0,11.299999999999955,57350
L,297.1,308.3,1773,23.8,169,0,0,0,0,0,0,11.199999999999989,42197.4
L,297.2,308.5,1446,43.7,171,0,0,0,0,0,0,11.300000000000011,63190.200000000004
M,297.2,308.5,1487,46.9,173,0,0,0,0,0,0,11.300000000000011,69740.3
M,297.3,308.5,1524,49.3,176,0,0,0,0,0,0,11.199999999999989,75133.2
L,297.1,308.3,1403,54.1,179,0,0,0,0,0,0,11.199999999999989,75902.3
L,297.1,308.2,2267,15.7,181,0,0,0,0,0,0,11.099999999999966,35591.9
M,297.1,308.2,1529,37.9,183,0,0,0,0,0,0,11.099999999999966,57949.1
L,297.1,308.2,1402,51.2,186,0,0,0,0,0,0,11.099999999999966,71782.40000000001
L,297.2,308.3,1693,28,188,0,0,0,0,0,0,11.100000000000023,47404
L,297.1,308.3,1496,45.8,190,0,0,0,0,0,0,11.199999999999989,68516.8
L,297.1,308.1,1633,33.3,192,0,0,0,0,0,0,11,54378.899999999994
L,297.1,308.2,1399,42.6,194,0,0,0,0,0,0,11.099999999999966,59597.4
M,297,308.1,1363,45.3,196,0,0,0,0,0,0,11.100000000000023,61743.899999999994
H,297.1,308.2,1527,42.2,199,0,0,0,0,0,0,11.099999999999966,64439.4
M,297.2,308.2,1405,42.5,204,0,0,0,0,0,0,11,59712.5
M,297.3,308.3,1459,59.6,207,1,0,0,1,1,0,11,86956.40000000001
M,297.4,308.4,1789,25,210,0,0,0,0,0,0,11,44725
L,297.4,308.4,1531,41.5,213,0,0,0,0,0,0,11,63536.5
M,297.4,308.4,1620,35.8,215,0,0,0,0,0,0,11,57995.99999999999
L,297.4,308.4,1571,39.4,0,0,0,0,0,0,0,11,61897.399999999994
L,297.4,308.4,1434,39.9,2,0,0,0,0,0,0,11,57216.6
L,297.4,308.4,1474,43.6,4,0,0,0,0,0,0,11,64266.4
M,297.3,308.3,1544,41.7,6,0,0,0,0,0,0,11,64384.8
L,297.3,308.2,1601,35.7,9,0,0,0,0,0,0,10.899999999999977,57155.700000000004
L,297.4,308.3,1801,26.9,11,0,0,0,0,0,0,10.900000000000034,48446.899999999994
L,297.4,308.3,1465,42,13,0,0,0,0,0,0,10.900000000000034,61530
M,297.4,308.4,1340,52.6,15,0,0,0,0,0,0,11,70484
M,297.4,308.4,1517,41,18,0,0,0,0,0,0,11,62197
M,297.3,308.4,1434,44.8,21,0,0,0,0,0,0,11.099999999999966,64243.2
H,297.3,308.3,1935,19.3,24,0,0,0,0,0,0,11,37345.5
M,297.3,308.3,1595,32.2,29,0,0,0,0,0,0,11,51359.00000000001
L,297.3,308.3,2188,17,32,0,0,0,0,0,0,11,37196
M,297.3,308.4,1449,44.4,34,0,0,0,0,0,0,11.099999999999966,64335.6
L,297.3,308.3,1471,38.2,37,0,0,0,0,0,0,11,56192.200000000004
L,297.4,308.2,1639,33.8,39,0,0,0,0,0,0,10.800000000000011,55398.2
M,297.3,308.2,1846,24.5,41,0,0,0,0,0,0,10.899999999999977,45227
M,297.3,308.2,1452,38.2,44,0,0,0,0,0,0,10.899999999999977,55466.4
M,297.4,308.3,1483,41.9,47,0,0,0,0,0,0,10.900000000000034,62137.7
L,297.4,308.3,1284,60.3,50,0,0,0,0,0,0,10.900000000000034,77425.2
L,297.4,308.2,1419,50,52,0,0,0,0,0,0,10.800000000000011,70950
L,297.3,308.1,1763,28.4,54,0,0,0,0,0,0,10.800000000000011,50069.2
M,297.2,308,1478,42.5,56,0,0,0,0,0,0,10.800000000000011,62815
L,297.3,308,1518,36,59,0,0,0,0,0,0,10.699999999999989,54648
L,297.3,308,1447,49,61,0,0,0,0,0,0,10.699999999999989,70903
M,297.4,308,1355,55.1,63,0,0,0,0,0,0,10.600000000000023,74660.5
L,297.4,308.1,1348,57.4,66,0,0,0,0,0,0,10.700000000000045,77375.2
L,297.4,308.1,1348,53.7,68,0,0,0,0,0,0,10.700000000000045,72387.6
M,297.4,308.1,1734,27.7,70,0,0,0,0,0,0,10.700000000000045,48031.799999999996
L,297.3,308,1420,46.5,73,0,0,0,0,0,0,10.699999999999989,66030
L,297.3,307.9,1797,24.7,75,0,0,0,0,0,0,10.599999999999966,44385.9
M,297.3,308,1403,45,77,0,0,0,0,0,0,10.699999999999989,63135
L,297.3,307.9,1628,30.2,80,0,0,0,0,0,0,10.599999999999966,49165.6
M,297.2,307.9,1687,30.4,82,0,0,0,0,0,0,10.699999999999989,51284.799999999996
M,297.2,307.9,1456,44.9,85,0,0,0,0,0,0,10.699999999999989,65374.4
L,297.1,307.9,1496,44.7,88,0,0,0,0,0,0,10.799999999999955,66871.2
L,297.1,307.8,1636,30.3,90,0,0,0,0,0,0,10.699999999999989,49570.8
L,297.1,307.8,1536,40.4,92,0,0,0,0,0,0,10.699999999999989,62054.399999999994
L,297.1,307.8,1454,50.6,94,0,0,0,0,0,0,10.699999999999989,73572.40000000001
L,297,307.8,1396,50,96,0,0,0,0,0,0,10.800000000000011,69800
L,297,307.6,1575,37.4,98,0,0,0,0,0,0,10.600000000000023,58905
L,296.9,307.6,1514,35.7,100,0,0,0,0,0,0,10.700000000000045,54049.8
M,296.8,307.4,1455,49.9,102,0,0,0,0,0,0,10.599999999999966,72604.5
L,296.8,307.4,1549,48.3,105,0,0,0,0,0,0,10.599999999999966,74816.7
L,296.8,307.5,1474,42.4,107,0,0,0,0,0,0,10.699999999999989,62497.6
H,296.7,307.4,1661,34.2,109,0,0,0,0,0,0,10.699999999999989,56806.200000000004
L,296.7,307.4,1535,34.6,114,0,0,0,0,0,0,10.699999999999989,53111
M,296.9,307.5,1556,31.2,116,0,0,0,0,0,0,10.600000000000023,48547.2
L,296.9,307.6,1435,45,119,0,0,0,0,0,0,10.700000000000045,64575
M,296.9,307.5,1332,51.1,121,0,0,0,0,0,0,10.600000000000023,68065.2
L,297,307.6,1513,42.4,124,0,0,0,0,0,0,10.600000000000023,64151.2
L,297,307.7,1502,39.4,126,0,0,0,0,0,0,10.699999999999989,59178.799999999996
L,297,307.7,1315,60.1,128,0,0,0,0,0,0,10.699999999999989,79031.5
M,297,307.7,1261,51.1,130,0,0,0,0,0,0,10.699999999999989,64437.1
L,297.1,307.8,1406,60.4,133,0,0,0,0,0,0,10.699999999999989,84922.4
L,297.1,307.8,1584,42.3,135,0,0,0,0,0,0,10.699999999999989,67003.2
M,297.1,307.8,1443,43.9,137,0,0,0,0,0,0,10.699999999999989,63347.7
L,297.2,307.9,1580,35.8,140,0,0,0,0,0,0,10.699999999999989,56563.99999999999
L,297.2,307.9,1825,24.6,142,0,0,0,0,0,0,10.699999999999989,44895
L,297.2,307.9,1469,48.2,144,0,0,0,0,0,0,10.699999999999989,70805.8
L,297.2,307.9,1493,38.4,146,0,0,0,0,0,0,10.699999999999989,57331.2
M,297.3,308,1598,29.4,148,0,0,0,0,0,0,10.699999999999989,46981.2
H,297.2,307.9,1450,37.2,151,0,0,0,0,0,0,10.699999999999989,53940.00000000001
M,297.2,307.9,1632,37.5,156,0,0,0,0,0,0,10.699999999999989,61200
M,297.1,307.9,1980,20.3,159,0,0,0,0,0,0,10.799999999999955,40194
L,297.2,308,1474,43.7,162,0,0,0,0,0,0,10.800000000000011,64413.8
L,297.2,307.9,1540,37.1,164,0,0,0,0,0,0,10.699999999999989,57134
M,297.1,307.9,1609,38.9,166,0,0,0,0,0,0,10.799999999999955,62590.1
L,297.1,308,1467,42.8,169,0,0,0,0,0,0,10.899999999999977,62787.6
L,297.1,307.9,1492,39.4,171,0,0,0,0,0,0,10.799999999999955,58784.799999999996
L,297,307.9,1493,46.1,173,0,0,0,0,0,0,10.899999999999977,68827.3
L,297,307.8,1500,39.9,175,0,0,0,0,0,0,10.800000000000011,59850
L,297.1,307.8,1477,36.6,177,0,0,0,0,0,0,10.699999999999989,54058.200000000004
L,297.1,307.9,1342,49.1,179,0,0,0,0,0,0,10.799999999999955,65892.2
M,297.1,307.8,1538,34.3,181,0,0,0,0,0,0,10.699999999999989,52753.399999999994
L,297.2,307.9,1337,58.1,184,0,0,0,0,0,0,10.699999999999989,77679.7
L,297.3,307.9,1417,41.8,186,0,0,0,0,0,0,10.599999999999966,59230.6
L,297.4,308,1383,46.2,188,0,0,0,0,0,0,10.600000000000023,63894.600000000006
M,297.4,308,1440,42.4,190,0,0,0,0,0,0,10.600000000000023,61056
L,297.3,307.9,1579,34.4,193,0,0,0,0,0,0,10.599999999999966,54317.6
L,297.2,307.9,1441,40,195,0,0,0,0,0,0,10.699999999999989,57640
M,297.2,307.9,1530,35.9,197,0,0,0,0,0,0,10.699999999999989,54927
L,297.2,308,1705,26,200,0,0,0,0,0,0,10.800000000000011,44330
H,297.2,308,1435,43,202,0,0,0,0,0,0,10.800000000000011,61705
M,297.2,308.1,1340,61.3,207,1,0,0,0,1,0,10.900000000000034,82142
L,297.2,308.1,1431,49.7,210,1,0,0,0,0,0,10.900000000000034,71120.7
L,297.3,308.2,1396,52.7,212,1,0,0,0,1,0,10.899999999999977,73569.2
M,297.3,308.1,1369,52,214,0,0,0,0,0,0,10.800000000000011,71188
L,297.3,308.1,1615,35.4,217,1,1,0,0,0,0,10.800000000000011,57171
L,297.2,308.1,1662,31.3,0,0,0,0,0,0,0,10.900000000000034,52020.6
L,297.3,308.2,1553,33.5,2,0,0,0,0,0,0,10.899999999999977,52025.5
M,297.4,308.2,1536,34.6,4,0,0,0,0,0,0,10.800000000000011,53145.600000000006
L,297.4,308.3,1548,46.6,7,0,0,0,0,0,0,10.900000000000034,72136.8
L,297.4,308.3,1706,30.9,9,0,0,0,0,0,0,10.900000000000034,52715.399999999994
L,297.4,308.3,1366,45.5,11,0,0,0,0,0,0,10.900000000000034,62153
L,297.5,308.4,1440,35.9,13,0,0,0,0,0,0,10.899999999999977,51696
M,297.5,308.4,1685,28.1,15,0,0,0,0,0,0,10.899999999999977,47348.5
M,297.4,308.3,1444,44,18,0,0,0,0,0,0,10.900000000000034,63536
L,297.4,308.3,1395,48.7,21,0,0,0,0,0,0,10.900000000000034,67936.5
L,297.4,308.3,1483,38.8,23,0,0,0,0,0,0,10.900000000000034,57540.399999999994
M,297.5,308.4,1403,44.3,25,0,0,0,0,0,0,10.899999999999977,62152.899999999994
H,297.5,308.4,1793,23.9,28,0,0,0,0,0,0,10.899999999999977,42852.7
L,297.4,308.3,1723,28.8,33,0,0,0,0,0,0,10.900000000000034,49622.4
L,297.4,308.2,1386,41,35,0,0,0,0,0,0,10.800000000000011,56826
H,297.4,308.2,1585,46.2,37,0,0,0,0,0,0,10.800000000000011,73227
M,297.3,308.1,1731,27.7,42,0,0,0,0,0,0,10.800000000000011,47948.7
L,297.3,308.3,1519,37.7,45,0,0,0,0,0,0,11,57266.3
L,297.3,308.2,1896,24.4,47,0,0,0,0,0,0,10.899999999999977,46262.399999999994
L,297.3,308.3,2358,14.9,49,0,0,0,0,0,0,11,35134.200000000004
M,297.3,308.3,1341,51.9,51,0,0,0,0,0,0,11,69597.9
L,297.3,308.3,1550,37,54,0,0,0,0,0,0,11,57350
L,297.3,308.3,1309,61.5,56,0,0,0,0,0,0,11,80503.5
M,297.3,308.4,1599,32.9,58,0,0,0,0,0,0,11.099999999999966,52607.1
L,297.4,308.4,1343,40,61,0,0,0,0,0,0,11,53720
L,297.4,308.4,1378,39.9,63,0,0,0,0,0,0,11,54982.2
L,297.4,308.4,1603,34.6,65,0,0,0,0,0,0,11,55463.8
L,297.4,308.4,1664,28.1,67,0,0,0,0,0,0,11,46758.4
L,297.3,308.4,1488,37.4,69,0,0,0,0,0,0,11.099999999999966,55651.2
M,297.3,308.4,1370,50.5,71,0,0,0,0,0,0,11.099999999999966,69185
L,297.3,308.5,1545,34.3,74,0,0,0,0,0,0,11.199999999999989,52993.49999999999
M,297.4,308.5,1566,31.4,76,0,0,0,0,0,0,11.100000000000023,49172.399999999994
L,297.4,308.6,1820,24.6,79,0,0,0,0,0,0,11.200000000000045,44772
M,297.4,308.6,1901,22.1,81,0,0,0,0,0,0,11.200000000000045,42012.100000000006
M,297.4,308.5,1638,32.2,84,0,0,0,0,0,0,11.100000000000023,52743.600000000006
M,297.3,308.4,1521,38.2,87,0,0,0,0,0,0,11.099999999999966,58102.200000000004
H,297.3,308.4,1864,23.1,90,0,0,0,0,0,0,11.099999999999966,43058.4
L,297.3,308.3,1430,41.9,95,0,0,0,0,0,0,11,59917
M,297.3,308.4,1686,34.5,97,0,0,0,0,0,0,11.099999999999966,58167
M,297.2,308.3,1326,57.2,100,0,0,0,0,0,0,11.100000000000023,75847.2
L,297.2,308.3,1805,25.6,103,0,0,0,0,0,0,11.100000000000023,46208
H,297.2,308.3,1453,45.8,105,0,0,0,0,0,0,11.100000000000023,66547.4
M,297.2,308.4,1863,26,110,0,0,0,0,0,0,11.199999999999989,48438
L,297.2,308.3,1576,35.3,113,0,0,0,0,0,0,11.100000000000023,55632.799999999996
L,297.2,308.3,1419,39.7,115,0,0,0,0,0,0,11.100000000000023,56334.3
L,297.2,308.4,1833,25.2,117,0,0,0,0,0,0,11.199999999999989,46191.6
H,297.2,308.4,2182,17.3,119,0,0,0,0,0,0,11.199999999999989,37748.6
L,297.2,308.3,1656,30.3,124,0,0,0,0,0,0,11.100000000000023,50176.8
L,297.1,308.2,1351,56.6,126,0,0,0,0,0,0,11.099999999999966,76466.6
H,297.1,308.2,1790,30.3,128,0,0,0,0,0,0,11.099999999999966,54237
M,297.2,308.2,1678,28.1,133,0,0,0,0,0,0,11,47151.8
L,297.1,308.2,1427,45.2,136,0,0,0,0,0,0,11.099999999999966,64500.4
L,297,308.1,1429,54,138,0,0,0,0,0,0,11.100000000000023,77166
H,297.2,308.1,1770,27.2,140,0,0,0,0,0,0,10.900000000000034,48144
L,297.2,308.1,1689,31.2,145,0,0,0,0,0,0,10.900000000000034,52696.799999999996
M,297.2,308.1,1554,41.3,147,0,0,0,0,0,0,10.900000000000034,64180.2
L,297.3,308.1,1506,36,150,0,0,0,0,0,0,10.800000000000011,54216
L,297.2,308.1,1474,44.3,152,0,0,0,0,0,0,10.900000000000034,65298.2
L,297.3,308.1,1762,26.1,154,0,0,0,0,0,0,10.800000000000011,45988.200000000004
L,297.3,308.1,1566,35.7,156,0,0,0,0,0,0,10.800000000000011,55906.200000000004
H,297.3,308.1,1554,42.4,158,0,0,0,0,0,0,10.800000000000011,65889.59999999999
L,297.2,308,1869,25.4,163,0,0,0,0,0,0,10.800000000000011,47472.6
L,297.3,308,1527,35.1,165,0,0,0,0,0,0,10.699999999999989,53597.700000000004
L,297.2,307.9,1309,49.6,167,0,0,0,0,0,0,10.699999999999989,64926.4
M,297.2,307.9,1541,35.7,169,0,0,0,0,0,0,10.699999999999989,55013.700000000004
L,297.2,307.9,1326,75.4,172,1,0,0,1,1,0,10.699999999999989,99980.40000000001
H,297.1,307.9,1365,54,174,0,0,0,0,0,0,10.799999999999955,73710
L,297.1,307.8,1428,43.7,179,0,0,0,0,0,0,10.699999999999989,62403.600000000006
L,297.1,307.8,1681,27.6,181,0,0,0,0,0,0,10.699999999999989,46395.600000000006
M,297.1,307.9,1662,26.9,183,0,0,0,0,0,0,10.799999999999955,44707.799999999996
L,297.2,307.9,1989,20.3,186,0,0,0,0,0,0,10.699999999999989,40376.700000000004
M,297.2,307.9,1747,29,188,0,0,0,0,0,0,10.699999999999989,50663
M,297.2,308,1765,31.1,191,0,0,0,0,0,0,10.800000000000011,54891.5
L,297.3,308.1,1568,34.4,194,0,0,0,0,0,0,10.800000000000011,53939.2
M,297.3,308.1,1709,30.6,196,0,0,0,0,0,0,10.800000000000011,52295.4
M,297.3,308.1,1370,58.8,199,0,0,0,0,0,0,10.800000000000011,80556
L,297.3,308.1,1458,45.7,202,0,0,0,0,0,0,10.800000000000011,66630.6
L,297.2,308.1,1712,30.9,204,0,0,0,0,0,0,10.900000000000034,52900.799999999996
L,297.3,308.1,1642,36.9,206,0,0,0,0,0,0,10.800000000000011,60589.799999999996
L,297.3,308.1,1468,49.8,0,0,0,0,0,0,0,10.800000000000011,73106.4
H,297.3,308.1,1477,52.3,2,0,0,0,0,0,0,10.800000000000011,77247.09999999999
L,297.3,308.2,1446,53.5,7,0,0,0,0,0,0,10.899999999999977,77361
H,297.3,308.2,1653,31.4,9,0,0,0,0,0,0,10.899999999999977,51904.2
L,297.3,308.3,1494,38.2,14,0,0,0,0,0,0,11,57070.8
L,297.3,308.2,1490,41,16,0,0,0,0,0,0,10.899999999999977,61090
M,297.4,308.3,1550,47.8,18,0,0,0,0,0,0,10.900000000000034,74090
M,297.3,308.2,1677,34.9,21,0,0,0,0,0,0,10.899999999999977,58527.299999999996
L,297.4,308.3,1854,21.8,24,0,0,0,0,0,0,10.900000000000034,40417.200000000004
M,297.5,308.5,1662,30.3,26,0,0,0,0,0,0,11,50358.6
M,297.5,308.6,1440,38.8,29,0,0,0,0,0,0,11.100000000000023,55871.99999999999
L,297.5,308.6,1513,39.7,32,0,0,0,0,0,0,11.100000000000023,60066.100000000006
M,297.6,308.6,1389,49,34,0,0,0,0,0,0,11,68061
L,297.6,308.6,1351,51,37,0,0,0,0,0,0,11,68901
M,297.6,308.6,1482,38.3,39,0,0,0,0,0,0,11,56760.6
L,297.6,308.6,1744,28.5,42,0,0,0,0,0,0,11,49704
L,297.6,308.7,1476,39,44,0,0,0,0,0,0,11.099999999999966,57564
M,297.6,308.6,1444,48.2,46,0,0,0,0,0,0,11,69600.8
H,297.6,308.7,1659,32.1,49,0,0,0,0,0,0,11.099999999999966,53253.9
M,297.6,308.7,1475,46.6,54,0,0,0,0,0,0,11.099999999999966,68735
L,297.6,308.6,1526,42.1,57,0,0,0,0,0,0,11,64244.6
M,297.4,308.4,1675,29.5,59,0,0,0,0,0,0,11,49412.5
L,297.4,308.4,1525,38.7,62,0,0,0,0,0,0,11,59017.50000000001
L,297.3,308.3,1396,45.9,64,0,0,0,0,0,0,11,64076.4
L,297.4,308.4,1580,41.2,66,0,0,0,0,0,0,11,65096.00000000001
L,297.4,308.5,1462,42.8,68,0,0,0,0,0,0,11.100000000000023,62573.6
L,297.4,308.4,1426,50.4,70,0,0,0,0,0,0,11,71870.4
L,297.4,308.5,1569,34.2,72,0,0,0,0,0,0,11.100000000000023,53659.8
L,297.4,308.5,1477,40.7,74,0,0,0,0,0,0,11.100000000000023,60113.9
L,297.4,308.5,1761,27.2,76,0,0,0,0,0,0,11.100000000000023,47899.2
M,297.5,308.6,1486,45.9,78,0,0,0,0,0,0,11.100000000000023,68207.4
L,297.6,308.6,1664,30.1,81,0,0,0,0,0,0,11,50086.4
L,297.6,308.6,1576,32.7,83,0,0,0,0,0,0,11,51535.200000000004
H,297.6,308.6,1463,46.7,85,0,0,0,0,0,0,11,68322.1
M,297.6,308.6,1585,42,90,0,0,0,0,0,0,11,66570
L,297.7,308.7,1479,45.7,93,0,0,0,0,0,0,11,67590.3
L,297.7,308.7,1449,40.2,95,0,0,0,0,0,0,11,58249.8
H,297.7,308.8,1404,50.3,97,0,0,0,0,0,0,11.100000000000023,70621.2
L,297.7,308.7,1694,29.1,102,0,0,0,0,0,0,11,49295.4
L,297.7,308.7,1731,28.4,104,0,0,0,0,0,0,11,49160.399999999994
L,297.6,308.6,1522,37,106,0,0,0,0,0,0,11,56314
L,297.5,308.5,1536,36.9,108,0,0,0,0,0,0,11,56678.399999999994
L,297.5,308.5,1373,39.9,110,0,0,0,0,0,0,11,54782.7
L,297.5,308.5,1597,36.4,112,0,0,0,0,0,0,11,58130.799999999996
L,297.6,308.5,1678,34.2,114,0,0,0,0,0,0,10.899999999999977,57387.600000000006
L,297.6,308.5,1452,42.6,116,0,0,0,0,0,0,10.899999999999977,61855.200000000004
M,297.5,308.5,1447,41.6,118,0,0,0,0,0,0,11,60195.200000000004
L,297.6,308.5,1574,37.1,121,0,0,0,0,0,0,10.899999999999977,58395.4
L,297.6,308.6,1528,40,123,0,0,0,0,0,0,11,61120
L,297.7,308.7,1688,27.2,125,0,0,0,0,0,0,11,45913.6
L,297.6,308.6,1393,40.4,127,0,0,0,0,0,0,11,56277.2
M,297.5,308.6,1429,50.5,129,0,0,0,0,0,0,11.100000000000023,72164.5
M,297.5,308.6,1347,57,132,0,0,0,0,0,0,11.100000000000023,76779
L,297.6,308.6,1553,40.5,135,0,0,0,0,0,0,11,62896.5
L,297.5,308.6,1260,53.6,137,0,0,0,0,0,0,11.100000000000023,67536
L,297.5,308.6,1546,33.8,139,0,0,0,0,0,0,11.100000000000023,52254.799999999996
L,297.5,308.6,1596,36,141,0,0,0,0,0,0,11.100000000000023,57456
L,297.5,308.5,1340,57.4,143,0,0,0,0,0,0,11,76916
M,297.5,308.4,1369,54.8,145,0,0,0,0,0,0,10.899999999999977,75021.2
L,297.5,308.5,1462,52.3,148,0,0,0,0,0,0,11,76462.59999999999
H,297.4,308.4,1487,46.2,150,0,0,0,0,0,0,11,68699.40000000001
M,297.5,308.6,1510,35.5,155,0,0,0,0,0,0,11.100000000000023,53605
H,297.5,308.5,1671,28,158,0,0,0,0,0,0,11,46788
M,297.5,308.5,1612,30,163,0,0,0,0,0,0,11,48360
M,297.6,308.6,1509,39.7,166,0,0,0,0,0,0,11,59907.3
L,297.6,308.6,1415,47.3,169,0,0,0,0,0,0,11,66929.5
L,297.6,308.6,2384,14.4,171,0,0,0,0,0,0,11,34329.6
L,297.6,308.6,1326,62.4,173,0,0,0,0,0,0,11,82742.4
M,297.6,308.6,1390,53.4,175,0,0,0,0,0,0,11,74226
M,297.6,308.7,1392,41.2,178,0,0,0,0,0,0,11.099999999999966,57350.4
H,297.6,308.8,1385,44.4,181,0,0,0,0,0,0,11.199999999999989,61494
L,297.7,308.8,1896,24.5,186,0,0,0,0,0,0,11.100000000000023,46452
L,297.7,308.7,1474,46.8,188,0,0,0,0,0,0,11,68983.2
M,297.7,308.8,1388,45.6,190,0,0,0,0,0,0,11.100000000000023,63292.8
L,297.7,308.9,1715,27.2,193,0,0,0,0,0,0,11.199999999999989,46648
H,297.8,308.9,1650,32.2,195,0,0,0,0,0,0,11.099999999999966,53130.00000000001
L,297.8,308.9,1871,25.6,200,1,1,0,0,0,0,11.099999999999966,47897.600000000006
L,297.8,309,1403,64.2,0,1,0,0,1,0,0,11.199999999999989,90072.6
L,297.8,308.9,1518,40.4,2,0,0,0,0,0,0,11.099999999999966,61327.2
L,297.9,309.1,1504,43,4,0,0,0,0,0,0,11.200000000000045,64672
L,297.8,309,1340,56.9,6,0,0,0,0,0,0,11.199999999999989,76246
H,297.9,309.1,1435,44.7,8,0,0,0,0,0,0,11.200000000000045,64144.50000000001
L,297.9,309.1,1507,36.9,13,0,0,0,0,0,0,11.200000000000045,55608.299999999996
L,297.9,309.1,1521,36.1,15,0,0,0,0,0,0,11.200000000000045,54908.1
M,297.8,309,1576,45,17,0,0,0,0,0,0,11.199999999999989,70920
L,297.9,309.1,1543,36.6,20,0,0,0,0,0,0,11.200000000000045,56473.8
L,298,309.2,1665,36.6,22,0,0,0,0,0,0,11.199999999999989,60939
L,297.9,309.1,1442,50.3,24,0,0,0,0,0,0,11.200000000000045,72532.59999999999
L,297.9,309,1629,29,26,0,0,0,0,0,0,11.100000000000023,47241
L,297.9,309,1379,47.3,28,0,0,0,0,0,0,11.100000000000023,65226.7
L,297.9,309,1502,40.2,30,0,0,0,0,0,0,11.100000000000023,60380.4
L,297.9,309.1,1595,32,32,0,0,0,0,0,0,11.200000000000045,51040
M,298,309,1439,38.5,34,0,0,0,0,0,0,11,55401.5
M,297.9,309,1970,21.6,37,0,0,0,0,0,0,11.100000000000023,42552
L,297.9,309,1562,35.8,40,0,0,0,0,0,0,11.100000000000023,55919.6
M,297.9,309,1530,40.9,42,0,0,0,0,0,0,11.100000000000023,62577
L,297.9,308.9,1393,40.6,45,0,0,0,0,0,0,11,56555.8
L,297.9,309,1532,37.6,47,0,0,0,0,0,0,11.100000000000023,57603.200000000004
L,298,308.9,1607,37.7,49,0,0,0,0,0,0,10.899999999999977,60583.9
M,297.9,308.8,1469,49,51,0,0,0,0,0,0,10.900000000000034,71981
M,297.9,308.8,1538,37.6,54,0,0,0,0,0,0,10.900000000000034,57828.8
L,297.9,308.8,1613,31.4,57,0,0,0,0,0,0,10.900000000000034,50648.2
M,297.9,308.8,1602,32.1,59,0,0,0,0,0,0,10.900000000000034,51424.200000000004
L,297.8,308.7,1404,44.2,62,0,0,0,0,0,0,10.899999999999977,62056.8
L,297.8,308.8,1548,36.9,64,0,0,0,0,0,0,11,57121.2
L,297.8,308.8,1559,35.2,66,0,0,0,0,0,0,11,54876.8
L,297.8,308.8,1621,36.1,68,0,0,0,0,0,0,11,58518.100000000006
L,297.8,308.8,1579,32.9,70,0,0,0,0,0,0,11,51949.1
M,297.9,308.9,1547,44,72,0,0,0,0,0,0,11,68068
L,297.9,308.8,1386,48.6,75,0,0,0,0,0,0,10.900000000000034,67359.6
L,298,308.9,1406,40.9,77,0,0,0,0,0,0,10.899999999999977,57505.4
M,298,309,1393,55.9,79,0,0,0,0,0,0,11,77868.7
M,297.9,309,2456,13.9,82,0,0,0,0,0,0,11.100000000000023,34138.4
M,298,309,1409,49.1,85,0,0,0,0,0,0,11,69181.90000000001
L,298,308.9,1390,53.9,88,0,0,0,0,0,0,10.899999999999977,74921
L,298,309,1679,32.4,90,0,0,0,0,0,0,11,54399.6
L,298,308.9,1508,37.1,92,0,0,0,0,0,0,10.899999999999977,55946.8
L,297.9,308.8,1681,31.7,94,0,0,0,0,0,0,10.900000000000034,53287.7
H,297.7,308.8,1469,43.7,96,0,0,0,0,0,0,11.100000000000023,64195.3
L,297.8,308.8,1421,49.6,101,0,0,0,0,0,0,11,70481.6
L,297.7,308.8,1354,50.2,103,0,0,0,0,0,0,11.100000000000023,67970.8
M,297.7,308.8,1350,57,105,0,0,0,0,0,0,11.100000000000023,76950
L,297.8,308.9,1282,58.1,108,0,0,0,0,0,0,11.099999999999966,74484.2
M,297.8,309,1675,30,110,0,0,0,0,0,0,11.199999999999989,50250
M,297.9,309,1525,38.5,113,0,0,0,0,0,0,11.100000000000023,58712.5
L,297.9,309,1382,43.9,116,0,0,0,0,0,0,11.100000000000023,60669.799999999996
L,297.9,309,1450,46.8,118,0,0,0,0,0,0,11.100000000000023,67860
L,298,309.1,1820,23.6,120,0,0,0,0,0,0,11.100000000000023,42952
L,298,309.1,1822,23.5,122,0,0,0,0,0,0,11.100000000000023,42817
L,298,309.1,1473,44.3,124,0,0,0,0,0,0,11.100000000000023,65253.899999999994
M,298.1,309.1,1572,37.5,126,0,0,0,0,0,0,11,58950
M,298.1,309,2042,17.8,129,0,0,0,0,0,0,10.899999999999977,36347.6
L,298.2,309.2,1922,22.6,132,0,0,0,0,0,0,11,43437.200000000004
L,298.2,309.1,1539,36.5,134,0,0,0,0,0,0,10.900000000000034,56173.5
L,298.2,309.1,1350,52,136,0,0,0,0,0,0,10.900000000000034,70200
L,298.3,309.1,1403,45.1,138,0,0,0,0,0,0,10.800000000000011,63275.3
L,298.3,309.1,1904,20.3,140,0,0,0,0,0,0,10.800000000000011,38651.200000000004
M,298.2,308.9,1592,35.2,142,0,0,0,0,0,0,10.699999999999989,56038.4
L,298.1,308.7,1556,31.6,145,0,0,0,0,0,0,10.599999999999966,49169.600000000006
M,298.1,308.8,1811,25.4,147,0,0,0,0,0,0,10.699999999999989,45999.399999999994
M,298.2,308.8,1456,41.2,150,0,0,0,0,0,0,10.600000000000023,59987.200000000004
H,298.2,308.8,1436,51.9,153,0,0,0,0,0,0,10.600000000000023,74528.4
M,298.1,308.7,1362,49.6,158,0,0,0,0,0,0,10.599999999999966,67555.2
L,298.1,308.7,1683,29.1,161,0,0,0,0,0,0,10.599999999999966,48975.3
M,298.2,308.7,1269,60.9,163,0,0,0,0,0,0,10.5,77282.09999999999
L,298.3,308.8,1454,49,166,0,0,0,0,0,0,10.5,71246
L,298.3,308.8,1767,27.3,168,0,0,0,0,0,0,10.5,48239.1
L,298.3,308.9,1708,27.3,170,0,0,0,0,0,0,10.599999999999966,46628.4
L,298.3,308.9,1862,27,172,0,0,0,0,0,0,10.599999999999966,50274
L,298.3,308.9,1695,30.7,174,0,0,0,0,0,0,10.599999999999966,52036.5
M,298.3,309.1,1488,40.6,176,0,0,0,0,0,0,10.800000000000011,60412.8
L,298.3,309,1657,32.2,179,0,0,0,0,0,0,10.699999999999989,53355.4
H,298.3,309,1823,25.9,181,0,0,0,0,0,0,10.699999999999989,47215.7
M,298.2,309.1,1651,28.8,186,0,0,0,0,0,0,10.900000000000034,47548.8
M,298.1,309,1533,36.1,189,0,0,0,0,0,0,10.899999999999977,55341.3
M,298.2,309,1508,40.5,192,0,0,0,0,0,0,10.800000000000011,61074
L,298.3,309.1,1616,31.1,195,0,0,0,0,0,0,10.800000000000011,50257.600000000006
L,298.2,309,1651,31.5,197,0,0,0,0,0,0,10.800000000000011,52006.5
L,298.2,309.1,1569,35.2,199,0,0,0,0,0,0,10.900000000000034,55228.8
M,298.3,309.1,1296,58.7,201,0,0,0,0,0,0,10.800000000000011,76075.2
H,298.3,309,1379,43.2,0,0,0,0,0,0,0,10.699999999999989,59572.8
M,298.2,309,1694,28,5,0,0,0,0,0,0,10.800000000000011,47432
L,298.2,309,1377,57.8,8,0,0,0,0,0,0,10.800000000000011,79590.59999999999
H,298.3,309,1470,38.4,10,0,0,0,0,0,0,10.699999999999989,56448
M,298.3,309.1,1404,47,15,0,0,0,0,0,0,10.800000000000011,65988
L,298.3,309.1,1593,40.1,18,0,0,0,0,0,0,10.800000000000011,63879.3
M,298.3,309,1526,36.9,20,0,0,0,0,0,0,10.699999999999989,56309.4
M,298.3,308.9,1390,49.7,23,0,0,0,0,0,0,10.599999999999966,69083
L,298.2,308.9,1737,25.5,26,0,0,0,0,0,0,10.699999999999989,44293.5
L,298.2,308.8,1362,57.3,28,0,0,0,0,0,0,10.600000000000023,78042.59999999999
L,298.2,308.8,1666,31.5,30,0,0,0,0,0,0,10.600000000000023,52479
L,298.2,308.8,1354,60.9,32,0,0,0,0,0,0,10.600000000000023,82458.59999999999
L,298.2,308.8,1302,60.4,34,0,0,0,0,0,0,10.600000000000023,78640.8
L,298.2,308.7,1991,20.5,36,0,0,0,0,0,0,10.5,40815.5
L,298.2,308.6,1353,54.1,38,0,0,0,0,0,0,10.400000000000034,73197.3
H,298.2,308.7,1520,35.7,40,0,0,0,0,0,0,10.5,54264.00000000001
L,298.2,308.7,1428,54.9,45,0,0,0,0,0,0,10.5,78397.2
L,298.2,308.7,1605,29.4,47,0,0,0,0,0,0,10.5,47187
L,298.1,308.7,1691,30.3,49,0,0,0,0,0,0,10.599999999999966,51237.3
L,298.2,308.7,1447,48.4,51,0,0,0,0,0,0,10.5,70034.8
H,298.2,308.8,1606,39.9,53,0,0,0,0,0,0,10.600000000000023,64079.399999999994
M,298.2,308.8,1645,28.2,58,0,0,0,0,0,0,10.600000000000023,46389
H,298.2,308.8,1470,43.3,61,0,0,0,0,0,0,10.600000000000023,63650.99999999999
L,298.2,308.9,1336,45,66,0,0,0,0,0,0,10.699999999999989,60120
M,298.2,308.9,1414,44.3,68,0,0,0,0,0,0,10.699999999999989,62640.2
M,298.3,309,1802,27.5,71,0,0,0,0,0,0,10.699999999999989,49555
L,298.2,308.9,1683,31.7,74,0,0,0,0,0,0,10.699999999999989,53351.1
M,298.2,309,1410,47.6,76,0,0,0,0,0,0,10.800000000000011,67116
L,298.2,308.9,1605,32,79,0,0,0,0,0,0,10.699999999999989,51360
L,298.2,308.9,1709,28.1,81,0,0,0,0,0,0,10.699999999999989,48022.9
L,298.2,308.9,1444,53.1,83,0,0,0,0,0,0,10.699999999999989,76676.40000000001
L,298.2,308.9,1367,45,85,0,0,0,0,0,0,10.699999999999989,61515
L,298.2,309,1418,44.2,87,0,0,0,0,0,0,10.800000000000011,62675.600000000006
L,298.2,309,1353,57.8,89,0,0,0,0,0,0,10.800000000000011,78203.4
L,298.2,309,1643,34.1,91,0,0,0,0,0,0,10.800000000000011,56026.3
L,298.3,309.1,1437,38,93,0,0,0,0,0,0,10.800000000000011,54606
L,298.1,309,1437,36.2,95,0,0,0,0,0,0,10.899999999999977,52019.4
M,298.2,309,1413,47.9,97,0,0,0,0,0,0,10.800000000000011,67682.7
H,298.2,309,1524,39.1,100,0,0,0,0,0,0,10.800000000000011,59588.4
M,298.1,308.9,1479,43.4,105,0,0,0,0,0,0,10.799999999999955,64188.6
L,298.1,308.9,1313,50.6,108,0,0,0,0,0,0,10.799999999999955,66437.8
M,298.1,308.9,1335,50.4,110,0,0,0,0,0,0,10.799999999999955,67284
L,298.1,308.9,1367,41.9,113,0,0,0,0,0,0,10.799999999999955,57277.299999999996
M,298.1,308.9,1459,50.3,115,0,0,0,0,0,0,10.799999999999955,73387.7
M,298.1,308.9,1804,25.1,118,0,0,0,0,0,0,10.799999999999955,45280.4
L,298.2,309,1491,38.3,121,0,0,0,0,0,0,10.800000000000011,57105.299999999996
L,298.3,309.1,1537,43,123,0,0,0,0,0,0,10.800000000000011,66091
H,298.3,309.1,1646,30.2,125,0,0,0,0,0,0,10.800000000000011,49709.2
M,298.3,309.2,1783,28.3,130,0,0,0,0,0,0,10.899999999999977,50458.9
L,298.3,309.1,1395,49.8,133,0,0,0,0,0,0,10.800000000000011,69471
L,298.4,309.1,1423,48,135,0,0,0,0,0,0,10.700000000000045,68304
L,298.3,309.2,1562,37.6,137,0,0,0,0,0,0,10.899999999999977,58731.200000000004
L,298.4,309.3,1549,40.8,139,0,0,0,0,0,0,10.900000000000034,63199.2
L,298.4,309.4,1540,43.2,141,0,0,0,0,0,0,11,66528
H,298.5,309.4,1573,33.6,143,0,0,0,0,0,0,10.899999999999977,52852.8
L,298.5,309.4,1418,45.1,148,0,0,0,0,0,0,10.899999999999977,63951.8
M,298.5,309.4,1565,33.7,150,0,0,0,0,0,0,10.899999999999977,52740.50000000001
L,298.5,309.5,1569,41,153,0,0,0,0,0,0,11,64329
H,298.5,309.4,1417,41.2,155,0,0,0,0,0,0,10.899999999999977,58380.4
L,298.5,309.5,1480,38.1,160,0,0,0,0,0,0,11,56388
L,298.5,309.4,1364,44.5,162,0,0,0,0,0,0,10.899999999999977,60698
L,298.5,309.4,1911,21.5,164,0,0,0,0,0,0,10.899999999999977,41086.5
L,298.4,309.3,1409,43.1,166,0,0,0,0,0,0,10.900000000000034,60727.9
L,298.4,309.2,1335,53.5,168,0,0,0,0,0,0,10.800000000000011,71422.5
M,298.5,309.3,1512,38.1,170,0,0,0,0,0,0,10.800000000000011,57607.200000000004
L,298.6,309.4,1447,40.2,173,0,0,0,0,0,0,10.799999999999955,58169.4
L,298.6,309.3,1537,37.6,175,0,0,0,0,0,0,10.699999999999989,57791.200000000004
M,298.6,309.3,1510,40.8,177,0,0,0,0,0,0,10.699999999999989,61607.99999999999
L,298.6,309.3,1677,31.2,180,0,0,0,0,0,0,10.699999999999989,52322.4
L,298.5,309.2,1504,33.7,182,0,0,0,0,0,0,10.699999999999989,50684.8
H,298.5,309.1,2051,19,184,0,0,0,0,0,0,10.600000000000023,38969
L,298.5,309.1,1474,41.3,189,0,0,0,0,0,0,10.600000000000023,60876.2
M,298.4,309,1507,36.1,191,0,0,0,0,0,0,10.600000000000023,54402.700000000004
L,298.4,308.9,1496,37.9,194,0,0,0,0,0,0,10.5,56698.4
M,298.5,309,1921,22,196,0,0,0,0,0,0,10.5,42262
L,298.5,309,1450,40.5,199,0,0,0,0,0,0,10.5,58725
L,298.4,308.9,1402,44.8,201,0,0,0,0,0,0,10.5,62809.6
L,298.4,308.9,1501,50,203,0,0,0,0,0,0,10.5,75050
L,298.5,308.9,1725,31.9,205,0,0,0,0,0,0,10.399999999999977,55027.5
H,298.5,308.9,1500,40.3,207,0,0,0,0,0,0,10.399999999999977,60449.99999999999
H,298.5,309,1531,30.8,212,0,0,0,0,0,0,10.5,47154.8
L,298.5,309,1458,44.8,217,0,0,0,0,0,0,10.5,65318.399999999994
H,298.4,308.9,1577,37.1,0,0,0,0,0,0,0,10.5,58506.700000000004
M,298.3,308.9,1363,46.1,5,0,0,0,0,0,0,10.599999999999966,62834.3
H,298.3,308.9,1706,31.8,8,0,0,0,0,0,0,10.599999999999966,54250.8
M,298.3,308.8,1391,50.4,13,0,0,0,0,0,0,10.5,70106.4
L,298.2,308.8,1616,33.7,16,0,0,0,0,0,0,10.600000000000023,54459.200000000004
L,298.2,308.8,1442,47,18,0,0,0,0,0,0,10.600000000000023,67774
M,298.2,308.8,1626,40.4,20,0,0,0,0,0,0,10.600000000000023,65690.4
M,298.2,308.7,1426,42.6,23,0,0,0,0,0,0,10.5,60747.6
L,298.2,308.7,1436,49.1,26,0,0,0,0,0,0,10.5,70507.6
M,298.2,308.7,1599,36.2,28,0,0,0,0,0,0,10.5,57883.8
L,298.2,308.7,2186,17.8,31,0,0,0,0,0,0,10.5,38910.8
L,298.3,308.8,1645,30.4,33,0,0,0,0,0,0,10.5,50008
L,298.2,308.7,1780,27.9,35,0,0,0,0,0,0,10.5,49662
L,298.2,308.8,1345,44.3,37,0,0,0,0,0,0,10.600000000000023,59583.49999999999
M,298.2,308.8,1607,31.9,39,0,0,0,0,0,0,10.600000000000023,51263.299999999996
L,298.3,308.9,1708,28,42,0,0,0,0,0,0,10.599999999999966,47824
L,298.3,308.9,1270,52.7,44,0,0,0,0,0,0,10.599999999999966,66929
M,298.3,308.9,1646,25.4,46,0,0,0,0,0,0,10.599999999999966,41808.399999999994
L,298.2,308.7,1407,45.1,49,0,0,0,0,0,0,10.5,63455.700000000004
M,298.1,308.7,1581,47.4,51,0,0,0,0,0,0,10.599999999999966,74939.4
L,298,308.6,1532,42.6,54,0,0,0,0,0,0,10.600000000000023,65263.200000000004
L,298,308.6,1610,33.1,56,0,0,0,0,0,0,10.600000000000023,53291
M,298,308.5,1682,33,58,0,0,0,0,0,0,10.5,55506
L,297.9,308.5,1519,34.3,61,0,0,0,0,0,0,10.600000000000023,52101.7
L,297.9,308.5,1683,28.5,63,0,0,0,0,0,0,10.600000000000023,47965.5
M,298,308.6,1254,55.8,65,0,0,0,0,0,0,10.600000000000023,69973.2
L,298,308.5,1461,48,68,0,0,0,0,0,0,10.5,70128
L,297.9,308.5,1472,45.1,70,0,0,0,0,0,0,10.600000000000023,66387.2
L,297.7,308.4,1510,38.6,72,0,0,0,0,0,0,10.699999999999989,58286
M,297.7,308.3,1547,36.8,74,0,0,0,0,0,0,10.600000000000023,56929.6
H,297.7,308.4,1418,51.9,77,0,0,0,0,0,0,10.699999999999989,73594.2
L,297.7,308.4,1289,51.3,82,0,0,0,0,0,0,10.699999999999989,66125.7
L,297.7,308.4,1487,41.4,84,0,0,0,0,0,0,10.699999999999989,61561.799999999996
L,297.7,308.5,1453,45.5,86,0,0,0,0,0,0,10.800000000000011,66111.5
M,297.8,308.5,1466,44.7,88,0,0,0,0,0,0,10.699999999999989,65530.200000000004
H,297.7,308.4,1288,49.5,91,0,0,0,0,0,0,10.699999999999989,63756
H,297.7,308.4,1738,27.7,96,0,0,0,0,0,0,10.699999999999989,48142.6
H,297.7,308.3,1488,41,101,0,0,0,0,0,0,10.600000000000023,61008
L,297.6,308.3,1816,28.8,106,0,0,0,0,0,0,10.699999999999989,52300.8
L,297.5,308.2,1419,48.5,108,0,0,0,0,0,0,10.699999999999989,68821.5
L,297.4,308.1,1435,45.7,110,0,0,0,0,0,0,10.700000000000045,65579.5
M,297.5,308.1,1480,42.4,112,0,0,0,0,0,0,10.600000000000023,62752
L,297.5,308.2,1610,33.6,115,0,0,0,0,0,0,10.699999999999989,54096
H,297.5,308.1,1548,38.2,117,0,0,0,0,0,0,10.600000000000023,59133.600000000006
M,297.6,308.1,1379,57.4,122,0,0,0,0,0,0,10.5,79154.59999999999
M,297.5,308.1,1907,23.5,125,0,0,0,0,0,0,10.600000000000023,44814.5
M,297.5,308,2033,16.7,128,0,0,0,0,0,0,10.5,33951.1
H,297.4,307.9,1390,52,131,0,0,0,0,0,0,10.5,72280
M,297.5,307.9,1544,37.9,136,0,0,0,0,0,0,10.399999999999977,58517.6
L,297.6,308,1258,57.4,139,0,0,0,0,0,0,10.399999999999977,72209.2
M,297.5,308,1560,39,141,0,0,0,0,0,0,10.5,60840
H,297.6,308.2,2071,18.5,144,0,0,0,0,0,0,10.599999999999966,38313.5
L,297.6,308.1,1437,46.3,149,0,0,0,0,0,0,10.5,66533.09999999999
H,297.7,308.2,1489,43,151,0,0,0,0,0,0,10.5,64027
L,297.7,308.2,1334,53,156,0,0,0,0,0,0,10.5,70702
L,297.7,308.2,1500,39.9,158,0,0,0,0,0,0,10.5,59850
L,297.8,308.3,1498,47.3,160,0,0,0,0,0,0,10.5,70855.4
M,297.7,308.2,1370,53.4,162,0,0,0,0,0,0,10.5,73158
H,297.7,308.2,1526,40.1,165,0,0,0,0,0,0,10.5,61192.6
L,297.8,308.3,1477,44.8,170,0,0,0,0,0,0,10.5,66169.59999999999
L,297.7,308.2,1446,43.9,172,0,0,0,0,0,0,10.5,63479.4
M,297.7,308.2,1720,25.6,174,0,0,0,0,0,0,10.5,44032
L,297.7,308.1,1734,30.7,177,0,0,0,0,0,0,10.400000000000034,53233.799999999996
L,297.7,308.1,1697,29.1,179,0,0,0,0,0,0,10.400000000000034,49382.700000000004
L,297.7,308.2,2007,19.3,181,0,0,0,0,0,0,10.5,38735.1
M,297.7,308.1,1469,48.8,183,0,0,0,0,0,0,10.400000000000034,71687.2
M,297.7,308.1,2189,15.6,186,0,0,0,0,0,0,10.400000000000034,34148.4
L,297.8,308.3,1435,50.1,189,0,0,0,0,0,0,10.5,71893.5
H,297.9,308.4,1637,34.5,191,0,0,0,0,0,0,10.5,56476.5
L,298,308.5,1664,28.3,196,0,0,0,0,0,0,10.5,47091.200000000004
M,298,308.5,1666,31,198,0,0,0,0,0,0,10.5,51646
L,298,308.5,1404,46.6,201,0,0,0,0,0,0,10.5,65426.4
L,298,308.5,1702,26.7,203,0,0,0,0,0,0,10.5,45443.4
L,298.1,308.6,1439,44.9,205,0,0,0,0,0,0,10.5,64611.1
L,298.1,308.6,1354,53.9,207,1,0,0,0,1,0,10.5,72980.59999999999
M,298.2,308.7,1361,44.2,0,0,0,0,0,0,0,10.5,60156.200000000004
M,298.1,308.5,1463,45.9,3,0,0,0,0,0,0,10.399999999999977,67151.7
H,298.1,308.4,1515,43.8,6,0,0,0,0,0,0,10.299999999999955,66357
L,298,308.4,1432,46.2,11,0,0,0,0,0,0,10.399999999999977,66158.40000000001
L,298,308.4,1911,22,13,0,0,0,0,0,0,10.399999999999977,42042
L,298,308.4,1472,42,15,0,0,0,0,0,0,10.399999999999977,61824
M,298.1,308.5,1382,54.5,17,0,0,0,0,0,0,10.399999999999977,75319
L,298.1,308.5,1665,29.6,20,0,0,0,0,0,0,10.399999999999977,49284
L,298.1,308.5,1676,30.5,22,0,0,0,0,0,0,10.399999999999977,51118
M,298,308.5,1585,33,24,0,0,0,0,0,0,10.5,52305
M,298.1,308.6,1415,46.3,27,0,0,0,0,0,0,10.5,65514.49999999999
L,298.1,308.7,1341,55.7,30,0,0,0,0,0,0,10.599999999999966,74693.7
L,298.2,308.8,1540,34.8,32,0,0,0,0,0,0,10.600000000000023,53591.99999999999
H,298.2,308.8,1837,28.4,34,0,0,0,0,0,0,10.600000000000023,52170.799999999996
L,298.2,308.8,1498,36,39,0,0,0,0,0,0,10.600000000000023,53928
L,298.1,308.7,1671,28.8,41,0,0,0,0,0,0,10.599999999999966,48124.8
L,298,308.6,1430,57,43,0,0,0,0,0,0,10.600000000000023,81510
L,298,308.7,1619,40.1,45,0,0,0,0,0,0,10.699999999999989,64921.9
M,298,308.7,1430,51.9,47,0,0,0,0,0,0,10.699999999999989,74217
L,298,308.6,1626,33.3,50,0,0,0,0,0,0,10.600000000000023,54145.799999999996
L,298,308.7,1443,49.3,52,0,0,0,0,0,0,10.699999999999989,71139.9
L,298,308.6,1481,42.5,54,0,0,0,0,0,0,10.600000000000023,62942.5
M,298.1,308.7,1527,43,56,0,0,0,0,0,0,10.599999999999966,65661
M,298.1,308.7,1315,56.8,59,0,0,0,0,0,0,10.599999999999966,74692
M,298.1,308.8,1433,48.2,62,0,0,0,0,0,0,10.699999999999989,69070.6
M,298.1,308.8,1378,53.5,65,0,0,0,0,0,0,10.699999999999989,73723
L,298.1,308.8,1432,43.4,68,0,0,0,0,0,0,10.699999999999989,62148.799999999996
M,298.1,308.8,1394,47.9,70,0,0,0,0,0,0,10.699999999999989,66772.59999999999
H,298,308.8,1411,53.8,73,0,0,0,0,0,0,10.800000000000011,75911.8
L,298.1,308.9,2136,15.9,78,0,0,0,0,0,0,10.799999999999955,33962.4
M,298.2,309,1446,45.8,80,0,0,0,0,0,0,10.800000000000011,66226.8
H,298.1,308.9,1388,53.5,83,0,0,0,0,0,0,10.799999999999955,74258
M,298.1,308.9,1323,51.7,88,0,0,0,0,0,0,10.799999999999955,68399.1
L,298.2,309,1780,29.3,91,0,0,0,0,0,0,10.800000000000011,52154
M,298.1,308.8,1434,41.8,93,0,0,0,0,0,0,10.699999999999989,59941.2
M,298,308.7,1494,42.6,96,0,0,0,0,0,0,10.699999999999989,63644.4
H,298,308.7,1536,39.6,99,0,0,0,0,0,0,10.699999999999989,60825.600000000006
M,298,308.7,1392,53.4,104,0,0,0,0,0,0,10.699999999999989,74332.8
H,298.2,309,1360,56.8,107,0,0,0,0,0,0,10.800000000000011,77248
L,298.4,309.2,1583,35.4,112,0,0,0,0,0,0,10.800000000000011,56038.2
L,298.5,309.2,1983,20.2,114,0,0,0,0,0,0,10.699999999999989,40056.6
L,298.5,309.3,1630,33.3,116,0,0,0,0,0,0,10.800000000000011,54278.99999999999
M,298.5,309.3,1692,26.7,118,0,0,0,0,0,0,10.800000000000011,45176.4
L,298.4,309.1,1417,40.6,121,0,0,0,0,0,0,10.700000000000045,57530.200000000004
L,298.4,309.1,1579,36.1,123,0,0,0,0,0,0,10.700000000000045,57001.9
M,298.4,309.2,1399,45.2,125,0,0,0,0,0,0,10.800000000000011,63234.8
M,298.4,309.2,1414,46.4,128,0,0,0,0,0,0,10.800000000000011,65609.59999999999
L,298.5,309.3,1570,40.1,131,0,0,0,0,0,0,10.800000000000011,62957
M,298.5,309.3,1552,36.8,133,0,0,0,0,0,0,10.800000000000011,57113.6
L,298.6,309.4,1440,48.2,136,0,0,0,0,0,0,10.799999999999955,69408
M,298.6,309.4,1460,43.8,138,0,0,0,0,0,0,10.799999999999955,63947.99999999999
L,298.6,309.4,1471,48,141,0,0,0,0,0,0,10.799999999999955,70608
L,298.6,309.3,1702,27.6,143,0,0,0,0,0,0,10.699999999999989,46975.200000000004
L,298.6,309.4,1375,55.4,145,0,0,0,0,0,0,10.799999999999955,76175
L,298.6,309.4,1698,33.2,147,0,0,0,0,0,0,10.799999999999955,56373.600000000006
H,298.6,309.4,1439,47.1,149,0,0,0,0,0,0,10.799999999999955,67776.90000000001
M,298.6,309.4,1774,27.5,154,0,0,0,0,0,0,10.799999999999955,48785
M,298.7,309.4,1375,48.3,157,0,0,0,0,0,0,10.699999999999989,66412.5
L,298.7,309.5,1446,40,160,0,0,0,0,0,0,10.800000000000011,57840
M,298.7,309.6,1455,46.8,162,0,0,0,0,0,0,10.900000000000034,68094
L,298.8,309.6,1523,41.9,165,0,0,0,0,0,0,10.800000000000011,63813.7
M,298.8,309.6,1692,31.9,167,0,0,0,0,0,0,10.800000000000011,53974.799999999996
M,298.8,309.6,1693,33.3,170,0,0,0,0,0,0,10.800000000000011,56376.899999999994
L,298.8,309.6,1890,24,173,0,0,0,0,0,0,10.800000000000011,45360
H,298.9,309.6,1600,33.5,175,0,0,0,0,0,0,10.700000000000045,53600
M,298.9,309.6,1434,43.8,180,0,0,0,0,0,0,10.700000000000045,62809.2
L,298.9,309.6,1365,50.9,183,0,0,0,0,0,0,10.700000000000045,69478.5
H,298.8,309.6,1309,57.4,185,0,0,0,0,0,0,10.800000000000011,75136.59999999999
H,298.9,309.6,1546,35.3,190,0,0,0,0,0,0,10.700000000000045,54573.799999999996
L,298.9,309.6,1663,33.7,195,0,0,0,0,0,0,10.700000000000045,56043.100000000006
L,298.9,309.6,1589,34.2,197,0,0,0,0,0,0,10.700000000000045,54343.8
M,298.9,309.6,1472,46,199,0,0,0,0,0,0,10.700000000000045,67712
L,298.9,309.6,1583,39.8,202,0,0,0,0,0,0,10.700000000000045,63003.399999999994
M,298.9,309.6,1567,34.5,204,0,0,0,0,0,0,10.700000000000045,54061.5
L,298.9,309.7,1407,41.9,207,0,0,0,0,0,0,10.800000000000011,58953.299999999996
M,299,309.7,1418,44.7,209,0,0,0,0,0,0,10.699999999999989,63384.600000000006
M,299,309.7,1489,40.7,212,0,0,0,0,0,0,10.699999999999989,60602.3
L,299.1,309.9,1586,36.6,215,0,0,0,0,0,0,10.799999999999955,58047.600000000006
L,299.1,309.8,1398,55.4,217,1,0,0,0,1,0,10.699999999999989,77449.2
L,299.2,309.9,1516,41.4,219,0,0,0,0,0,0,10.699999999999989,62762.4
H,299.3,310,1373,44.8,221,0,0,0,0,0,0,10.699999999999989,61510.399999999994
M,299.2,310,1349,50.4,226,0,0,0,0,0,0,10.800000000000011,67989.59999999999
H,299.1,309.9,1443,40.3,0,0,0,0,0,0,0,10.799999999999955,58152.899999999994
H,299.2,310.1,1542,36.1,5,0,0,0,0,0,0,10.900000000000034,55666.200000000004
L,299.2,310.1,1534,37.7,10,0,0,0,0,0,0,10.900000000000034,57831.8
L,299.2,310.2,1697,30.6,12,0,0,0,0,0,0,11,51928.200000000004
L,299.3,310.3,1396,47.4,14,0,0,0,0,0,0,11,66170.4
L,299.3,310.2,1495,49.2,16,0,0,0,0,0,0,10.899999999999977,73554
M,299.2,310.3,1551,44.8,18,0,0,0,0,0,0,11.100000000000023,69484.79999999999
L,299.2,310.3,1440,47,21,0,0,0,0,0,0,11.100000000000023,67680
L,299.2,310.3,1429,40.1,23,0,0,0,0,0,0,11.100000000000023,57302.9
H,299.3,310.4,1548,41.6,25,0,0,0,0,0,0,11.099999999999966,64396.8
L,299.3,310.5,1505,38.8,30,0,0,0,0,0,0,11.199999999999989,58393.99999999999
L,299.2,310.4,1611,36.4,32,0,0,0,0,0,0,11.199999999999989,58640.399999999994
M,299.2,310.4,1502,39.8,34,0,0,0,0,0,0,11.199999999999989,59779.6
M,299.2,310.4,1504,43.3,37,0,0,0,0,0,0,11.199999999999989,65123.2
L,299.1,310.3,1449,40.7,40,0,0,0,0,0,0,11.199999999999989,58974.3
L,299,310.2,1575,37.8,42,0,0,0,0,0,0,11.199999999999989,59534.99999999999
M,299,310.2,1598,33.4,44,0,0,0,0,0,0,11.199999999999989,53373.2
L,299,310.1,1416,45.9,47,0,0,0,0,0,0,11.100000000000023,64994.4
L,299,310.2,1682,28.8,49,0,0,0,0,0,0,11.199999999999989,48441.6
L,298.9,310.1,1341,54.5,51,0,0,0,0,0,0,11.200000000000045,73084.5
L,298.9,310.1,1523,39.1,53,0,0,0,0,0,0,11.200000000000045,59549.3
L,299,310.1,1580,41.9,55,0,0,0,0,0,0,11.100000000000023,66202
L,299,310.1,1531,36,57,0,0,0,0,0,0,11.100000000000023,55116
L,299,310.1,1375,48.9,59,0,0,0,0,0,0,11.100000000000023,67237.5
M,298.9,310.1,1484,40.4,61,0,0,0,0,0,0,11.200000000000045,59953.6
M,299,310.2,1657,32.3,64,0,0,0,0,0,0,11.199999999999989,53521.1
L,299,310.2,1494,40.6,67,0,0,0,0,0,0,11.199999999999989,60656.4
H,299,310.3,1658,27.6,69,0,0,0,0,0,0,11.300000000000011,45760.8
L,299.1,310.3,1411,42.1,74,0,0,0,0,0,0,11.199999999999989,59403.1
M,299.2,310.4,1395,55.4,76,0,0,0,0,0,0,11.199999999999989,77283
L,299.1,310.4,1550,43.9,79,0,0,0,0,0,0,11.299999999999955,68045
M,299.1,310.3,1233,59,81,0,0,0,0,0,0,11.199999999999989,72747
L,299.1,310.3,1459,46.7,84,0,0,0,0,0,0,11.199999999999989,68135.3
H,299.1,310.4,1405,53.6,86,0,0,0,0,0,0,11.299999999999955,75308
L,299.2,310.5,1458,44.1,91,0,0,0,0,0,0,11.300000000000011,64297.8
L,299.2,310.5,1384,48.7,93,0,0,0,0,0,0,11.300000000000011,67400.8
L,299.2,310.5,1705,29.5,95,0,0,0,0,0,0,11.300000000000011,50297.5
L,299.3,310.6,1443,45.7,97,0,0,0,0,0,0,11.300000000000011,65945.1
M,299.3,310.6,1609,31.4,99,0,0,0,0,0,0,11.300000000000011,50522.6
L,299.3,310.5,1818,26,102,0,0,0,0,0,0,11.199999999999989,47268
M,299.3,310.6,1457,42.1,104,0,0,0,0,0,0,11.300000000000011,61339.700000000004
L,299.3,310.6,1480,45.1,107,0,0,0,0,0,0,11.300000000000011,66748
L,299.4,310.8,1424,47.7,109,0,0,0,0,0,0,11.400000000000034,67924.8
M,299.4,310.8,1628,40.2,111,0,0,0,0,0,0,11.400000000000034,65445.600000000006
M,299.5,310.8,1754,31.3,114,0,0,0,0,0,0,11.300000000000011,54900.200000000004
L,299.6,310.9,1716,28.5,117,0,0,0,0,0,0,11.299999999999955,48906
M,299.5,310.9,1378,48.7,119,0,0,0,0,0,0,11.399999999999977,67108.6
L,299.6,311,1708,31,122,0,0,0,0,0,0,11.399999999999977,52948
L,299.6,311,1430,38.3,124,0,0,0,0,0,0,11.399999999999977,54768.99999999999
M,299.7,311.2,1560,43.9,126,0,0,0,0,0,0,11.5,68484
L,299.6,311.1,1679,30.7,129,0,0,0,0,0,0,11.5,51545.299999999996
L,299.6,311.1,1521,37.2,131,0,0,0,0,0,0,11.5,56581.200000000004
M,299.6,311.1,1649,33.8,133,0,0,0,0,0,0,11.5,55736.2
M,299.5,311,1451,43.3,136,0,0,0,0,0,0,11.5,62828.299999999996
L,299.4,310.8,1391,48.9,139,0,0,0,0,0,0,11.400000000000034,68019.9
M,299.3,310.8,1523,40.9,141,0,0,0,0,0,0,11.5,62290.7
L,299.3,310.7,1495,39.2,144,0,0,0,0,0,0,11.399999999999977,58604.00000000001
M,299.3,310.7,1440,45.5,146,0,0,0,0,0,0,11.399999999999977,65520
H,299.4,310.8,1585,31.4,149,0,0,0,0,0,0,11.400000000000034,49769
L,299.5,310.8,1374,48.3,154,0,0,0,0,0,0,11.300000000000011,66364.2
M,299.5,310.8,1507,40.2,156,0,0,0,0,0,0,11.300000000000011,60581.4
M,299.5,310.9,1577,34.6,159,0,0,0,0,0,0,11.399999999999977,54564.200000000004
L,299.5,310.9,1496,38.5,162,0,0,0,0,0,0,11.399999999999977,57596
L,299.6,310.9,1487,42.5,164,0,0,0,0,0,0,11.299999999999955,63197.5
L,299.6,310.9,1853,26.3,166,0,0,0,0,0,0,11.299999999999955,48733.9
M,299.7,311,1435,50.1,168,0,0,0,0,0,0,11.300000000000011,71893.5
M,299.8,311.1,1763,25.5,171,0,0,0,0,0,0,11.300000000000011,44956.5
L,299.8,311.1,1820,24.9,174,0,0,0,0,0,0,11.300000000000011,45318
M,299.8,311.1,1498,38.1,176,0,0,0,0,0,0,11.300000000000011,57073.8
L,299.8,311.1,1603,35.1,179,0,0,0,0,0,0,11.300000000000011,56265.3
L,299.8,311.1,1412,42.5,181,0,0,0,0,0,0,11.300000000000011,60010
L,299.8,311.1,1588,38,183,0,0,0,0,0,0,11.300000000000011,60344
M,299.8,311,1948,20,185,0,0,0,0,0,0,11.199999999999989,38960
L,299.7,310.9,1384,48.2,188,0,0,0,0,0,0,11.199999999999989,66708.8
L,299.7,310.8,1589,36,190,0,0,0,0,0,0,11.100000000000023,57204
M,299.7,310.8,1405,47.6,192,0,0,0,0,0,0,11.100000000000023,66878
L,299.7,310.9,1491,40.1,195,0,0,0,0,0,0,11.199999999999989,59789.1
H,299.7,310.8,1418,46.6,197,0,0,0,0,0,0,11.100000000000023,66078.8
M,299.6,310.8,1603,35.4,202,0,0,0,0,0,0,11.199999999999989,56746.2
L,299.6,310.7,1922,23.3,205,1,1,0,0,0,0,11.099999999999966,44782.6
M,299.5,310.7,1364,49.5,0,0,0,0,0,0,0,11.199999999999989,67518
L,299.4,310.7,1551,41.2,3,0,0,0,0,0,0,11.300000000000011,63901.200000000004
L,299.5,310.7,1589,33.5,5,0,0,0,0,0,0,11.199999999999989,53231.5
M,299.5,310.7,1423,56.5,7,0,0,0,0,0,0,11.199999999999989,80399.5
L,299.4,310.6,1418,53.1,10,0,0,0,0,0,0,11.200000000000045,75295.8
M,299.3,310.5,1404,47.5,12,0,0,0,0,0,0,11.199999999999989,66690
L,299.3,310.5,1281,59.8,15,0,0,0,0,0,0,11.199999999999989,76603.8
L,299.3,310.5,1529,41.3,17,0,0,0,0,0,0,11.199999999999989,63147.7
M,299.3,310.5,1563,42.1,19,0,0,0,0,0,0,11.199999999999989,65802.3
L,299.4,310.6,1348,54.5,22,0,0,0,0,0,0,11.200000000000045,73466
M,299.3,310.5,1462,40.5,24,0,0,0,0,0,0,11.199999999999989,59211
H,299.3,310.4,1510,45.5,27,0,0,0,0,0,0,11.099999999999966,68705
L,299.2,310.4,1472,43.3,32,0,0,0,0,0,0,11.199999999999989,63737.6
M,299.2,310.4,1325,52,34,0,0,0,0,0,0,11.199999999999989,68900
L,299.2,310.4,1570,37.3,37,0,0,0,0,0,0,11.199999999999989,58560.99999999999
L,299.2,310.4,1379,46.8,39,0,0,0,0,0,0,11.199999999999989,64537.2
L,299.1,310.2,1352,52.8,41,0,0,0,0,0,0,11.099999999999966,71385.59999999999
L,299.1,310.3,1727,28.7,43,0,0,0,0,0,0,11.199999999999989,49564.9
H,299,310.1,1432,50,45,0,0,0,0,0,0,11.100000000000023,71600
L,298.9,310.1,1466,43.4,50,0,0,0,0,0,0,11.200000000000045,63624.4
L,298.9,310.1,1510,38,52,0,0,0,0,0,0,11.200000000000045,57380
L,299,310.2,1490,41.1,54,0,0,0,0,0,0,11.199999999999989,61239
L,299,310.1,1463,37.4,56,0,0,0,0,0,0,11.100000000000023,54716.2
M,298.9,310,1561,45.3,58,0,0,0,0,0,0,11.100000000000023,70713.29999999999
L,298.9,310.1,2109,18,61,0,0,0,0,0,0,11.200000000000045,37962
L,298.9,310.2,1705,32.5,63,0,0,0,0,0,0,11.300000000000011,55412.5
M,298.9,310.1,1549,40.2,65,0,0,0,0,0,0,11.200000000000045,62269.8
H,299,310.2,1637,38,68,0,0,0,0,0,0,11.199999999999989,62206
M,298.9,310.1,1484,37.9,73,0,0,0,0,0,0,11.200000000000045,56243.6
L,298.9,310.1,1401,44.4,76,0,0,0,0,0,0,11.200000000000045,62204.4
L,298.9,310.1,1571,36.8,78,0,0,0,0,0,0,11.200000000000045,57812.799999999996
M,298.9,310.1,1513,41.5,80,0,0,0,0,0,0,11.200000000000045,62789.5
L,299,310.1,1470,40.3,83,0,0,0,0,0,0,11.100000000000023,59240.99999999999
L,299,310.1,1505,41.3,85,0,0,0,0,0,0,11.100000000000023,62156.49999999999
L,299,310.2,1432,42.2,87,0,0,0,0,0,0,11.199999999999989,60430.4
M,299,310.2,1625,31.8,89,0,0,0,0,0,0,11.199999999999989,51675
L,299,310.2,1377,62.5,92,1,0,0,1,0,0,11.199999999999989,86062.5
M,299.1,310.3,1441,43.9,94,0,0,0,0,0,0,11.199999999999989,63259.9
M,299,310.2,1564,39.9,97,0,0,0,0,0,0,11.199999999999989,62403.6
L,298.9,310.1,1580,37.3,100,0,0,0,0,0,0,11.200000000000045,58933.99999999999
L,299,310.2,1516,35.3,102,0,0,0,0,0,0,11.199999999999989,53514.799999999996
L,299,310.1,1447,42.8,104,0,0,0,0,0,0,11.100000000000023,61931.6
M,298.9,310,1323,52.9,106,0,0,0,0,0,0,11.100000000000023,69986.7
L,298.9,310,1470,45.9,109,0,0,0,0,0,0,11.100000000000023,67473
M,299,310,2049,19.5,111,0,0,0,0,0,0,11,39955.5
L,298.9,310,1794,27.2,114,0,0,0,0,0,0,11.100000000000023,48796.799999999996
L,298.9,310.1,1356,47.8,116,0,0,0,0,0,0,11.200000000000045,64816.799999999996
H,299,310.1,1555,38.6,118,0,0,0,0,0,0,11.100000000000023,60023
M,299,310.1,1487,47.5,123,0,0,0,0,0,0,11.100000000000023,70632.5
M,299,310,1341,58.9,126,0,0,0,0,0,0,11,78984.9
M,298.9,310,1487,36.6,129,0,0,0,0,0,0,11.100000000000023,54424.200000000004
H,299,310,1569,34.3,132,0,0,0,0,0,0,11,53816.7
H,299,310.1,2053,19.7,137,0,0,0,0,0,0,11.100000000000023,40444.1
L,299,310.1,1583,35.8,142,0,0,0,0,0,0,11.100000000000023,56671.399999999994
L,299,310,1672,33.2,144,0,0,0,0,0,0,11,55510.4
M,299,310,1337,57.4,146,0,0,0,0,0,0,11,76743.8
H,299.1,310.1,1421,41.2,149,0,0,0,0,0,0,11,58545.200000000004
L,299.1,310.2,1425,52.7,154,0,0,0,0,0,0,11.099999999999966,75097.5
L,299.2,310.2,1609,33.2,156,0,0,0,0,0,0,11,53418.8
L,299.2,310.3,1507,41.3,158,0,0,0,0,0,0,11.100000000000023,62239.1
L,299.2,310.3,1463,38.9,160,0,0,0,0,0,0,11.100000000000023,56910.7
H,299.3,310.4,1393,44.9,162,0,0,0,0,0,0,11.099999999999966,62545.7
L,299.3,310.4,1725,26.8,167,0,0,0,0,0,0,11.099999999999966,46230
L,299.4,310.5,1514,36.1,169,0,0,0,0,0,0,11.100000000000023,54655.4
L,299.3,310.4,1365,53.9,171,0,0,0,0,0,0,11.099999999999966,73573.5
L,299.4,310.5,1372,46.3,173,0,0,0,0,0,0,11.100000000000023,63523.6
L,299.4,310.4,1509,40.6,175,0,0,0,0,0,0,11,61265.4
L,299.3,310.4,1629,32.6,177,0,0,0,0,0,0,11.099999999999966,53105.4
L,299.4,310.5,1749,28.1,179,0,0,0,0,0,0,11.100000000000023,49146.9
L,299.4,310.4,1582,31.7,181,0,0,0,0,0,0,11,50149.4
L,299.2,310.2,1458,47,183,0,0,0,0,0,0,11,68526
L,299.1,310.1,1416,41.2,185,0,0,0,0,0,0,11,58339.200000000004
H,299.1,310,1657,33.1,187,0,0,0,0,0,0,10.899999999999977,54846.700000000004
M,299.1,310,1437,41.1,192,0,0,0,0,0,0,10.899999999999977,59060.700000000004
M,299.1,310,1580,36,195,0,0,0,0,0,0,10.899999999999977,56880
M,299,310,1488,46.3,198,0,0,0,0,0,0,11,68894.4
L,299,309.9,1373,55.7,201,1,0,0,0,1,0,10.899999999999977,76476.1
L,299.1,310,1367,56.3,203,1,0,0,0,1,0,10.899999999999977,76962.09999999999
H,299.1,310,1431,49.5,205,0,0,0,0,0,0,10.899999999999977,70834.5
L,299,310.1,1623,33,210,0,0,0,0,0,0,11.100000000000023,53559
L,299,310,1484,39.6,212,0,0,0,0,0,0,11,58766.4
L,299,309.9,1548,34.5,214,0,0,0,0,0,0,10.899999999999977,53406
L,298.9,309.8,1287,61.9,216,1,0,0,0,1,0,10.900000000000034,79665.3
M,298.9,309.8,1392,43.1,218,0,0,0,0,0,0,10.900000000000034,59995.200000000004
H,299,310,1458,44.9,221,0,0,0,0,0,0,11,65464.2
M,299.1,310.1,1570,30.9,226,0,0,0,0,0,0,11,48513
L,299.1,310.1,1435,48.8,229,1,0,0,0,1,0,11,70028
L,299.1,310.2,1317,54.8,231,1,0,0,0,1,0,11.099999999999966,72171.59999999999
L,299.2,310.3,1610,33.3,233,0,0,0,0,0,0,11.100000000000023,53612.99999999999
M,299.1,310.3,1838,24,235,0,0,0,0,0,0,11.199999999999989,44112
L,299.2,310.3,1352,48.9,238,1,0,0,0,1,0,11.100000000000023,66112.8
L,299.1,310.3,1619,35.2,240,0,0,0,0,0,0,11.199999999999989,56988.8
L,299.1,310.3,1619,31.1,242,0,0,0,0,0,0,11.199999999999989,50350.9
L,299,310.2,1690,30.7,244,0,0,0,0,0,0,11.199999999999989,51883
L,299,310.2,1412,44.1,246,0,0,0,0,0,0,11.199999999999989,62269.200000000004
H,299,310.2,1744,31.5,0,0,0,0,0,0,0,11.199999999999989,54936
M,299,310.1,1593,35.4,5,0,0,0,0,0,0,11.100000000000023,56392.2
L,299.1,310.2,1695,29.6,8,0,0,0,0,0,0,11.099999999999966,50172
M,299,310.2,1298,57.2,10,0,0,0,0,0,0,11.199999999999989,74245.6
L,299,310.1,1886,21.2,13,0,0,0,0,0,0,11.100000000000023,39983.2
L,299,310.1,2033,19.3,15,0,0,0,0,0,0,11.100000000000023,39236.9
M,299.1,310.2,1711,28.1,17,0,0,0,0,0,0,11.099999999999966,48079.100000000006
L,299.1,310.2,1598,33.4,20,0,0,0,0,0,0,11.099999999999966,53373.2
L,299.1,310.1,1894,24.2,22,0,0,0,0,0,0,11,45834.799999999996
M,299.1,310.1,1412,44.4,24,0,0,0,0,0,0,11,62692.799999999996
L,299.1,310,1394,46.6,27,0,0,0,0,0,0,10.899999999999977,64960.4
M,299,310,1338,56.4,29,0,0,0,0,0,0,11,75463.2
H,298.9,309.9,1376,51,32,0,0,0,0,0,0,11,70176
L,299,310,1360,48.1,37,0,0,0,0,0,0,11,65416
L,299.1,310.1,1486,40.7,39,0,0,0,0,0,0,11,60480.200000000004
M,299.1,310.1,1649,31.6,41,0,0,0,0,0,0,11,52108.4
L,299.1,310.1,1367,45.6,44,0,0,0,0,0,0,11,62335.200000000004
L,299,310.1,1362,59.5,46,0,0,0,0,0,0,11.100000000000023,81039
M,298.9,310,1520,35.6,48,0,0,0,0,0,0,11.100000000000023,54112
L,299,310,1582,31.9,51,0,0,0,0,0,0,11,50465.799999999996
M,299,310,1667,30,53,0,0,0,0,0,0,11,50010
L,298.9,310,1693,28.8,56,0,0,0,0,0,0,11.100000000000023,48758.4
L,298.9,310,1559,33.4,58,0,0,0,0,0,0,11.100000000000023,52070.6
L,298.9,309.9,1592,32,60,0,0,0,0,0,0,11,50944
L,298.9,309.9,1404,39.8,62,0,0,0,0,0,0,11,55879.2
M,298.8,309.8,1413,45.5,64,0,0,0,0,0,0,11,64291.5
L,298.8,309.8,1663,28.2,67,0,0,0,0,0,0,11,46896.6
L,298.8,309.8,1508,36.3,69,0,0,0,0,0,0,11,54740.399999999994
M,298.9,309.8,1353,53.7,71,0,0,0,0,0,0,10.900000000000034,72656.1
L,298.8,309.8,1485,42.4,74,0,0,0,0,0,0,11,62964
L,298.9,310,1633,31.2,76,0,0,0,0,0,0,11.100000000000023,50949.6
L,298.9,310,1422,43.6,78,0,0,0,0,0,0,11.100000000000023,61999.200000000004
L,298.9,310.1,1577,41.4,80,0,0,0,0,0,0,11.200000000000045,65287.799999999996
L,298.9,310,1482,41.1,82,0,0,0,0,0,0,11.100000000000023,60910.200000000004
M,299,310.1,1705,30.1,84,0,0,0,0,0,0,11.100000000000023,51320.5
L,299,310.1,1699,32.9,87,0,0,0,0,0,0,11.100000000000023,55897.1
L,299,310.1,1664,29.7,89,0,0,0,0,0,0,11.100000000000023,49420.799999999996
M,299,310,1486,34.6,91,0,0,0,0,0,0,11,51415.6
L,299.1,310.1,1336,61.3,94,0,0,0,0,0,0,11,81896.8
H,299.1,310.1,1429,42.9,96,0,0,0,0,0,0,11,61304.1
M,299.1,310.2,1456,48.4,101,0,0,0,0,0,0,11.099999999999966,70470.4
L,299.1,310.2,1496,45,104,0,0,0,0,0,0,11.099999999999966,67320
L,299.1,310.1,1894,20.1,106,0,0,0,0,0,0,11,38069.4
L,299.1,310.1,1373,55.6,108,0,0,0,0,0,0,11,76338.8
H,299,310,1387,45.2,110,0,0,0,0,0,0,11,62692.4
L,298.9,309.9,1500,44.2,115,0,0,0,0,0,0,11,66300
L,298.9,309.9,1517,36.6,117,0,0,0,0,0,0,11,55522.200000000004
L,298.9,309.9,1309,56.2,119,0,0,0,0,0,0,11,73565.8
M,298.9,309.9,1357,54.5,121,0,0,0,0,0,0,11,73956.5
L,298.8,309.8,1490,40.6,124,0,0,0,0,0,0,11,60494
H,298.8,309.8,1911,21.6,126,0,0,0,0,0,0,11,41277.600000000006
L,298.8,309.8,1599,33.6,131,0,0,0,0,0,0,11,53726.4
M,298.8,309.7,2098,19,133,0,0,0,0,0,0,10.899999999999977,39862
M,298.7,309.7,1629,27.9,136,0,0,0,0,0,0,11,45449.1
L,298.8,309.8,1557,37.2,139,0,0,0,0,0,0,11,57920.4
L,298.8,309.8,1461,39.4,141,0,0,0,0,0,0,11,57563.4
L,298.8,309.8,1563,33.7,143,0,0,0,0,0,0,11,52673.100000000006
L,298.7,309.8,1695,29,145,0,0,0,0,0,0,11.100000000000023,49155
L,298.8,310,1528,36.7,147,0,0,0,0,0,0,11.199999999999989,56077.600000000006
L,298.8,310,1389,49.6,149,0,0,0,0,0,0,11.199999999999989,68894.40000000001
L,298.9,310,2231,17.4,151,0,0,0,0,0,0,11.100000000000023,38819.399999999994
M,298.9,310.1,1442,42.9,153,0,0,0,0,0,0,11.200000000000045,61861.799999999996
H,298.9,310.1,1458,44.3,156,0,0,0,0,0,0,11.200000000000045,64589.399999999994
L,299,310.1,1444,47.7,161,0,0,0,0,0,0,11.100000000000023,68878.8
M,298.9,310,1348,58.2,163,0,0,0,0,0,0,11.100000000000023,78453.6
L,298.9,310,1791,27.6,166,0,0,0,0,0,0,11.100000000000023,49431.600000000006
L,299,310,1509,38,168,0,0,0,0,0,0,11,57342
L,298.9,310,1515,42.9,170,0,0,0,0,0,0,11.100000000000023,64993.5
M,298.9,310.1,1655,31.5,172,0,0,0,0,0,0,11.200000000000045,52132.5
L,298.9,310.1,1495,42.9,175,0,0,0,0,0,0,11.200000000000045,64135.5
L,298.9,310.2,1623,37.2,177,0,0,0,0,0,0,11.300000000000011,60375.600000000006
L,298.9,310.2,1562,42.5,179,0,0,0,0,0,0,11.300000000000011,66385
L,298.8,310.1,1574,36.2,181,0,0,0,0,0,0,11.300000000000011,56978.8
L,298.8,310,1611,32.4,183,0,0,0,0,0,0,11.199999999999989,52196.399999999994
L,298.8,310,1403,45.6,185,0,0,0,0,0,0,11.199999999999989,63976.8
L,298.8,310.1,1481,47.4,187,0,0,0,0,0,0,11.300000000000011,70199.4
M,298.9,310.1,1441,41.2,189,0,0,0,0,0,0,11.200000000000045,59369.200000000004
H,298.8,310.1,1483,45.4,192,0,0,0,0,0,0,11.300000000000011,67328.2
L,298.7,310,1555,32.6,197,0,0,0,0,0,0,11.300000000000011,50693
L,298.6,309.9,1615,28.8,199,0,0,0,0,0,0,11.299999999999955,46512
L,298.6,309.8,1561,32.6,201,0,0,0,0,0,0,11.199999999999989,50888.600000000006
L,298.5,309.8,1593,35.1,203,0,0,0,0,0,0,11.300000000000011,55914.3
M,298.5,309.7,1552,34,205,0,0,0,0,0,0,11.199999999999989,52768
H,298.5,309.7,1561,35.3,208,0,0,0,0,0,0,11.199999999999989,55103.299999999996
L,298.6,309.8,1597,35.9,213,0,0,0,0,0,0,11.199999999999989,57332.299999999996
M,298.6,309.9,1517,34,215,0,0,0,0,0,0,11.299999999999955,51578
L,298.6,309.8,2271,16.2,218,1,1,0,0,0,0,11.199999999999989,36790.2
L,298.5,309.7,1613,36.7,0,0,0,0,0,0,0,11.199999999999989,59197.100000000006
M,298.5,309.6,1509,47.3,2,0,0,0,0,0,0,11.100000000000023,71375.7
L,298.6,309.7,1703,26.1,5,0,0,0,0,0,0,11.099999999999966,44448.3
L,298.6,309.7,1925,22.1,7,0,0,0,0,0,0,11.099999999999966,42542.5
M,298.6,309.6,1635,29.7,9,0,0,0,0,0,0,11,48559.5
L,298.5,309.5,1294,66.7,12,1,0,0,1,0,0,11,86309.8
L,298.6,309.6,1472,39.1,14,0,0,0,0,0,0,11,57555.200000000004
H,298.6,309.6,1449,42.5,16,0,0,0,0,0,0,11,61582.5
L,298.6,309.6,1563,35,21,0,0,0,0,0,0,11,54705
L,298.6,309.6,1611,35.7,23,0,0,0,0,0,0,11,57512.700000000004
L,298.6,309.6,1386,48.6,25,0,0,0,0,0,0,11,67359.6
H,298.6,309.5,1584,31.8,27,0,0,0,0,0,0,10.899999999999977,50371.200000000004
M,298.7,309.6,1424,50.4,32,0,0,0,0,0,0,10.900000000000034,71769.59999999999
L,298.5,309.5,1561,34.8,35,0,0,0,0,0,0,11,54322.799999999996
L,298.5,309.4,1560,37.9,37,0,0,0,0,0,0,10.899999999999977,59124
H,298.6,309.5,1375,41,39,0,0,0,0,0,0,10.899999999999977,56375
M,298.6,309.5,1684,27.8,44,0,0,0,0,0,0,10.899999999999977,46815.200000000004
M,298.6,309.6,1397,54.1,47,0,0,0,0,0,0,11,75577.7
L,298.6,309.6,1387,57.6,50,0,0,0,0,0,0,11,79891.2
H,298.7,309.7,1311,54.5,52,0,0,0,0,0,0,11,71449.5
L,298.8,309.8,1509,36.2,57,0,0,0,0,0,0,11,54625.8
M,298.8,309.8,1477,46.7,59,0,0,0,0,0,0,11,68975.90000000001
L,298.8,309.9,1441,41.6,62,0,0,0,0,0,0,11.099999999999966,59945.6
L,298.7,309.9,1404,47.1,64,0,0,0,0,0,0,11.199999999999989,66128.40000000001
H,298.8,309.9,1466,44.6,66,0,0,0,0,0,0,11.099999999999966,65383.6
M,298.7,309.8,1435,48.8,71,0,0,0,0,0,0,11.100000000000023,70028
H,298.7,309.7,1697,29.8,74,0,0,0,0,0,0,11,50570.6
M,298.7,309.6,1738,27.3,79,0,0,0,0,0,0,10.900000000000034,47447.4
H,298.6,309.5,1420,50.4,82,0,0,0,0,0,0,10.899999999999977,71568
M,298.5,309.5,1535,39.8,87,0,0,0,0,0,0,11,61092.99999999999
L,298.6,309.6,1715,28.4,90,0,0,0,0,0,0,11,48706
L,298.6,309.5,1483,43.2,92,0,0,0,0,0,0,10.899999999999977,64065.600000000006
M,298.5,309.4,1521,37.5,94,0,0,0,0,0,0,10.899999999999977,57037.5
H,298.5,309.4,1573,36,97,0,0,0,0,0,0,10.899999999999977,56628
H,298.5,309.4,1414,46.7,102,0,0,0,0,0,0,10.899999999999977,66033.8
L,298.5,309.3,1590,33.9,107,0,0,0,0,0,0,10.800000000000011,53901
L,298.5,309.3,1623,33.1,109,0,0,0,0,0,0,10.800000000000011,53721.3
H,298.4,309.3,1694,30.9,111,0,0,0,0,0,0,10.900000000000034,52344.6
M,298.4,309.2,1597,33.5,116,0,0,0,0,0,0,10.800000000000011,53499.5
L,298.5,309.3,1471,44.7,119,0,0,0,0,0,0,10.800000000000011,65753.7
M,298.5,309.3,1551,34.7,121,0,0,0,0,0,0,10.800000000000011,53819.700000000004
H,298.5,309.3,1421,50.3,124,0,0,0,0,0,0,10.800000000000011,71476.3
M,298.4,309.3,1496,45.6,129,0,0,0,0,0,0,10.900000000000034,68217.6
H,298.4,309.3,1984,19.2,132,0,0,0,0,0,0,10.900000000000034,38092.799999999996
L,298.4,309.2,1692,29.8,137,0,0,0,0,0,0,10.800000000000011,50421.6
L,298.4,309.1,1467,42.5,139,0,0,0,0,0,0,10.700000000000045,62347.5
L,298.4,309.2,1651,28.5,141,0,0,0,0,0,0,10.800000000000011,47053.5
L,298.3,309.1,1417,60.5,143,0,0,0,0,0,0,10.800000000000011,85728.5
L,298.2,309,1413,55,145,0,0,0,0,0,0,10.800000000000011,77715
M,298.2,309,1441,44.2,147,0,0,0,0,0,0,10.800000000000011,63692.200000000004
M,298.2,309,1353,50.3,150,0,0,0,0,0,0,10.800000000000011,68055.9
L,298.1,309,1502,40.9,153,0,0,0,0,0,0,10.899999999999977,61431.799999999996
L,298.2,309,1610,31.7,155,0,0,0,0,0,0,10.800000000000011,51037
M,298.2,309.1,1411,45.8,157,0,0,0,0,0,0,10.900000000000034,64623.799999999996
L,298.3,309.1,1387,52.3,160,0,0,0,0,0,0,10.800000000000011,72540.09999999999
H,298.3,309.1,1430,40.9,162,0,0,0,0,0,0,10.800000000000011,58487
M,298.4,309.1,1576,38.8,167,0,0,0,0,0,0,10.700000000000045,61148.799999999996
M,298.5,309.2,1721,29.4,170,0,0,0,0,0,0,10.699999999999989,50597.399999999994
M,298.5,309.3,1465,42.4,173,0,0,0,0,0,0,10.800000000000011,62116
M,298.6,309.4,1407,45.1,176,0,0,0,0,0,0,10.799999999999955,63455.700000000004
M,298.6,309.4,1464,36.9,179,0,0,0,0,0,0,10.799999999999955,54021.6
M,298.6,309.5,1568,36.7,182,0,0,0,0,0,0,10.899999999999977,57545.600000000006
L,298.6,309.4,1667,35.6,185,0,0,0,0,0,0,10.799999999999955,59345.200000000004
L,298.5,309.4,1360,60.9,187,1,0,0,0,1,0,10.899999999999977,82824
M,298.5,309.3,1488,43.7,189,0,0,0,0,0,0,10.800000000000011,65025.600000000006
L,298.4,309.3,1504,39.3,192,0,0,0,0,0,0,10.900000000000034,59107.2
L,298.4,309.2,1610,32.4,194,0,0,0,0,0,0,10.800000000000011,52164
L,298.4,309.2,1345,52.7,196,0,0,0,0,0,0,10.800000000000011,70881.5
M,298.3,309.3,1376,57,198,0,0,0,0,0,0,11,78432
L,298.4,309.4,1385,50,201,0,0,0,0,0,0,11,69250
M,298.4,309.4,1429,41.8,203,0,0,0,0,0,0,11,59732.2
L,298.3,309.3,1337,56.1,206,1,0,0,0,1,0,11,75005.7
L,298.4,309.3,1542,35.4,208,0,0,0,0,0,0,10.900000000000034,54586.799999999996
L,298.4,309.2,2118,17.7,210,0,0,0,0,0,0,10.800000000000011,37488.6
L,298.3,309.1,1386,45.3,212,0,0,0,0,0,0,10.800000000000011,62785.799999999996
M,298.3,309.1,1632,32.7,0,0,0,0,0,0,0,10.800000000000011,53366.4
L,298.4,309.3,1545,36.9,3,0,0,0,0,0,0,10.900000000000034,57010.5
M,298.4,309.3,1390,53.6,5,0,0,0,0,0,0,10.900000000000034,74504
M,298.4,309.3,1355,50.6,8,0,0,0,0,0,0,10.900000000000034,68563
L,298.4,309.2,1425,45.5,11,0,0,0,0,0,0,10.800000000000011,64837.5
M,298.4,309.2,1491,51.2,13,0,0,0,0,0,0,10.800000000000011,76339.2
H,298.3,309.2,1486,42.4,16,0,0,0,0,0,0,10.899999999999977,63006.4
M,298.3,309.2,1359,51.4,21,0,0,0,0,0,0,10.899999999999977,69852.59999999999
L,298.4,309.3,1395,47.6,24,0,0,0,0,0,0,10.900000000000034,66402
L,298.3,309.2,1383,52.1,26,0,0,0,0,0,0,10.899999999999977,72054.3
H,298.3,309.1,1484,37,28,0,0,0,0,0,0,10.800000000000011,54908
L,298.3,309.1,1421,47.4,33,0,0,0,0,0,0,10.800000000000011,67355.4
L,298.3,309,1339,58.8,35,0,0,0,0,0,0,10.699999999999989,78733.2
L,298.4,309.1,1362,46.1,37,0,0,0,0,0,0,10.700000000000045,62788.200000000004
H,298.5,309.2,1568,40.6,39,0,0,0,0,0,0,10.699999999999989,63660.8
L,298.6,309.4,2312,15.5,44,0,0,0,0,0,0,10.799999999999955,35836
M,298.5,309.3,1498,34.6,46,0,0,0,0,0,0,10.800000000000011,51830.8
M,298.5,309.3,1761,27.2,49,0,0,0,0,0,0,10.800000000000011,47899.2
L,298.6,309.4,1316,51.4,52,0,0,0,0,0,0,10.799999999999955,67642.4
L,298.6,309.4,1525,37.8,54,0,0,0,0,0,0,10.799999999999955,57644.99999999999
H,298.6,309.4,1362,45.3,56,0,0,0,0,0,0,10.799999999999955,61698.6
L,298.7,309.6,1516,38.5,61,0,0,0,0,0,0,10.900000000000034,58366
L,298.6,309.5,1450,44.2,63,0,0,0,0,0,0,10.899999999999977,64090.00000000001
M,298.6,309.5,1366,55,65,0,0,0,0,0,0,10.899999999999977,75130
L,298.5,309.5,1547,33.1,68,0,0,0,0,0,0,11,51205.700000000004
M,298.6,309.5,1580,33.9,70,0,0,0,0,0,0,10.899999999999977,53562
H,298.7,309.6,1755,26.9,73,0,0,0,0,0,0,10.900000000000034,47209.5
M,298.7,309.6,1800,24.8,78,0,0,0,0,0,0,10.900000000000034,44640
M,298.8,309.7,1439,45.8,81,0,0,0,0,0,0,10.899999999999977,65906.2
L,298.9,309.8,1411,56.3,84,0,0,0,0,0,0,10.900000000000034,79439.3
M,298.9,309.9,1645,31.4,86,0,0,0,0,0,0,11,51653
M,298.9,309.8,2450,13.9,89,0,0,0,0,0,0,10.900000000000034,34055
L,299,309.9,1630,34,92,0,0,0,0,0,0,10.899999999999977,55420
L,299,309.9,1411,44.7,94,0,0,0,0,0,0,10.899999999999977,63071.700000000004
L,298.9,309.9,1526,35.4,96,0,0,0,0,0,0,11,54020.4
L,298.9,309.9,1590,31.3,98,0,0,0,0,0,0,11,49767
H,299,309.9,1884,25.6,100,0,0,0,0,0,0,10.899999999999977,48230.4
M,298.9,309.8,1947,21.7,105,0,0,0,0,0,0,10.900000000000034,42249.9
L,298.9,309.9,1373,52.1,108,0,0,0,0,0,0,11,71533.3
L,298.9,309.8,1616,36.5,110,0,0,0,0,0,0,10.900000000000034,58984
M,298.9,309.9,1449,44.1,112,0,0,0,0,0,0,11,63900.9
M,298.9,309.8,1363,50.6,115,0,0,0,0,0,0,10.900000000000034,68967.8
H,298.8,309.7,1461,55.1,118,0,0,0,0,0,0,10.899999999999977,80501.1
L,298.8,309.7,1374,58.6,123,0,0,0,0,0,0,10.899999999999977,80516.40000000001
L,298.7,309.7,1293,59.1,125,0,0,0,0,0,0,11,76416.3
M,298.8,309.8,1490,38.6,127,0,0,0,0,0,0,11,57514
L,298.8,309.8,1753,27.5,130,0,0,0,0,0,0,11,48207.5
L,298.8,309.8,1493,38.5,132,0,0,0,0,0,0,11,57480.5
L,298.8,309.8,1895,22,134,0,0,0,0,0,0,11,41690
H,298.7,309.6,1654,34.3,136,0,0,0,0,0,0,10.900000000000034,56732.2
L,298.7,309.5,1673,30.8,141,0,0,0,0,0,0,10.800000000000011,51528.4
L,298.8,309.6,1613,27.7,143,0,0,0,0,0,0,10.800000000000011,44680.1
L,298.8,309.6,1903,22.3,145,0,0,0,0,0,0,10.800000000000011,42436.9
L,298.8,309.5,1368,44.7,147,0,0,0,0,0,0,10.699999999999989,61149.600000000006
M,298.8,309.6,1575,34.4,149,0,0,0,0,0,0,10.800000000000011,54180
H,298.8,309.6,1516,40.2,152,0,0,0,0,0,0,10.800000000000011,60943.200000000004
L,298.8,309.5,1645,32.8,157,0,0,0,0,0,0,10.699999999999989,53955.99999999999
L,298.8,309.5,1374,48.1,159,0,0,0,0,0,0,10.699999999999989,66089.40000000001
H,298.9,309.7,1407,48.6,161,0,0,0,0,0,0,10.800000000000011,68380.2
M,298.9,309.6,1284,55.3,166,0,0,0,0,0,0,10.700000000000045,71005.2
L,298.9,309.5,1645,31.1,169,0,0,0,0,0,0,10.600000000000023,51159.5
L,298.8,309.4,1387,54.1,171,0,0,0,0,0,0,10.599999999999966,75036.7
M,298.8,309.3,1618,35.1,173,0,0,0,0,0,0,10.5,56791.8
L,298.8,309.3,1357,47.1,176,0,0,0,0,0,0,10.5,63914.700000000004
L,298.7,309.2,1396,44.8,178,0,0,0,0,0,0,10.5,62540.799999999996
L,298.7,309.2,1586,31.4,180,0,0,0,0,0,0,10.5,49800.399999999994
H,298.7,309.2,1449,42.3,182,0,0,0,0,0,0,10.5,61292.7
M,298.7,309.2,1423,48.9,187,0,0,0,0,0,0,10.5,69584.7
H,298.7,309.3,1402,45.3,190,0,0,0,0,0,0,10.600000000000023,63510.6
M,298.7,309.2,1437,45.7,195,0,0,0,0,0,0,10.5,65670.90000000001
L,298.6,309.1,1537,35.7,198,0,0,0,0,0,0,10.5,54870.9
M,298.7,309.1,1423,49.5,200,0,0,0,0,0,0,10.400000000000034,70438.5
M,298.6,309.1,1587,37.3,203,0,0,0,0,0,0,10.5,59195.1
M,298.6,309.1,1487,43.2,206,0,0,0,0,0,0,10.5,64238.4
L,298.6,309,1456,47.7,0,0,0,0,0,0,0,10.399999999999977,69451.2
L,298.7,309.1,1607,32.7,2,0,0,0,0,0,0,10.400000000000034,52548.9
L,298.6,309,1469,46,4,0,0,0,0,0,0,10.399999999999977,67574
M,298.6,309,1481,40.8,6,0,0,0,0,0,0,10.399999999999977,60424.799999999996
L,298.6,308.9,1327,58.8,9,0,0,0,0,0,0,10.299999999999955,78027.59999999999
L,298.5,308.8,1589,30.6,11,0,0,0,0,0,0,10.300000000000011,48623.4
L,298.5,308.8,1670,29.6,13,0,0,0,0,0,0,10.300000000000011,49432
M,298.5,308.7,1662,28.3,15,0,0,0,0,0,0,10.199999999999989,47034.6
M,298.5,308.8,1553,34.9,18,0,0,0,0,0,0,10.300000000000011,54199.7
M,298.5,308.8,1557,36,21,0,0,0,0,0,0,10.300000000000011,56052
L,298.4,308.8,1352,56.7,24,0,0,0,0,0,0,10.400000000000034,76658.40000000001
L,298.5,308.8,1305,58.7,26,0,0,0,0,0,0,10.300000000000011,76603.5
H,298.5,308.7,1450,43.9,28,0,0,0,0,0,0,10.199999999999989,63655
M,298.5,308.7,1347,48.5,33,0,0,0,0,0,0,10.199999999999989,65329.5
H,298.6,308.8,1566,39.1,36,0,0,0,0,0,0,10.199999999999989,61230.600000000006
M,298.5,308.7,1615,33.3,41,0,0,0,0,0,0,10.199999999999989,53779.49999999999
M,298.5,308.6,1384,54.4,44,0,0,0,0,0,0,10.100000000000023,75289.59999999999
M,298.5,308.7,1367,47.3,47,0,0,0,0,0,0,10.199999999999989,64659.1
M,298.5,308.6,1897,20.2,50,0,0,0,0,0,0,10.100000000000023,38319.4
L,298.5,308.6,1522,36.9,53,0,0,0,0,0,0,10.100000000000023,56161.799999999996
M,298.4,308.5,1576,27.4,55,0,0,0,0,0,0,10.100000000000023,43182.399999999994
H,298.4,308.4,1479,39.2,58,0,0,0,0,0,0,10,57976.8
L,298.3,308.3,1452,45.5,63,0,0,0,0,0,0,10,66066
L,298.3,308.3,1432,46.9,65,0,0,0,0,0,0,10,67160.8
L,298.3,308.2,1663,28.4,67,0,0,0,0,0,0,9.899999999999977,47229.2
L,298.3,308.3,1597,32.4,69,0,0,0,0,0,0,10,51742.799999999996
L,298.3,308.2,1472,44.3,71,0,0,0,0,0,0,9.899999999999977,65209.6
L,298.4,308.3,1452,48.5,73,0,0,0,0,0,0,9.900000000000034,70422
H,298.3,308.2,1534,33.2,75,0,0,0,0,0,0,9.899999999999977,50928.8
L,298.3,308.1,1505,46.1,80,0,0,0,0,0,0,9.800000000000011,69380.5
L,298.3,308.1,1528,33.9,82,0,0,0,0,0,0,9.800000000000011,51799.2
H,298.3,308.1,2636,12.8,84,0,0,0,0,0,0,9.800000000000011,33740.8
M,298.3,308.1,1722,28.6,89,0,0,0,0,0,0,9.800000000000011,49249.200000000004
L,298.4,308.1,1395,44,92,0,0,0,0,0,0,9.700000000000045,61380
L,298.4,308.1,1375,50.8,94,0,0,0,0,0,0,9.700000000000045,69850
M,298.3,308,1766,26,96,0,0,0,0,0,0,9.699999999999989,45916
L,298.3,307.9,1399,47.8,99,0,0,0,0,0,0,9.599999999999966,66872.2
L,298.3,308,1578,37.8,101,0,0,0,0,0,0,9.699999999999989,59648.399999999994
L,298.3,307.9,1502,42,103,0,0,0,0,0,0,9.599999999999966,63084
M,298.2,307.9,1529,36.6,105,0,0,0,0,0,0,9.699999999999989,55961.4
L,298.2,307.8,1804,25.1,108,0,0,0,0,0,0,9.600000000000023,45280.4
M,298.2,307.8,1411,53.4,110,0,0,0,0,0,0,9.600000000000023,75347.4
L,298.1,307.8,1413,54.1,113,0,0,0,0,0,0,9.699999999999989,76443.3
L,298.2,307.8,1355,59.4,115,0,0,0,0,0,0,9.600000000000023,80487
L,298.2,307.8,1429,46.9,117,0,0,0,0,0,0,9.600000000000023,67020.09999999999
L,298.1,307.8,1565,35.3,119,0,0,0,0,0,0,9.699999999999989,55244.49999999999
M,298.1,307.9,1446,42.8,121,0,0,0,0,0,0,9.799999999999955,61888.799999999996
M,298.2,307.9,1462,38.8,124,0,0,0,0,0,0,9.699999999999989,56725.6
M,298.2,307.8,1578,34.5,127,0,0,0,0,0,0,9.600000000000023,54441
L,298.1,307.8,1606,33,130,0,0,0,0,0,0,9.699999999999989,52998
M,298.1,307.8,1525,35.9,132,0,0,0,0,0,0,9.699999999999989,54747.5
L,298.1,307.8,1379,49.1,135,0,0,0,0,0,0,9.699999999999989,67708.90000000001
L,298.2,307.8,1575,35,137,0,0,0,0,0,0,9.600000000000023,55125
L,298.2,307.9,1399,54.9,139,0,0,0,0,0,0,9.699999999999989,76805.09999999999
L,298.2,307.9,1429,49.4,141,0,0,0,0,0,0,9.699999999999989,70592.59999999999
L,298.3,307.9,1435,39.9,143,0,0,0,0,0,0,9.599999999999966,57256.5
L,298.3,307.9,1766,26.5,145,0,0,0,0,0,0,9.599999999999966,46799
L,298.3,307.9,1703,28.9,147,0,0,0,0,0,0,9.599999999999966,49216.7
L,298.3,307.9,1507,41.2,149,0,0,0,0,0,0,9.599999999999966,62088.4
M,298.3,307.9,1609,32.4,151,0,0,0,0,0,0,9.599999999999966,52131.6
L,298.4,308,1605,32.4,154,0,0,0,0,0,0,9.600000000000023,52002
L,298.4,308.1,1491,50,156,0,0,0,0,0,0,9.700000000000045,74550
H,298.4,308.1,1891,24.7,158,0,0,0,0,0,0,9.700000000000045,46707.7
H,298.5,308.2,1563,44.6,163,0,0,0,0,0,0,9.699999999999989,69709.8
L,298.6,308.2,1390,51.4,168,0,0,0,0,0,0,9.599999999999966,71446
L,298.5,308.2,1444,40.5,170,0,0,0,0,0,0,9.699999999999989,58482
L,298.6,308.2,1361,68.2,172,1,0,0,1,1,0,9.599999999999966,92820.2
M,298.6,308.3,1589,34.1,174,0,0,0,0,0,0,9.699999999999989,54184.9
L,298.6,308.2,1705,26.3,177,0,0,0,0,0,0,9.599999999999966,44841.5
L,298.6,308.3,1422,40.4,179,0,0,0,0,0,0,9.699999999999989,57448.799999999996
H,298.6,308.3,1377,52.1,181,0,0,0,0,0,0,9.699999999999989,71741.7
L,298.5,308.3,1334,49.8,186,0,0,0,0,0,0,9.800000000000011,66433.2
L,298.6,308.4,1559,36.6,188,0,0,0,0,0,0,9.799999999999955,57059.4
L,298.7,308.5,1353,47,190,0,0,0,0,0,0,9.800000000000011,63591
M,298.7,308.4,1507,45.7,192,0,0,0,0,0,0,9.699999999999989,68869.90000000001
L,298.7,308.4,1694,28.7,195,0,0,0,0,0,0,9.699999999999989,48617.799999999996
H,298.7,308.4,1432,42.8,197,0,0,0,0,0,0,9.699999999999989,61289.6
H,298.7,308.5,1572,35.6,202,0,0,0,0,0,0,9.800000000000011,55963.200000000004
M,298.8,308.6,1507,42.3,207,0,0,0,0,0,0,9.800000000000011,63746.1
M,298.8,308.6,1500,37.1,210,0,0,0,0,0,0,9.800000000000011,55650
L,298.9,308.6,1771,24.1,213,0,0,0,0,0,0,9.700000000000045,42681.100000000006
M,298.8,308.5,1577,33.2,0,0,0,0,0,0,0,9.699999999999989,52356.4
L,298.8,308.5,1527,36.2,3,0,0,0,0,0,0,9.699999999999989,55277.4
M,298.9,308.4,1827,26.1,5,0,0,0,0,0,0,9.5,47684.700000000004
L,298.8,308.4,1484,39.2,8,0,0,0,0,0,0,9.599999999999966,58172.8
L,298.8,308.4,1401,47.3,10,0,0,0,0,0,0,9.599999999999966,66267.3
L,298.8,308.3,1634,27.9,12,0,0,0,0,0,0,9.5,45588.6
M,298.8,308.4,1604,29.5,14,0,0,0,0,0,0,9.599999999999966,47318
H,298.9,308.4,1632,31.8,17,0,0,0,0,0,0,9.5,51897.6
M,299,308.6,1645,33.4,22,0,0,0,0,0,0,9.600000000000023,54943
H,299,308.7,1408,48.5,25,0,0,0,0,0,0,9.699999999999989,68288
M,299,308.7,1500,40.2,30,0,0,0,0,0,0,9.699999999999989,60300.00000000001
